basepk;speechtext;speakername;year
89827;mani mile railway construct manitoba north west territori british columbia without provinci dominion govern aid money land grant guarante bond;Thomas Simpson Sproule;1903
89828;compani built number mile belong road minist financ w field mile manitoba none north west territori british yukon railway british columbia bedlington nelson british columbia british yukon british columbia eenora mount sickar british columbia new westminst southern british columbia red mountain;Mr. CHARLTON.;1903
89830;hypolit moreau junior st john ibervil recommend collector chambl canal st john ibervil salari hypolit moreau junior given secur govern natur;Mr. MORIN asked :;1903
89831;appoint made recommend minist railway canal toll abolish secur taken;The MINISTER OF FINANCE (Hon. W. S. Fielding).;1903
89833;person name loui trottier employ govern st john ibervil employ recommend employ new exist new reason creat salari said trottier;Mr. MORIN asked :;1903
89834;temporari excis offic recommend mr l p demer st john ibervil new increas excis work reliev offic paid rate per annum;The MINISTER OF INLAND REVENUE (Hon. M. E. Bernier).;1903
89837;mr speaker close remark last even finish review speech ex minist railway mr blair word add said connect thought posit gentleman thought oblig arriv conclus suffici reason cours taken coittrast declar speech made victoria last octob assert want transcontinent road want want penetr open new district countri north west fit settlement contrast statement yesterday want transcontinent road delay proceed construct road govern proceed indec reckless hast matter posit irreconcil irreconcil put mind stori read year great riot chicago unit state regiment regular engag winter campaign gener mile sioux indian way quarter east grant respit labour rag toil worn veteran drawn line person side walk said soldier nearest would shoot fellow would repli would unless captain told difficulti ex minist railway shoot captain told necessari disciplin armi necessari discipline1 parti individu men may strong individu opinion belong categori;John Charlton;1903
89838;hear hear;Some hon. MEMBERS;1903
89839;unreason individu suppos parti must accept opinion act upon highest degre injudici individu kick trace cannot govern parti destroy littl influenc might otherwis possess friend ex minist railway canal fear done said radic differ polici gentleman mr blair advoc govern road radic differ polici polici adopt govern road govern construct aid govern leas govern privat corpor road destin serv purpos arrang made road would serv govern road say radic differ proposit differ radic warrant gentleman resign posit minist railway go govern yesterday posit yesterday lack itj digniti ought pertain posit gentleman resign high patriot moral ground bitter attack convinc someth beneath beyond ostens reason assign leav cabinet;John Charlton;1903
89841;repeat said last night gentleman cours remark give clue feel regard matter clue action matter tell consult offici intercoloni railway consult govern forsooth premier countri advis proceed organ arrang polici gentleman consult approv imagin mr speaker gentleman resign arriv conclus would make captain shoot command shoot captain command;John Charlton;1903
89843;outcom captain shoot rebelli retir rank rank sorri whole incid sorri exminist mr blair thought individu opinion decid necessari govern accept opinion act upon govern fail would leav govern lurch well left govern lurch depriv gentleman sanction could place posit sir gentleman mr blair devot larg portion speech intercoloni railway said last night shall leav detail discuss matter gentlemen acquaint condit affair maritim provinc patent must patent person fair knowledg situa tion hou gentleman critic upon polici govern regard intercoloni take pain put possess fact lament ruin intercoloni lament polici attempt creat busi maritim port use second class road unnecessari mileag mile heavi grade know cannot fulfil condit must expect scheme govern made success tell grand trunk pacif grand trunk separ distinct corpor tell govern contract grand trunk year turn intercoloni montreal freight road bring montreal design point quebec intercoloni cannot depriv busi largest item busi possess made calcul grea access road busi moncton halifax st john straighten line reduc grade increas capac make first class shorter lead bring west larg amount grain shipment maritim port intercoloni must share benefit grand trunk pacif end moncton mile intercoloni road share busi come halifax mile moncton st john share busi gross busi intercoloni increas construct short line owe larg increas traffic quebec maritim provinc besid retent intercoloni trade mention pertain cannot taken _ dwell upon posit taken gentleman criticis statement said last night line argument present relat scheme grand trunk pacif propos enter upon briefli stage remark whether need transcontinent railway answer ex minist railway mr blair vancouv quot author accord need road need cannot proceed said occas men stand audienc would live see transcontinent line across contin doubt event construct road prematur must bear mind fact cannot get road take initi step toward get proceed sur mr charlton vey locat line proceed construct road mile air line done take sever year meantim popul pour north west new acreag brought cultiv prolif soil furnish larg harvest year aud time road complet cri necess undertaken construct none estim year day continu condit exist grain product canadian northwest increasc least threefold present mean transport prove utterli inadequ road call govern repeat act undu hast proceed ill matur scheme enter upon enterpris warrant enter upon contrari enter upon scheme call call point last night situat great wheat produc region concern situat unit state young countri differ unit state outlet mississippi gulf mexico navig river scatter along atlant coast hudson savannah river earli date canal construct albani lake eri tap water great lake countri abl get without railway countri inhabit railroad becom factor transport situat situat mississippi convey product western field sea eri canal natur outlet access navig river hudsoy bay rout would provid artifici mean whole countri north isotherm line make possibl produc cereal must depend railroad reason situat differ unit state provid north west mean commun essenti success prosper delay provid facili tie inadvis dismiss assert action govern proceed railway prematur without foundat betray lament ignor condit exist probabl want near futur govern proceed consider speech throne contain allus necess transcontinent line govern consid proprieti constitut transport commiss examin report tlie proper cours pursu becam evid time wait slow oper investig commiss becam evid time action could secur knowledg would place possess fact would warrant take action proceed done govern proceed consid sever proposit consid proposit build govern road consid awar reject proposit proposit friend ex minist railway canal pin faith proposit upon gone offic govern accept say govern reject proposit suppos may conced good suffici reason although enamour govern realiz make success govern road across contin requir total sever scheme polit done;John Charlton;1903
89844;ye;William Findlay Maclean;1903
89845;govern thought requir second place honesti construct;John Charlton;1903
89847;would requir possess expert knowledg supervis carri work gentleman hous possess requir third place honesti manag capac effici manag amount expert railway knowledg find among men public life doubt whether friend east ork would fill bill would requir man like sir thoma shaugh nessi mr hay salari per year manag scheme whether govern right wrong whether reason reject proposit sound reject;John Charlton;1903
89848;grow kind man;William Findlay Maclean;1903
89850;friend allow announc govern organ certain polici brought protest hous kept day day week week wait govern announc polici insist govern bring polici insist polici bring bring;Robert Laird Borden;1903
89851;govern posit circumst aris render unabl say would arriv decis announc intent bring railway polici may thought would abl announc earlier took time consid weigh condit conclud agreement grand trunk pacif railway agreement stand monument sagac brought polici celer despatch consid circumst attend upon case proper take care action part way hand polici recommend build govern road hand polici recommend assist construct road old fashion way grant subsidi polici govern better requir time care consider vast interest stake owe absenc due care thorough consider mistak becam develop futur adopt scheme recommend govern friend leader opposit would slow say act brought polici adopt polici primari consider govern view nation interest build nation road connect atlant pacif port would pass way canadian territori object kept view desir secur trade north west ocean port larg share trade possibl say rail rout abl compet water rout say unless made first class respect notic mail newspap editori contrast posit took transport speech made may last took posit water transport cheaper north west seaboard transport rail exist condit take posit day road quebec winnipeg road fifti feet sixti feet grade light rail inferior construct better;John Charlton;1903
89852;railway compet distanc race extent endors posit took speech may discuss water versu railway transport n exist condit said last night road winnipeg quebec serv purpos intend serv must ire first class road must half per cent grade tenth per cent grade come twenti feet mile laid pound rail bridg would carri heaviest roll stock use margin allow increas weight roll stock engin ton weight without tender car ton capac cargo road must toe built bridg capabl sustain weight car carri capac per cent greater requir correspond increas weight engin road kind consid prospect improv railway materi feel hope rout abl compet water rout constant regular increas effici railway transport introduct fish plate joint make continu rail introduct steel rail place iron rail increas weight rail increas firm road bed great increas weight haul capac engin increas carri capac car ton ton train run first class road capac haul ton cargo train without requir greater forc engin firemen brake men attach train requir year train carri ton progress improv goe effici railway increas kind road foreshadow kind road exist competit water transport belief compet water rout know road maximum grade feet mile run buffalo detroit provinc ontario limit size train road manag whether unwieldi manag like train mile haul upon road sixti seventi load freight cur utmost eas compar road engin struggl grade sixti seventi feet mile twelv fifteen car see differ first class road second class road aa e want road aa innipeg quebec first class construct equip road ordinari way busi carri train ton freight get kind road opinion transport wheat ayinnipeg quebec less cent per bushel rate day winnipeg port arthur canadian pacif railway cent per bushel rate given basi transport avinni peg lake transport line cheaper present transport water rail;John Charlton;1903
89853;rate avinni peg port arthur cent bushel cent hundr;William Forsythe McCreary;1903
89854;reduc rate speak sir thoma shaughnessi day told reduc rate cent per bushel kind road talk opinion carri grain winnipeg quebec competit water rail rout pass south point wish impress upon govern absolut necess secur construct road kind difficulti engin enhanc cost road permit construct road grade feet anil shall defeat purpos cannot desir road compet rout road kind speak probabl transport freight quebec say face argument use may last compar water rate rate exist road west east;John Charlton;1903
89855;bon gentleman mr charlton argument exact revers said;Thomas Simpson Sproule;1903
89856;evid deal new condit deal road differ class road entitl say result differ argument base upon old condit thing appli new condit;John Charlton;1903
89857;gentleman mr charlton estim cost road charact;Robert Laird Borden;1903
89858;come;John Charlton;1903
89859;thought gentleman mr charlton argu abstract carriag rail carriag water;Thomas Simpson Sproule;1903
89860;conduc think object debat allow proceed without interrupt get anyth touch upon shall happi deal air speaker evid govern comprehend magnitud issu issu great magnitud confront great one sinc canadian pacif railway debat govern comprehend magnitud issu done best may allow say friend opposit affect futur great countri million squar mile territori enorm resourc potenti splendid futur consid best mean subserv interest countri parti object rais mere purpos make parti capit get consider problem busi principl make mind basi evid arriv reason conclus probabl outcom polici govern view matter fold object confin attent first abject provid addit outlet grain northwest second object afford outlet grain north west way direct trade countri port object govern kept view discuss evolv consumm polici place countri could got great deal easier would troubl give outlet trade north west expenditur money ave allow road reach lake superior might grant littl aid purpos ave allow jim hill road american road come without let hindranc without bonu aid would furnish northwest outlet carri grain duluth minneapoli chicago american road ocean would good outlet mere interest farmer concern would serv nation purpos ould divert trade port would suicid polici govern avoid polici count million weigh fact settlement transport problem would taken owrn port great trade day trade much greater futur due weight given nation consider friend opposit belittl consider make effort throw odium upon govern polici show claim rout cannot accomplish think act patriot part matter wish mr speaker refer physic featur scheme design make quebec great seaport dominion first great physic featur scheme reach quebec direct rout winnipeg reach best harbour dominion best harbour drawback close portion year given busi port transact season open navig design carri trade winter port maritim provinc port halifax port st john propos give best condit attain secur object may cannot done intend attempt attempt use best mean power accomplish purpos first class road winnipeg quebec maritim provinc purpos secur trade north west port object view govern purpos intend attempt attain friend opposit side wish throw obstacl way purpos say regard patriot;John Charlton;1903
89861;sourc;William Humphrey Bennett;1903
89862;rememb mr speaker twenti year parti belong time occupi attitud friend opposit occupi day belittl extent cast aspers upon rais object magnifi obstacl way construct transcontinent line weil object taken gener trend polici advantag countri believ transcontinent line want got believ countri believ want go get gentlemen stand way consumm purpos find poor politician poorer statesmen next physic featur road shall refer fact open vast unsettl area ontario quebec colon road mile pass hinterland open open goe best rout direct line winnipeg quebec road pass;John Charlton;1903
89863;hinterland trunk branch run valley nottawa river presum hearer heard nottawa river stream size ottawa suppos extens fertil valley branch go harbour upon jame bay open vast section countri tributari road physic featur road connect extens temiskam road built ontario govern provid access ontario centr countri tributari grand trunk pacif line temiskam road serv line divert traffic port port quebec road run winnipeg west new countri vast unsettl region region suppos contain richest product land north west open region north saskatchewan dunvegan peac river thenc peac river valley peac river pass port sirfip son pacif ocean road cross rocki easi grade summit peac river pass altitud feet sea construct mountain section term found expens much difficult anticip western terminu place port terminu much nearer asiat port north china japan port pacif ocean length road greater vancouv distanc ocean port name much less rout import advantag overland orient trade line reach quebec easi grade direct line respect superior possibl rout west citi open great clay belt northern region clay belt suppos contain sixteen acr arabl land lie unoccupi possibl occupi mean commun outer world open clay belt open timber resourc agricultur resourc miner resourc great stretch countri mile length quebec winnipeg regard rout road proposit proposit carri road north lake winnipeg rout would adopt tran line good friend mine hous esteem thought line ought adopt mile shorter differ euc iu distanc would strong argument favour adopt nearest rout find distanc cours approxim calcul map convert geograph mile statut mile made allow deviat direct line estim length distanc obtain follow winnipeg rout quebec winnipeg mile port simpson mile total mile nelson rout quebec river statut mile nelson river port simpson statut mile total quebec port simpson mile differ distanc favour northern rout north lake winnipeg mile surpris result line furthest point diverg half degre come lay sketch ascertain differ length hy pothenus base perpendicular triangl less would suppos instanc lay line perpendicular mile base mile hypo thenus fourtli length perpendicular line show calcul correct reason winnipeg rout prefer reason govern would chosen shorter line though advantag gain mile nelson rout less agricultur land upon distanc greater quebec river nelson quebec winnipeg mile unproduct countri extend nelson river west long distanc winnipeg product countri extend least peac river pass reason put road upon line reason road touch point busi north west converg great entrepot vast countri west north west day continu road reach point posit compet busi furnish ail road ramifi north west direct gone nelson rout would reach none could compet none busi reason choic line way winnipeg judici choic wish next dealt physic aspect road call attent busi prospect dealt nation necess nation standpoint great transcontinent road upon soil assert ex minist railway canal other leav view case road noth commend commerci standpoint sir busi prospect road furnish outlet north saskatchewan valley enorm extent countri fertil rich region canadian north west furnish outlet athabasca valley mean navig river bring produc point road cross river point furnish outlet peac river valley region peopl near futur million peopl region heart product region canadian northwest region furnish untold amount busi busi line incap perform build road exminist railway canal said vancouv new wilder countri act statesmanship good polici open region settlement road built fort dunvegan peac river natur corollari extend line point dawson citi yukon line would thousand mile measur exact distanc may someth less would cross hay river would follow liard river travers fertil region mile length road dawson would pass countri incap settlement cultiv road dawson would done bond privileg skagway white pass would done troubl alaskan boundari reach yukon pacif concern would reach direct rout heart region would entir trade could afford place littl store upon alaskan boundari point reach road open addit region name northern british columbia recent discoveri made upon skeena river enorm deposit coal hundr million ton coal superior qualiti scratch surfac countri learn enorm resourc countri rich miner rich coal rich iron rich preciou metal await develop penetr railway blossom commerci life road build great citi port simpson citi command enorm trade orient citi command panama canal complet enorm trade europ grain grain peac river valley panama canal construct taken simpson road ship liverpool simpson ship rate set rest transport rich countri afford cheaper rate obtain afford outlet grain trade flour trade sure develop great western countri china japan road great lumber trade item busi prospect lumber trade forest bi itislx columbia prairi west lumber trade forest hinterland ontario quebec travers length mile road wherev road cross stream tree stand upon stream line railway tributari railway lumber section countri point last night ted prairi lumber transport vancouv mountain rang climb offer grade feet feet mile road complet call upon human probabl handl inillion bushel grain line west winnipeg said exclus outlet clay belt branch nottawa river good harbour jame bay command busi great mare clausum hudson bay thousand squar mile larger german ocean sea untold resourc fish enorm resourc miner upon shore near shore philadelphia compani locat iron mine last year would counsel minist interior mr sifton look see peopl obtain valuabl properti mere fraction valu road would command busi great inland sea valuabl fisheri would command trade miner tributari nottawa branch bring quebec sure interest mr speaker palmi day seat empix e adventur explor reach west plant fortif militari trade post rear english colonist fort duquesn near pittsbui g fort ivaskaskia opposit st loui mackinaw variou point countri project empir tributari franc struggl plain abraham dream empir shatter road qxiebec reach futur reach commerc vast region untold mr charlton resourc command trade sea becom queenli citi project straighten intercoloni railway dwelt upon subject necessari step taken furnish maritim port winter shipment grain point last night vast expenditur undertaken princip american line better road reduct grade improv align lay heavier rail give equip vast expenditur necessari road could perform function design desii ed without expenditur road made expenditur rival road follow suit result capac road quadrupl expenditur money made way mention necess rest upon regard intercoloni railway built upon wrong rout first class matter grade straighten road impi ovement grade increas effici render possibl give maritim port trade without improv tin line could secur seek divert trade maritim provinc must beat tool best applianc cannot antiqu system inferior second class road road develop extens valuabl section countri quebec new brunswick consider consider mean impoi tanc remov dread abrog bond privileg ex minist railway canal scout idea danger thing done told american dream adopt cours would result disadvantag wotild think depriv trade flow seaport know american threaten presid power place hand year proclam without refer congress without govern anyth except suprem matter danger posit friction relat unit state pleasant agreeabl nre spoil child stand spoil right day may come sir friction may exist trade relat got readjust must unit state fairer trade condit must appli unit state treatment appli get fairer trade condit right littl danger tlie abrog bond privileg enter line polici would guarante would friction would guarant tee would talk abrog american call privileg would surpris abrog event self respect care interest respect stand countri demand dot place posit calam cannot visit head duti construct grand trunk pacif line lion member hear hear;John Charlton;1903
89864;wish speaker enter upon consider financi basi scheme govern construct moncton winnipeg moncton cliaudi junction accord best data obtain would distanc new line mile present line mile save distanc would mile estim made save distanc mile take estim mile save moder reason chan winnipeg distanc air line mile add air line distanc deviat slight deviat go north lake nipigon forth increas per cent believ suffici would make line quebec moncton mile line moncton winnipeg mile approxim estim arriv care measur map ascertain number geograph mile turn statut mile take mile feet make width degre geograph mile cost mile must bear mind cost includ equip estim cost mile mile think estim high presum high section road moncton cliaudier junction believ high stretch road level countri way quebec winnipeg allow mile cost road mile length total guarante mountain section pay interest upon upon line moncton winnipeg guarante mountain section per mile guarante fourth cost line believ high believ line cost mile peac river pass point fort simpson estim length mountain section mile would guarante total cost road guarante mountain section rest upon basi cost road payment interest year concern would amount pay upon sum per cent interest year would amount doubt calcul right friend premier much nearer correct believ allow sum excess would actual cost mountain section apd actual cost stretch mile quebec winnipeg basi estim pay equival bonu repres ex minist railway canal doubt repres total cost eastern section repres actual increas debt burden countri assum measur amount burden noth kind payment leas road respons compani leas road guarante condit advantag leas road revers titl ownership year leas road upon condit pay interest sum year year hold ampl secur hold roll stock hold western divis invest road addit guarante hold assert addit debt increas burden rest upon countri absurd honest truth honest present case witii regard western divis winnipeg port simpson mile air line estim increas length per cent littl make line statut mile mile govern guarante mountain section assum mountain section exceed mile length believ road cost mile judg charact countri guarante mile amount remain mile upon guarante mile ex minist railway canal assum road would cost sum guarante repres estim road cost mile prairi section govern guarante upon mile mountain section cost per mile govern guarante portion per mile amount guarante mountain section prairi section total govern guarante appli tlie entir line winnipeg port simpson estim cost correct compani expenditur portion road addit put wortli roll stock expenditur grand trunk pacif fourth cost roll stock addit guarante govern repres valu hold absolut secur guarante anyth reckless prodig unbusinesslik arrang consid agreement analyz condit better satisfi bargain would suggest friend opposit make care studi see bring conclus grand trunk pacif leas road moncton winnipeg fifti year provid equip eastern divis valu hold road equip better compani may place upon secur leas expir fifti year road come mr speaker bargain could made prospect carri way compani one made privat compani could take agreement stand day financ undertak privat compani could rais second mortgag bond balanc cost prairi section amount guarante govern privat compani could provid road roll stock requir credit grand trunk compani stand behind grand trunk pacif consumm bargain ill could done way entir strength resourc charact grand trunk compani behind grand trunk pacif unit fortun concurr circumst rare opportun govern lyisdom seiz upon seiz upon secur construct transcontinent line upon term say least favour grand trunk compani greater resourc applianc compani greater compani america grand trunk compani associ new compani partnership interest success carri success conclus said road revert govern expir fifti year worth mani peopl fifti year mr charlton amount busi done road drawn provis regard better find keep road certain standard govern right compel compani keep road highest standard exist time improv made railway road must made correspond charact improv keep road absolut condit contract road revert govern expir fifti year extravag calcul suppos worth origin cost govern someth marvel increas valu railroad take new york central fell hand corneliu vanderbilt year road stock water water water dollar stock day repres cost cent great volum water stock goe pay dividend per cent per annum due increas valu increas busi condit appli princip railroad appli road road increas valu think moder calcul suppos road time revert govern worth origin cost agreement provid govern choos assum road run grand trunk pacif compani shall right leas offer good condit govern secur suppos road leas second time per cent origin cost road worth cost unreason suppos road becom great sourc revenu govern moder calcul suppos govern continu carri bond per cent compani second leas pay least per cent origin cost know arrang rush scheme govern construct railroad event arrang en gble govern establish effici railroad ocean ocean leav road absolut control govern essenti respect wish refer matter manag practic basi scheme canadian pacif railway distanc montreal winnipeg mile length grand trunk pacif quebec winnipeg calcul correct mile mile quebec winnipeg distanc cana dian pacif railway montreal winnipeg doubt survey made differ much favour canadian pacif railway length entir road greater canadian pacif railway increas length eleven mile west winnipeg consider matter mile develop rich countri afford busi line govern retain run power road right give run power entir line line winnipeg moncton line winnipeg port simpson bute inlet may terminu eastern divis winnipeg made great arteri outlet west connect road come west winnipeg carri grain cheapli quebec carri boston portland divert quebec maritim port traffic handl wisdom govern retain right make provis joint usd joint run power right secur reason term compani answer beyond critic made friend ex minist railway canal regard matter betray utter ignor part condit surround said last night gaug road unit state made uniform purpos exchang freight avoid break bulk road connect bulk broken car go bill destin dozen road arrang made divis freight basi mileag railway return car borrow must pay certain rate per day use car whole busi systemat special arrang road run car troubl ascertain pay traffic exchang flux flow busi goe ocean ocean railway line recogn system northern central canadian pacif railway line wish send car quebec haul grand trunk pacif railway simplest thing world make divis freight disagr govern step arbitr decid disput fair equit basi read desir make use line ns part line difficulti know practic pass road week use line distanc mile divis st thoma detroit mile divis st thoma buffalo mile bach line use road roundhous applianc engin run train friction system train despatch arrang easiest manner passeng train take preced freight train stock freight take preced ordinari freight whole busi conduct utmost sy tern work utmost regular without friction run road divis run road dozen divis system appli mani run pullman car passeng car reduc system road pullman start new york boston goe san francisco make differ whether goe road dozen system adjust satisfact road everyth goe system introduc absurd say cannot assur case unit state matter subject mutual arrang road may defeat work system grasp exact umpir govern compel faith equit carri provis laid section compani assur good faith deposit sum govern money remain hand govern compani fulfil oblig compani within complet work govern may allow compani use deposit complet work govern hold hard cash convert secur addit condit govern control rate road right audit account time time may send account see whether account compani kept whether stuf account pay roll ascertain road earn dividend whether rate reduc without injustic compani contrast canadian pacif railway cannot dividend per cent compani liabl taxat canadian pacif railway compani land grant cash subsidi unless call tlie year interest guarante cost mountain section subsidi contrast first propos grand trunk pacif railway compani came govern proposit build line north bay want subsidi acr land mile equival valu least contrast present bargain demand believ govern press grand trunk railway last point believ mr hay readi throw spong singl concess demand think posit know govern got last concess possibl manag grand trunk pacif railway got good bargain futur prove whether admit give great credit govern refus land grant greater credit made uniform polici govern deserv countri greater degre respect contrast polici late govern govern made land grant railway amount acr empir thrown threw heritag appar idea ultim valu land gave land would stone brook amount acr earn pass hand countri messr mackenzi mann abl make sale land understand;John Charlton;1903
89865;includ yukon river railway;John Graham Haggart;1903
89866;railway south yrukon iron friend opposit may claim credit extract polici wast trust liber govern add brillianc record respect continu enforc old principl advoc opposit land settler settler land regard subsidi know would take posit taken mani person ontario subsidi grant proper thing railroad may subsid construct secur could railroad would great benefit countri regard system subsid railroad govern adopt principl redound credit adopt principl railroad subsid must carri mail free believ;John Charlton;1903
89867;must provid mail car mail clerk postmast gener correct wrong must carri militari forc free fact must perform govern servic free extent per cent interest upon amount subsidi grant condit provis believ subsidi grant within limit reason grant meritori enterpris moder amount may grant nowitlistand outcri rais;John Charlton;1903
89868;condit contract;Frederick Debartzch Monk;1903
89869;subsidi contract sir desir refer wise provis public interest contain agreement great care taken respect minist railway canal cart blanch construct transcontinent line would pleasant posit doubt public offici occupi construct eastern section joint supervis provid part compani part govern compani interest road construct cheapli possibl pay per cent interest cost joint supervis govern let contract construct line provis secur provis would unnecessari govern like economi construct utmost attain extent provis public interest standard road west winnipeg shall equal standard grand trunk toronto montreal higher standard road west possess;John Charlton;1903
89870;;An hon. MEMBER.;1903
89871;mackenzi mann road laid pound rail grand trunk toronto montreal laid pound rail section pound rail first class road best bridg low grade provis contract compli grand trunk build road west shall inferior grand trunk montreal toronto build road thirti forti per cent road western countri compar condit impos canadian pacif railway built compani oblig build road equal standard union pacif construct road rail laid cottonwood tie feet ballast frozen dirt winter grade high feet mile import condit contract provis section govern may improv eastern section road kept condit answer purpos govern condit secur trade maritim port quebec govern may step put road condit necessari purpos charg cost compani;John Charlton;1903
89872;;John Graham Haggart;1903
89873;interest;James Clancy;1903
89874;compani capit cost compani govern adopt provis regard eastern section stringent provis insur deterior line insur mainten standard effici rest road provis refer regard haul right made interest shipper west whole countri benefici transport interest govern mortgag cover road bed roll stock ampl secur advanc way guarante claus provid purchas canadian materi friend side may say amount anyth compani oblig purchas canadian materi unless get materi think claus secur import advantag time come come unless get advantag trade condit unit state shall duti high assur purchas materi condit compani shall purchas materi prove great boon manufactur interest countri govern control rate allud provis continu effici oper road condit secur provis agreement say leas drawn govern shall plenari power power impos penalti event condit compli agreement provid rate export trade shall greater canadian port american port road must place canadian seaport basi regard advantag place seaport said last night compani could evad provis send agent west secur freight rout american port would violat claus provid shall discrimin part railway compani favour american rout con dition compani shall provid ampl ship accommod port simpson quebec halifax st john ocean port busi reach attempt made last night convey impress stock compani issu treat way manipul contract could put pocket confisc prefer stock ito secur roll stock road purpos devot common stock laid put upon market purpos construct elev ship facil end rout govern stipul shall furnish purpos contract ampl secur stipul agreement contain sum matter arrang secur transcontinent line grant land pay interest year cost eastern section upon guarante portion mountain section exceed expir fifti year valu properti enhanc come possess speak outlin arrang wish contrast bargain first bargain transcontinent road made countri think food reflect contrast wish disclaim reflect make upon manag canadian pacif railway admir courag grasp energi push character movement outset criticis canadian pacif railway syndic govern day letter lord mount stephen compliment thank speech made year attack polici govern show vast franchis canadian pacif railway compani obtain enorm bargain govern letter compliment tri act inform use promot credit compani say point reckless govern day disclaim intent cast reflect upon peopl took govern contract made syndic provid construct line calend port moodi line certain portion built govern ake superior section lake superior selkirk mile length western section port moodi kamloop canyon thompson fraser mile length total g43 mile govern build hand free cost charg syndic balanc road built syndic mile subsidi grant land gift complet railway syndic receiv applic construct mile road let see got got cash bonu got mile complet road cost survey round number got acr land worth least calcul acr cash subsidi therefor mile road amount mile subsidi gift govern mile cost amount mile subsidi acr land worth outcom prove amount mile syndic construct mile portion construct calend port moodi receiv cash road complet hand land estim worth acr total subsidi mile hope friend opposit side make note reason subsidi mile cash mile valu road govern built hand land worth acr mr mecreaiti tax v;John Charlton;1903
89875;come later;John Charlton;1903
89876;follow;Mahlon K. Cowan;1903
89877;compar scheme friend denounc day scheme cost interest lieu subsidi per mile entir line per mile mile contrast startl friend v view record rise hous condemn moder judici scheme conceiv interest peopl carri consumm slight cost let summari subsidi cash bonu canadian pacif railway mile cost road survey hand compani total valu acr land may say part land bought acr worth averag whole may comput least acr acr land acr would worth total subsidi applic mile built canadian pacif railway contrast scheme go;John Charlton;1903
89878;denounc extravag reckless aid grand trunk pacif way interest say balanc favour canadian pacif railway statement seem incred cold hard fact thought would remind friend done past incent denounc futur grant seventeenth much line mile canadian pacif railway receiv clock hous took recess hous resum clock;John Charlton;1903
89879;mr speaker hour recess complet compar statement aid grant govern canadian pacif railway compani scheme present consider given valu invest govern road hand compani amount cash bonu valu land grant acr may argu regard land grant valu creat construct road entitl count shape bonu regard aid render line leav asid may say connect least grant land bonu present scheme increas valu land consequ upon construct land ensur govern countri railway corpor shall enter condit contrast scheme relat govern posit respect case first one refer sir exempt canadian pacif railway taxat exempt contain section agreement compani follow canadian pacif railway station station ground workshop build yard properti roll stock appurten requir use construct work thereof capit stock compani shall free taxat dominion provinc hereaft establish municip corpor therein exempt cours perpetu need point condit appli grand trunk pacif railway scheme exempt properti case condit railway corpor may liabl author dominion provinc corpor liabl next provis would refer contrast condit exempt land grant nadian pacif railway taxat exempt contain section follow land compani northwest territori sold occupi shall free taxat twenti year grant thereof crown land grant year tax paid land exempt taxat next condit contrast would refer transport monopoli grant canadian pacif railway cover entir north west territori claus grant monopoli agreement contract follow year date hereof line railway shall author dominion parliament construct south cf canadian pacif railway point near canadian pacif railway except line shall run west westward south west within fifteen mile latitud establish new provinc north west territori provis shall made continu prohibit establish expir said period condit gave canadian pacif railway absolut monopoli transport entir north west territori line built south road within mile american boundari line connect american road possibl provis section canadian pacif railway provis agreement enjoy absolut transport monopoli north west contrast provis provis grand trunk pacif railway scheme find monopoli given special privileg given regard transport hut road enter full free competit line without intervent part govern aid way secur busi next point differ regard admiss materi construct road contain section act provis agre govern shall permit admiss free duti steel rail fish plate fasten spike bolt nut wire timber materi bridg use origin construct railway telegraph line connect therewith telegraph apparatu requir first equip telegraph line convey compani cost price interest ratl fasten bought sinc year materi construct possess purchas govern valuat rail fasten materi requir construct said lake superior western section tv sir exempt materi duti held appli materi use renew bridg year year canadian pacif railway construct grand trunk pacif privileg exempt payment duti must pay duti upon materi import contrast condit applic road canadian pacif railway requir put deposit way secur grand trunk pacif requir put deposit way secur time much requir canadian pacif railway canadian pacif railway could touch refer adjust handl freight rate pay dividend per cent interfer part govern could made affair compani pay al dividend per cent provid section act grand trunk pacif railway liabl intervent govern regul rate time pleasur upon judgment govern without refer maximum rate dividend may earn canadian pacif railway quarter cost rail import advanc govern provis contain subsect c section act follow time compani shall caus deliv near line said railway place satisfactori govern steel rail fasten use construct railway advanc requir construct govern requisit compani shall upon term condit shall determin govern advanc thereon fourth valu thereof place deliveri condit refer grand trunk pacif condit peculiar applic canadian pacif railway exempt taxat monopoli transport exempt duti advanc cost rail special condit grant compani addit enorm subvent refer peculiar case applic eas grand trunk pacif contrast condit two_ road govern paid money hand road cost given acr land purpos aid construct mile road control govern ceas road may time pass beyond tbe control govern altogeth may pass hand foreign owner may gather morgan syndic noth ensur countri possess road canadian highway may secur foreign compani time guarante prevent consumm case grand trunk pacif control govern grand trunk pacif continu grand trunk pacif bound remain canadian road made anyth els must continu canadian control ensur control transcontinent line least line control pass possess canadian pacif railway gave run right anybodi portion line grand trunk pacif railway must share line ocean ocean dictat govern direct govern line repeat odium attach canadian pacif railway offici made best bargain govern could made good bargain display astut creat properti enorm valu grandest railway specul enter brilliant success ln_ railway histori world canadian pacif railway magnat may term canadian pacif railway manag blame odium attach govern grant condit fail safeguard tbe interest peopl grant cours time canadian pacif railway syndic bargain went condit differ day north west wilder success transcontinent road problemat useless suppos could secur term favour day countri known fact demonstr transcontinent line secur busi busi adequ payment dividend upon cost construct evid time maintain opposit term given canadian pacif railway extravag point build road canadian pacif railway hand point fact might build road sell necessari mackenzi scheme build road lake superior selkirk red river;John Charlton;1903
89880;road complet contract made proceed extend road yellow head pass mile construct build branch line selkirk pembina connect american line held discuss term contract mackenzi road push yellow head pass would posit secur construct entir line abl pass compani bonu portion road construct doubt could done done cost countri would third prove scheme adopt conserv govern contrast polici govern refer transcontinent line contrast differ exist subvent grant case case count land less market valu day case round number excess favour promot canadian pacif railway necessari grant condit canadian pacif railway necessari reason receiv better offer receiv offer time contract consider build road acr land less less subsidi road standard union pacif exist standard union pacif first construct differ great offer ask exempt taxat offer ask exempt duti materi offer left road subject govern control rate offer left road subject purchas govern condit favour govern condit second offer made countri first offer;John Charlton;1903
89881;bluff offer made gentleman friend last moment;James Clancy;1903
89882;bogu offer bogu syndic accompani cash deposit;John Charlton;1903
89884;requir canadian pacif railway best way demonstr bogu offer accept swipe money bogu;John Charlton;1903
89886;made offer w p howland toronto r memast toronto h h cook toronto;John Charlton;1903
89888;gentleman wealth enterpris;John Charlton;1903
89889;liber;An hon. MEMBER.;1903
89890;ye thank say jame mclaren ottawa millionair william heudri hamilton john stuart hamilton john walker london macfi london k chisholm brampton john proctor hamilton p stevenson montreal wood hamilton w ross winnipeg georg cox peterborough;John Charlton;1903
89891;hear hear;Some hon. MEMBERS;1903
89892;gentleman wealth gentleman abl sub vent undertak extent hundr thousand dollar moment p howland toronto p st catharin allan gil mour ottawa millionair lumberman john carruth kingston w lovitt yarmouth alexand gibson fredericton millionair lumberman new brunswick barnet mckay renfrew least name upon list gentlemen millionair list name ould furnish secur money necessari carri project aid ask govern evid good faith put bank ottawa bank commerc bank put money evid good faith put amount requir govern canadian pacif railway syndic gentlemen tell bogu offer way exoner odium ought attach refus offer except put threadbar plea;John Charlton;1903
89894;speaker charact second syndic would compar first syndic let see signer contract canadian pacif railway charl per;John Charlton;1903
89896;heavi millionair time suppos could pay debt know would georg stephen georg stephen man consider mean connect bank montreal duncan mcintyr millionair afterward millionair time j kennedi r b angu j j hill per georg stephen morton rose co kohn reinach co second offer made number gentlemen canadian first offer mr hill american;John Charlton;1903
89897;canadian;David Henderson;1903
89898;live st paul morton rose co english banker kohn reinach pari banker second offer sign men greater weight men greater respons men canadian addit thing enumer offer would put road canadian control state director british subject provid secur countri respect regard manag road offer million million dollar better offer first syndic stipul exempt taxat would confer enorm advantag settler west respect offer would countri interest accept would left compani supervis matter rate beyond control case canadian pacif railway enough mr speaker comparison serv prove superior grand trunk pacif scheme scheme put peopl countri place superior strike light sir critic upon oblig incur arrang friend first place rememb money expend road leas respons compani rate interest carri cost construct addit proper sens oblig bear mind guarante bond mountain section western divis cost divis winnipeg moncton speak increas debt first place oblig respons compani pay interest end fifti year properti revert properti valu cost road oblig road repres gentlemen bear mind second place countri great expans interest properti popul resourc tax pay power near futur provid present futur enter upon oblig culmin year road oblig creat great ly need point fact necessari period fifti year termin may reason expect popul increas rate per cent decad increas rate per cent decad see reason popul increas rate per cent decad first decad unit state popul increas rate less per cent year addit popul small amount period decad shall natur increas vigor popul addit enorm immigr british isl scandinavia part europ greater immigr middl western portion unit state build futur look time resourc popul countri time present moment may expect increas agricultur product year area wheat amount acr manitoba acr territori expect reap land crop bushel wheat land moder calcul acr wheat land west lake superior produc bushel year acr land mani million bushel like produc countri popul greater part soil brought cultiv increas cultiv area sixti seventi acr let gentlemen sit figur confront great chang condit great expans busi cannot realiz great expans make provis moder manner undu hast said countri depend railway commun natur outlet sea product vast region acr wheat land must provid transport rail go keep process must provid fast think ex minist bailway canal said men audienc address vancouv would live see transcontinent line whether railway pay rememb debat canadian pacif railway scheme consider grave doubt express whether would canadian pacif railway compani made annual statement short time ago total earn last year expens net earn declar dividend per cent rememb year stock worth day yesterday per cent dividend declar stock worth period bottom knock stock best pay stock lower point mani year;John Charlton;1903
89899;sold;Charles Smith Hyman;1903
89900;think cent dollar sold par judg transcontinent line assur success secur trade north west port secur railway made first class road tenth per cent grade heavi rail perfect construct abl compet water rout bring grain shipment europ seaport dot contrast polici govern relat first transcontinent line relat transcontinent line consider mark strike see man dispassion judgment ean fail approv scheme consider scheme mr speaker notwithstand may said regard matur bear intern evid fact let ablest lawyer countri scrutin agreement seek pick flaw infinitesim charact find interest govern safeguard perfect complet manner surpris great railway corpor resourc grand trunk possess consent bound manner stipul agreement contend contract interest peopl conteud contract reflect great credit gentlemen whoever matur perfect told wait survey hurri known road go forth sir survey knowledg countri gener sens know gener way charact railway construct time lose go;John Charlton;1903
89901;go survey doubt perfect arrang might abl make twelv month ave got arrang great compani might see matter differ tight might posit take hold contract enter stipul done good thing take time tide wait man neglect take flood tide lead fortun opportun may present like irishman land america saw dollar ground pass scorn go section countri money grew bush think perfect contract reflect great credit right hou friend premier dominion may claim apprehend scheme apprehend may claim credit larg extent consumm bargain grand trunk pacif railway case believ monument public man might desir memori pass stage action right gentleman consid suggest variou scheme present consid think may say meet variou present variou scheme opinion left present satisfi right will accept opinion believ case instanc except case friend ex minist railway right gentleman shown throughout firm belief nation road paramount consider road would serv nation purpos would give outlet canadian soil canadian port canadian product west remain seen whether road predict construct first class manner respect believ govern grand trunk pacif railway face altern construct accomplish expect believ see built way capabl produc result hope doubt mani gentlemen would throw cold water aspir reason compar men late dewitt clinton promot construct eri canal revolution commerci histori new york made citi great seaport ridicul assail lampoon critic clinton ditch albani buffalo sir clinton ditch nation maker affect destini great peopl west laurier road great district countri aar incur cours heavi oblig moder view realiz expenditur abstract heavi oblig becom respons larg sum money asset repres someth asset great increas valu transcontinent road money expend judici invest first year bear upon resourc countri futur justifi expenditur aar past underr potenti sourc power aa e fail realiz resourc creation great nation fail realiz room soil produc food peopl ave allow rise level destini await possibl within grasp today concept futur ceas dream hazi indistinct fantast condit confront outcom measur determin condit extent arabl land miner resourc certain influx popul condit measur understand aa e know judici expenditur born futur gener fail work call perform futur blame neglect grasp great possibl immens countri circumst rosi futur expand look vista see within centuri fifti govern futur expand haggl penni wise pound foolish manner stand criticis polici propos give countri great nation road ocean ocean road pass direct rout quebec west road pass mile rich undevelop territori branch line extend yukon variou direct develop vast countri shall consciou shall realiz futur reach hand grasp destini carri sound polici submit;John Charlton;1903
89902;friend taken seat introduc time ago resolut object diminish length speech abolish discurs speech import subject pleas time attitud taken friend expect practic preach hear friend night yesterday whole morn part afternoon come conclus upon subject upon mani other strong may opinion friend liabl chang part feel impel offer observ upon import matter come jne older provinc interest foundat great commonwealth futur problem transport settlement immens region sir put effect measur involv countri involv older provinc larg expenditur hous deni subject present consider except circumst circumst embarrass criticis think may say without preced parliament pronounc upon merit great railway scheme report util avail scheme meet problem torment problem transport settlement induc believ fact told import subject transport would refer special commiss commiss creat report great part railway project intend serv object settlement believ concept right friend idea express bill place hous side side transport place settlement regard vast region settlement call upon spend larg amount money inform whatev posit natur locat line singl hous prime minist humbl tell degre certainti line railway go pass survey line shall advert moment discuss friend north norfolk mr charlton carri hour upon determin similar problem made quarter centuri ago may say govern time enter upon execut project caus survey made member hous respect place disadvantag posit;Frederick Debartzch Monk;1903
89903;place day estim cost great construct may account certain extent fact spoken upon subject care may devot calcul given figur approach amount expenditur say circumst refer disadvantag enumer unfair govern hous pronounc upon merit scheme brought end long protract session sir redeem featur countri rate member opposit attach consider import circumst govern charg railway matter confid advis project last sit hous greatest cogenc admit forc argument friend north norfolk way met condemn scheme entireti object rais ex minist railway canal mr blair obviou elementari sure may say object present mind upon examin contract measur laid hous hollow cri danger bond right erron right prime minist estim expenditur duplic intercoloni immens cost uncertain cost govern section hand road built complet privat compani let say provinc quebec impot road agenc settlement countri object present heard abl argument ex minist railway canal heard gentleman hous coincid observ made right prime minist late sir john macdonald consent carri short line montreal st john state main listen advic minist railway canal anybodi say concept scheme complet detail right gentleman rt sir wilfrid aurier would done taken advic minist railway canal natur advis matter kind sir seem au admit fact chief characterist project submit right gentleman declar time deliber ex minist railway canal confid hous fact scheme born week open present session objection featur ad present session day introduct measur hous necessari go order satisfi project mark hast hast great reason project condemn circumst ex minist railway canal made exposg made last night object common mani member hous entertain project member think fair govern repli vigor invect gentleman set possibl strong object urg scheme gentlemen put answer weak seen morn afternoon object ex minist railway canal gentleman sir fifti year henc heard countri reason lofti exampl set public life countri sir incred heard afternoon norfolk enter elabor argument show possibl superior railway carriag grain water carriag face recent utter allow quot languag use gentleman upon import told day data necessari purpos decid mr speaker ago gentleman state exact contrari proposit use word whether build st lawrenc canal mistak whether heavi ex penditur port colborn necessari think gone direot reliabl data effect improv railway reduct cost transport railway unit state point statement gentleman regard incompar superior water born traflic regard cheap freight compar railway traffic gentleman state trade seek water great chain lake season navig trade carri lake superior improv made construct lake vessel deepen channel head lake superior buffalo enabl forward secur shipment wheat duluth port arthur buffalo low rate compar rate preval year cent auarter cent half per bushel transport wheat duluth port arthur and1 put elev buffalo gentleman ad possibl carri wheat port arthur new york cent bushel cent bushel condit render opinion imposs present compet rout uselesss think haul wheat point west port arthur rail rout quebec halifax price quot regard american line given seaport connect form railway quebec countri railway quebec winter commun halifax st john attempt addit afford facil best facil given road low grade great capac haul heavi load load haul new york central lake shore ton train dot forc trade road make mistak allow trade find natur outlet must make care make provis secur trade seaport circumst possibl regard natur facil natur advantag conclus arriv believ condit day decid improv ottawa river valley rout decid proper condit upon proceed reason think appoint commiss take whole consider highest degre desir desir necessari confront condit requir care consider call upon inaugur polici proceed direct purpos afford great north west transport facil beyond thing necessari make fals step proceed upon fals hypothesi basi reason wise thing appoint commiss compos men capabl examin arriv correct conclus doubt commission gentleman cannot expert scientif manner must reli upon servic men charact appoint upon commiss let wait decis men proper cours pursu contradict friend hold strong opinion say subject gentleman told scheme brought notic parliament entertain strong opinion opinion upon would congratul opinion conson modern idea twentieth centuri entertain strong opinion govern ownership opinion strong contradict explan given hous mr speaker let hope mani matter friend chang opinion repres provinc quebec prepar congratul great chang opinion undergon within last year regard present futur great provinc member hous awar year ago friend urg public speech necess place garrison citi quebec order prevent peopl provinc rush rebellion day pleasant hear gentleman take warm interest provinc prais done day charact loyalti mani laudabl qualiti peopl provinc;Frederick Debartzch Monk;1903
89904;give wheat garrison;John Charlton;1903
89905;reduct rate assum true wish hear govern reason appli prairi section line principl appli eastern section wish know construct line confid construct privat compani;Frederick Debartzch Monk;1903
89907;prairi section go pay concern regul rate best portion transcontinent line build must evid hous must evid novic railway matter wish control rate wish resist overpow influenc great corpor exminist railway canal describ way usi step suppli railway upon establish rate benefici peopl north west territori experi north west branch line construct absorb main line experi mani countri construct number railway tend reduc rate new railway facilit settlement open countri come freight rate rival line bind imposs obtain reduct rate desir except govern interven object benefit peopl fix rate control rate charg exist line territori view larg extent line govern undertak build grave doubt pay charact line would govern undertaken build whole railway afford peopl north west undoubt benefit low freight rate would confer upon let call attent hous fact theori gain american republ time arriv govern ceas give aid railway constitut great major state provis grant state aid railway great reason exist present case govern interven refrain aid railway shape form north norfolk mr charlton laid great stress upon advantag rail rout carri grain inform vast bulk grain north west carri countri season navig axiom tran mr monk portat grain carri water cheaper rate carri railway known fact day grain carri western part lake superior depot harbour midland fact eastern side great lake distanc mile li cent inform cent bushel wherea cost carri grain winnipeg shore lake superior distanc mile amount cent per hundr weight although believ reduc cent octob next arrang made roblin govern time cost per bushel waterway bulk grain carri season navig rate seem imposs railway construct favour circumst rival navig rout result state thing find per cent grain come north west carri rail matter fact whole grain avail water rout therefor evid govern hasti cours pursu connect scheme fail consid immens import natur rout convey grain moment reach shore lake superior ocean port within territori whenc may ship inform last year amount grain receiv water citi buffalo citi chicago distanc could cover rail exceed bushel proof proof requir navig method carri grain long period futur superior rail carri method circumst spent larg sum spent improv water rout lake st lawrenc citi montreal spent million construct canal great unsolv hope abandon canal along ottawa river canal known georgian bay canal seem govern hasti arriv conclus involv scheme propos right leader hous reflect larg amount spent intercoloni railway recollect attitud govern road extend levi montreal reason advanc time govern hope entertain countri step first toward carri larger scheme extend intercoloni railway shore great lake seem project launch upon great expenditur expenditur data command observ sens justifi let moment consid cost shall put carri railway mountain section connect worthi note state hous demand provinc british columbia construct transcontinent railway regard provinc fulfil pledg bound enter confeder heard hous demand provinc anyth way transcontinent railway heard mani demand railway within provinc know anyth condit affair know order util larg miner wealth provinc possess necessari build within limit provinc railway aid may expect govern take project think may assum connect mountain section shall oblig furnish full extent guarante contempl contract section cover distanc mile taken troubl refer abl report made sir sanford fleme find report refer length pass contempl grand trunk pacif railway cross enter provinc british columbia rocki mountain find sir sanford fleme estim cost construct line mile may assum present condit labour increas cost materi estim way reduc furnish guarante mile distanc mile amount aggreg interest upon sum per cent year time limit may expect pay interest amount year whole ten year extent liabil regard mountain section think hous come conclus time discuss advanc littl estim total amount cash payment govern make connect contract true mark thousand therefor amount pay connect regular mountain section section railway cri heard distant provinc british columbia leav section railway travers prairi rocki mountain come portion govern build find right friend given attract pictur region railway travers way winnipeg quebec get inform find proof region rich agricultur land miner resourc water power forest examin report sir sanford fleme find report anyth corrobor glow descript given right friend surveyor engin found settler grown veget found place rich agricultur soil found tree abund evid land adapt settlement climat condit justifi spend construct railway across countri noth region abl find justifi sens descript given right friend turn report may invit attent refer report survey explor northern ontario year although flatter gener sum report surveyor deput ontario govern visit region north lake superior imposs go report come conclus greatest doubt exist util region place settlement justifi expenditur contempl desir belittl region would correspond region provinc suffici inform justifi say claim attent present lieu region know someth remark appli portion provinc intend travers railway interest movement progress provinc quebec sinc sever year exodu peopl provinc unit state diminish notic degre within past year group patriot men provinc quebec irrespect parti men privat interest serv object view keep popul within provinc work obtain moral assist help citizen provinc quebec men achiev found citi montreal great region;Frederick Debartzch Monk;1903
89910;friend know bridg quebec promis sever year sir charl tupper v;Rodolphe Lemieux;1903
89911;friend seem assum oppos bridg forget took differ posit vote money bridg quebec came glad see bridg;Frederick Debartzch Monk;1903
89912;thank;Rodolphe Lemieux;1903
89913;time think friend admit claim bridg montreal deni sure would favour project could get bridg;Frederick Debartzch Monk;1903
89914;would object armstrong scheme;Rodolphe Lemieux;1903
89915;bridg hope shall get sir opinion cross st lawrenc touch moncton section spend larg amount money upon bridg quebec item expenditur consid rash think say commun north south shore st lawrenc que bee tbe treasuri exagger glad admit part tbe transact carri regard bridg quebec oppos bridg glad see finish present moment finish cost good deal finish consid scheme kind though may neglect consider hundr thousand dollar cannot afford neglect consider million sir cross st lawrenc come moncton section part scheme treat ex minist railway canal therefor shall take much time let give hous distanc find expens section road govern contempl construct found distanc furnish men convers section countri railway men experi present said distanc l6vi moncton mile assert subject contradict member hous distanc l6vi edmundston via temiscouata district mile edmundston moncton via chipman less mile appar build branch portion line mile intercoloni whole mile build save mile project line friend distanc mile intercoloni present mile inform build call cut air line rivier du loup matapedia would save mile matapedia moncton line straight shorten good deal build rivier du loup via matapedia total distanc levi moncton cut mile distanc rivisr du loup matapedia mile exist line rivier du loup matapedia distanc cut mile pass countri desir settlement countri friend gasp6 mr lemieux obtain charter construct railway legislatur quebec last session ottawa necessari friend think line obtain charter quebec ottawa reach fertil region construct easi line cover distanc mile led conclus order save mile mean cut build railway mr monk go cost least mile hundr mile territori go incalcul injuri properti intercoloni railway may expenditur govern upon new line whether expenditur amount would better grant suffici sum improv grade construct road abl save mile time word expend construct line effect construct view may cannot caus injuri intercoloni railway;Frederick Debartzch Monk;1903
89916;friend misapprehens charter obtain railway counti gasp line charter obtain run causapsc gaspfi basin think refer charter obtain quebec legislatur last session line run fraservil paspebiac refer charter tell interest;Rodolphe Lemieux;1903
89917;say friend interest impress special charter given line run rivier du loup fraservil place cover countri admir countri settlement requir railway build cut mile distanc shorten mile left moncton build mile railway cost save mile road good road road levi matapedia moncton much improv road compar former day carri great load freight fail see justifi rush construct line inform locat survey estim safe say line cannot cost less per mile cross believ watersh great number hill rang mountain pass countri construct difficult fact expenditur possibl give line easi grade solid road bed intercoloni railway mile levi moncton cut rivi6r du loup promis short wish conform precept laid ill observ north norfolk wish say seem circumst immens expenditur seem expenditur eastern section road winnipeg quebec say like receiv interest upon amount borrow amount increas public debt although properti properti valu grave doubt owe amount think right bring attent hous countri enorm expenditur cannot refrain express regret sinc expenditur incur reserv unto ownership manag whole line atlant pacif idea friend east york mr maclean express hous gain ground extraordinari degre occupi public mind throughout world doubt mani year regret transact alien control transcontinent line least fifti year view regret part contract sir corpor soul road pass control compani capit countri english capit capit employ countri control american manag x make imput men lead manag grand trunk railway doubt grand trunk railway control corpor certain control line hand grand trunk railway manag american vast interest line unit state line unit state spent million improv termin portland would difficult peopl know someth compani believ readi abandon termin believ facil outlet find mean escap elast claus contract regard canadian commerc canadian port canadian highway circumst know limit experi command difficult control oper great railway corpor say matter regret control given grand trunk railway compani believ strong convict exist throughout countri rate provinc would done better determin take intercoloni railway bring cost less fifteen dollar shore lake superior improv waterway improv port im prove st lawrenc rout spend rest money claim go wast unknown countri spend region insuffici data;Frederick Debartzch Monk;1903
89918;mr speaker ground upon great project may oppos appear reason congratul friend mr monk discov submit parliament propos construct great transcontinent railway stretch ocean ocean british territori mile length portion line run prairi land manitoba north west countri nobodi question need railway prairi land fertil fruit recogn suppli traffic railway small part scheme line start heart settl district lower provinc leav citi moncton plung unsettl interior new brunswick thenc turn corner american territori pass settl land provinc quebec reach st lawrenc levi cross new bridg pass histor ancient capit thenc plung new undevelop territori west touch winnipeg plung new territori touch practic larg centr way strike new undevelop canadian land sir believ vast area canadian territori miser worthless god forsaken countri believ condit prevail mile across gentlemen opposit right oppos measur hand believ line open new district valuabl agricultur believ open valuabl tract timber valuabl day consid fast diminish forest area contin believ open rich miner district ontario quebec tbe mountain british columbia known teem miner wealth believ bring industri use vast water power dominion becom valuabl day scienc advanc believ throughout mile countri territori worth own must believ good scheme sir proud proclaim support;The MINISTER OF FINANCE (Hon. W. S. Fielding).;1903
89920;told gentlemen opposit approach project without inform ask survey let gentlemen dffi requir survey year conserv parti accept respons build canadian pacif railway make part treati british columbia inform concern propos day accept respons treati difficulti met case lack inform abund inform greatest difficulti gentlemen experi digest great mass matter bear found archiv public librari eastern part line survey mani year ago countri winnipeg quebec examin report upon larg extent compet explor prairi unknown land mountain pass british columbia examin charact known understood though may locateu line assist prime minist said mountain inform avail take troubl seek state inform subject unjustifi fact suppos sir part scheme oppos part railway propos shall run moncton quebec doubt western part dominion shall hear talk section time doubt eastern provinc shall hear great deal worthless countri ontario go build railway notwithstand speech honour friend ex minist railway canal think shall hear maritim provinc project railway moncton quebec expect time come meet oppon platform lower provinc shall hear great deal wild countri ontario squander money may friend east west give take matter believ case countri worthless repres countri worth own worth develop would think said moneton quelie section new unheard mad crazi scheme ask;The MINISTER OF FINANCE.;1903
89921;shall mad railway built water st lawrenc lower provinc part scheme concern line upon propos build road today main line examin report upon recommend surveyor intercoloni railway gentlemen opposit seem treat project day someth new unheard inform report sir sanford fleme made forti year ago told day road valu time sir sanford fleme point shortest line direct line freight obtain gulf st lawrenc lower provinc call frontier line run state main said next central line central line sir sanford fleme report line propos build railway sir sanford fleme word central rout would next frontier line best transport freight mean colon countri develop natur resourc would stand first posit;William Stevens Fielding;1903
89923;sir sanford fleme report settlement provinc follow navig water south bay fundi inlet east coast bay gulf st lawrenc west river st john extend extent navig extrem north westerli angl provinc consequ new brunswick may said popul along outskirt vast area interior unoccupi soil uncultiv hitherto inaccess condit affair larg extent prevail day although great mani year pass sinc report prepar lower part provinc eastern line stretch river st john across gulf small branch line great part interior provinc new brunswick describ sir sanford fleme report day inaccess open settlement reason lia settl use sir sanford fleme word soil much uncultiv hitherto inaccess;The MINISTER OF FINANCE.;1903
89924;mean soil inferior comparison;James Clancy;1903
89925;comparison;The MINISTER OF FINANCE.;1903
89926;gentleman read reason uncultiv inaccess cours mean cultiv land;James Clancy;1903
89927;speaker land fertil valuabl farmer equal land prairi million acr expect occupi settler million day occupi settler though may gentleman would call superior land quot sir sanford fleme report may say rout describ frontier rout near state main central rout subject present discuss rout along baie de chaleur afterward adopt intercoloni railway sir sanford fleme say central rout least popul accommod along line mirarmichi st lawrenc settlement consist famili tobiqu river open road east west counti restigouch valley st john would reach consider portion trade section brought within influenc railway line centr new brunswick would take suppli lumber trade would settl larg tract cultiv land district see consid cultiv railway situat would line commun similar effect trade progress new brunswick river st john addit advantag would open year half less time believ occupi settl improv land natur made access river would artifici mean commun result popul interior countri greater part length develop foster traffic exist view held sir sanford fleme year refer cri lia rais line object parallel intercoloni railway claim parallel intercoloni railway sake argument assum conclus argument construct refus parallel line countri grant parallel charter parallel subsidi session laid polici railway committe charter may grant parallel railway thirti mile railway parliament laid principl shall grant charter subsidi assist kind parallel line prepar grant parallel charter subsidi case case tlip intercoloni railway v reason treat intercoloni railway differ way railway respect told good thing parallel compani road bad thing parallel intercoloni railway told govern road must nurs protect give competit privat capit submit tell investor railway countri shall capit imperil charter subsidi railway shall take care road shall subject competit prepar take ground grant charter subsidi parallel line privat capit invest reason intercoloni railway happen govern road free competit road submit suppos built intercoloni railway around north shore favour report sir sanford fleme adopt intercoloni railway bad built central rout would posit day town north shore would consequ account access ocean without railway commun would flourish condit today prosper come reason railway commun enjoy would come peopl would settl along central rout countri would open develop manner suggest sir sanford fleme report peopl north shore come hous today ask govern grant subsidi govern construct mean give benefit railway commun would abl meet statement oh cannot give railway parallel intercoloni sure would bound extend section countri cours time benefit railway construct begin built intercoloni railway north shore gave peopl benefit railway construct time lia come whether parallel intercoloni railway want deal worst view case would justifi build railway unsettl countri describ report sir sanford fleme propos railway parallel intercoloni railway dealt right lion friend premier need dwell upon way express parallel intercoloni railway use would think road start common point end common point may said parallel though go around opposit side circl parallel intercoloni railway road leav l6vi way intercoloni railway jacqu cartier mr monk say get intercoloni railway fifti mile advis compet author place s8 mile intercoloni railway;The MINISTER OF FINANCE.;1903
89928;take larg share trade goe intercoloni railway quebec;Thomas Simpson Sproule;1903
89929;prepar say argument construct railway atlant railway line run montreal ottawa ask aid canadian pacif railway construct line citi consid whether road parallel canadian pacif railway line built compani proceed parallel line day railway ottawa montreal may includ road run prescott aid govern nobodi seem much aggriev parallel whether intercoloni railway parallel whether new road take traffic afford argument build new line open new section countri someth toward settl unoccupi land provinc new brunswick road start montreal quebec run point maritim provinc railway propos construct point regard case parallel happen intercoloni railway parallel sens construct short line canadian pacif railway toe gentleman stop see whether took traffic intercoloni railway count anyth parallel;The MINISTER OF FINANCE.;1903
89930;intercoloni railway competit intercoloni railway nobodi care anyth right intercoloni railway friend opposit prepar spend money build line line british territori phase scheme adopt conserv govern includ branch run harvey salisburi salisburi station moncton harvey salisburi line charact propos build dot differ start quebec go direct moncton start point line canadian pacif railway cross harvey salisburi serv purpos project road intend day give short line maritim provinc talk parallel intercoloni railway;William Stevens Fielding;1903
89931;trunk line;James Clancy;1903
89932;see make differ line go carri freight might taken freight intercoloni railway worri soul gentlemen sat behind govern day view case call har vey salisburi line deem much import maritim provinc believ justifi say put section scheme bill would carri parliament assur peopl familiar witli fact time believ would eastern part new brunswick provinc nova scotia side polit would vote scheme time assur line built mani case expect creat gentlemen opposit realiz harvey salisburi line built canadian pacif railway maritim provinc member began complain govern day faith kept misl humbug deceiv effort concili govern day brought bill construct harvey salisburi line ns govern work line reach point reach salisburi station short distanc moncton although start point object get short line moncton follow bill pass hous misfortun fail pass senat matter end good peopl maritim provinc humbug humbug put build line canadian pacif railway arrang afterward put special bill manag senat threw surpris day larg portion maritim provinc deep discont short line maritim provinc content short line run state main object line quarrel canadian pacif railway say would wise polici short line british territori govern parti intend give fail give short line british territori govern laps year undertaken provid part great nation scheme make amend wrong done maritim provinc manner describ judg said yesterday lion gentlemen repeat day mad scheme thought engin would contempl line sensibl person would dream shown recommend good line sir sanford fleme earli day govern sir john macdonald deem short line moncton import incorpor arrang canadian pacif railway afterward made object special bill whole histori matter negoti respect road govern arrang fell grand trunk railway came associ peopl connect temiscouata road ask subsidi build line edmundston temiscouata road place citi moncton told scheme mad one would imagin hear lion gentlemen opposit sane man would dream thing grand trunk railway manag sir joseph hickson believ much scheme enter negoti govern associ temiscouata railway compani construct rout propos day propos begin edmundston levi came sought subsidi inform reli sir john macdonald approv scheme will grant subsidi per mile compani build road reason believ statement found men promis made found disput say govern whole made promis final settlement influenc brought bear led scheme abandon abandon would parallel intercoloni railway bit abandon would parallel intercoloni railway would compet new canadian pacif railway short line govern day refus grant desir aid make accus govern day find fault canadian pacif railway compani built short line maritim provinc thought littl much met oppos line make allow stand taken canadian pacif railway mani thing pass sinc think canadian pacif railway reason day view scheme w itli disfavour anxieti begin enterpris exist reason suppos hostil scheme told mad scheme nobodi thought board trade citi quebec pass resolut favour scheme call upon govern aid board trade halifax pass resolut call govern support scheme public money board trade truro pass similar resolut peopl mad happen hand resolut board trade truro may quot sampl public opinion exist maritim provinc favour enterpris govern propos day februari board truro pass follow resolut;The MINISTER OF FINANCE.;1903
89933;day;Duncan Cameron Fraser;1903
89934;februari st valentin day pass valentin sent repres ottawa resolv truro board trade learn interest propos extens grand trunk railway system maritim provinc connect intercoloni railway near moncton give compet line west short line british territori herebi request dominion govern afford possibl aid promot success undertak resolv copi resolut forward dominion repres ottawa present govern g clish presid g hall secretari wonder friend colchest mr gourley stand sound loyal note come loyal town tlii loyal resolut pleasur know gentlemen desir say fair good staunch conserv town truro;The MINISTER OF FINANCE.;1903
89935;doubt add scheme outlin tori;Thomas Simpson Sproule;1903
89936;outlin govern sir john macdonald like mani outlin outlin fade time pass line obliter last scheme serv elect maritim provinc promis made realiz wish call attent mr speaker negoti refer thing seen negoti canadian pacif railway begin line includ line harvey salisburi near moncton bill carri hous build line harvey salisburi near moncton grand trunk scheme refer build edmundston moncton negoti moncton object point day object point lion gentlemen talk ns great object object build shortest direct line ocean friend ex minist railway canal mr blair ask yesterday govern go build eastern line build shortest line st john applaus side hous n number reason moncton right point reason want get shortest line water st lawrenc atlant ocean go st john shortest line friend charlott mr ganoiig endors shortest line water st lawrenc atlant port st andrew therefor idea must go st john shortest line entir delus know gentlemen influenc shortest line ocean import consider involv interest entitl receiv consider receiv consider make arrang variou reason go moncton first place centr maritim provinc near get actual centr popul east;The MINISTER OP FINANCE.;1903
89937;counti friend cumberland counti repres friend colchest reach centr would parallel intercoloni would actual parallel propos moncton conveni centr connect peopl maritim provinc import grain traffic recogn import object consid make nation transcontinent railway may believ bound believ peopl maritim provinc someth send west besid passeng traffic must consid think wise singl port give monopoli moncton conveni point port maritim provinc access conveni st john nearer st john halifax ocean port concern st john place least equal term say nearer moncton halifax must leav harbour argu respect merit moncton chosen central point maritim provinc harbour besid halifax st john entitl consider pleasur advantag hear discuss grand trunk bill railway committe rememb mi hay manag grand trunk railway ask use harbour maritim provinc said western countri develop present rate doubt time hand need harbour serv traffic come west build day build futur day sound polici part govern take object point point intercoloni railway heart maritim provinc give easi access st john hand halifax sydney louisburg oit line railway commun countri harbour w hich object point line railway charter whitehaven harbour lower provinc take place day promin eastern harbour polici govern select port select central point access may harbour lower provinc think friend st john reason regret sure st john profit construct line said nearer moncton halifax train come tlie west like want go st john go road would go intercoloni peopl st john shown great enterpris past invest money provid harbour facil canadian pacif railway rejoic know reap reward enterpris depend upon canadian pacif railway connect intercoloni know intercoloni connect present grand trunk connect great west therefor intercoloni posit deliv st john traffic western countri road built depend canadian pacif railway st john string bow pound traffic goe st john taken st john stand chanc get fair share new traffic creat road halifax peerless harbour advantag hitherto enjoy sir time come year decept humbug trickeri line maritim provinc faith kept peopl line run canadian territori ocean ocean given much regard histori past clock may time say word regard go present told mad scheme wild scheme nobodi would place faith busi man would believ bet read resolut pass day juli last relat scheme wherea object taken part grand trunk pacif railway scheme provid build road winnipeg moncton b board desir reaffirm previou declar append hereto scheme govern transcontinent transport adequ equit provinc dominion ensur carriag canadian product canadian port winter summer regard imper stringent guarante carri polici exact govern maintain construct road west quebec without ensur continu east canadian territori would unjust maritim provinc board opinion build shortest possibl line canadian territori quebec moncton n b would immens advantag maritim provinc rest would secur road larg share freight passeng busi present done unit state port sgd jamb hall vice presid charl creed secretari resolut pass day halifax board trade notic friend ex minist railway refer yesterday danger scheme dismantl intercoloni railway harm intercoloni railway word receiv wild applaus side hous pain suppos hear danger intercoloni railway starv interf friend ex minist must experienc new sensat receiv cheer side must rememb session session year year effort made benefit intercoloni railway effort govern author make support make build intercoloni railway oppos gentlemen opposit ex minist railway said better spend money equip harbour elev termin facil l applaus came side think sir could read mind ex minist railway moment would seen recollect fact govern made moder provis termin facil citi st john put modest elev st john modest elev halifax gentlemen opposit support ask give termin facil equip way elev declar money wast friend ex minist railway much disturb fear workshop moncton go suffer workmen go employ go money enough spent sir applaus came gentlemen ex minist must thought cheer provid money workshop long year govern pour money gentlemen said upbuild intercoloni railway noth flout jeer sneer men cheer yesterday sir assur ex minist railway need worri intercoloni railway safe hand friend present gov emin may heaven preserv time come depend upon tender merci gentlemen cheer yesterday year done everyth could tie hand prevent develop intercoloni railway clock hous took recess recess hous resum clock;William Stevens Fielding;1903
89942;mr speaker hous suspend sit clock make refer call moncton section propos road road moncton citi quebec endeavour point road would serv good purpos open countri develop desir necessari endeavour point particular difficulti way construct open countri capabl develop would time obtain shorter line provinc new brunswick disadvantag regard may agre say think better point moncton chosen object point central posit afford mean intercoloni railway easi access import harbour maritim provinc moncton eastern portion provinc new brunswick within short distanc speak nova scotia boundari point commun princ edward island princip channel commun mainland princ island pictou provinc nova scotia charlottetown point chene provinc new brunswick across suinmersid cross point chene summersid point near moncton travel go desir cross princ edward island would leav intercoloni railway point short distanc moncton locat mr field moncton central point point eastern portion new brunswick near nova scotia boundari close touch commun princ edward island way point serv purpos moncton seem fill bill place could name say connect agre said regard origin locat intercoloni railway spoken polit locat suppos term may use good sens sens reproach inclin think though high polit reason could urg favour locat hesit say day could line commun upper lower provinc prefer lino intercoloni railway around north could line line chosen commerci reason larger nation reason may say imperi reason select north shore rout intercoloni railway time confeder extent base upon nation reason extent base upon imperi reason deem desir line afford channel commun east west suffici distanc american boundari make sometim call militari line think reason whole countri sympath imperi reason connect financ owe splendid posit day credit high stand need look guarantor endors go transact posit good need seek imperi guarante attach much import condit day magnific prosper countri enjoy number year condit time union imperi guarante deem suffici import play import part transact deem desir imperi govern give guarante assist intercoloni railway go say would refus give guarante locat adopt much say govern determin locat road around north shore knew agreeabl imperi author imperi reason favour take posit could line maritim provinc line locat near north shore new brunswick join opinion think mistak made right lion friend leader govern rt sir wilfrid laurier refer moncton line dwelt time regard import featur connect bond privileg said line would make independ american neighbour view scof gentlemen point depend american neighbour access seaport intercoloni railway line get sea though may independ limit degre american friend think ought make plain determin independ part eloqu speech friend admir statement effect best possibl way live friendli term brother south determin independ true respect independ respect bond privileg awar told bond privileg mutual advantag american railway railway need alarm chang take place believ fact thing advantag set peopl unit state conclus evid condit affair continu doubt high tariff unit state burden mani peopl live certain section countri tariff oper particular sever upon peopl section regard favour peopl section doubt major larg peopl particular section oblig bear burden common good doubt suit polici american friend carri threat made abolit bond privileg fact action would injuri particular set men certain railway compani would prevent carri polici therefor say desir give american brethren understand resolv work independ thing present propos promot object railway necessari shall prepar construct attitud govern taken upon subject speech right friend address hous subject attract much attent across border much keener appreci independ read day great journal unit state new york journal commerc polit journal commerci journal interest concern determin cost independ unit state mean reach eastern western sea product territori polici anyth liber though liber polici would much advantag exclud restrict trade keep pass territori must expect provid ought admir spirit determin sir specimen said journal unit state day agre gentlemen opposit say depend upon unit state bond privileg believ lever convinc lever would power event great movement aris unit state might take form hostil countri interest day futur let friend across border understand measur independ shall maintain shall increas measur independ line propos necess aris shall shrink provid lion member hear hear;The MINISTER OF FINANCE.;1903
89943;idea sir shall abl settl disput save mileag quebec mtpnctou line laid room discuss point shall assum present mileag quebec moncton longer suppos gentlemen advis good author air line moncton quebec may use express air line go point turn american territori take air line moncton take shortest air line quebec chaudier moncton would mile add curvatur per cent make mile fail rememb friend mr monk said great deal curvatur road great deal curvatur polici accept compliment friend cours intend doubt forgot fact point view artist design curv line beauti;The MINISTER OF FINANCE.;1903
89945;take air line allow mile curvatur would mile mileag chau moncton way intercoloni railway would give save mile less save claim gentlemen side good deal save claim gentlemen opposit give figur upon compet author dispos stand purpos calcul shall make later propos treat mileag road round figur mile;The MINISTER OF FINANCE.;1903
89946;regard natur obstacl gentleman say save;Robert Laird Borden;1903
89947;advis line mile accomplish distanc take air line ad per cent engin ordinari countri would give mile go treat purpos financi calcul mileag wish fair argument shall make section quebec winnipeg subject much discuss effort made show countri road run countri unworthi consider state afternoon ground think gentlemen could oppos road show reason would upon assumpt vast territori worthless differ opinion think territori deserv develop think represent made expens charact section railway build mistaken believ inform avail justifi say portion countri speak great difficulti railway build railway may built moder expens resourc ought develop order may build dominion larg cours survey made canadian pacif railway found railway north lake nipigon could built moder cost serv purpos compani go along shore lake mr field construct expens believ record show canadian pacif railway could built less expens built elev plateau lie behind lake superior lake huron inform subject clear difficulti learn obtain good locat reason locat adopt canadian pacif railway want avoid build long branch lake superior report go show lake shore countri rough rug unsuit railway construct go short distanc countri condit favour sir sanford fleme report say although gener aspect countri east lake nipigon seen lake superior huron precipit rug rear wild rug frontier surfac descend easi slope found case pass lake nipiss lake nipigon entir countri ascent summit level less experienc pass toronto across peninsula western ontario great western grand trunk grey bruce northern railway region survey mr jame ii rowan connect govern survey canadian pacif railway say condit countri princip physic difficulti contend construct railway throughout whole section countri consider great extent water encount rout rocki charact inaccess believ direct line could obtain quantiti excav embank exceed averag railway construct part dominon last difficulti could overcom consider extent mean knowledg countri obtain mani larg river cross line propos requir bridg feet span timber good qualiti suffici quantiti fcr variou purpos railway obtain upon line neighbourhood gradient favour case exceed foot per hundr per mile maximum gradient percentag small good line friend north norfolk mr charlton hope get good number line day rowan say mountain rang elev plateau remark peculiar connect number lake occupi summit water divert made flow side mr rowan say charact countri similar neighbourhood side elev plateau outsid margin differ regard adapt railway construct mark south broken hill consider altitud lake interven shape size great depth north level swampi greater portion countri explor cover dens growth moder size timber consist balsam spruce poplar white birch tamarack occasion grove white red pine mani point indic valuabl miner deposit foot note concern miner deposit report say iron copper lead gypsum larg quantiti silver found indian say coal lignit statement born extent remark mr bell geolog report albani river wish dwell littl condit countri winnipeg quebec satisfi certain section dominion shall bear much moncton section shall told told today jacqu cartier mr monk countri subarct countri fit settlement attempt build railway mr monk think friend fair said knew noth countri noth report confirm statement prime minist;The MINISTER OF FINANCE.;1903
89948;friend mistaken know lot countri give inform report explor surveyor tell know go give gentleman say know noth countri whole countri explor survey sever year parti sent ontario govern publish report shall inflict great deal hous order access may know say countri shall read extract result extens explor detail elabor report sent surveyor land timber estim geologist justifi sanguin expect regard natur wealth fertil northern ontario demonstr wisdom action taken accur knowledg charact extent enorm undevelop resourc acquir establish beyond controversi eastern part territori north height land immens area excel agricultur land equal fertil older ontario equabl temperato climat abund wood water render induc present search homestead good offer contin apprehens entertain forest resourc limit contradict explor estim extens pine area southern slope locat great forest spruce varieti pulpwood north height land enabl provinc take lead posit commerci world regard grow remun pulp paper make industri geolog examin result new discoveri econom miner expect would materi servic identifi establish charact differ rock format locat promis indic guid closer investig futur analys peat taken extens deposit nipisslng shown high qualiti econom util establish valu great natur store fuel make use industri develop countri head agricultur land report say great clay belt run quebec boundari west nipiss algoma district into1 district thunder bay compris area least squar mile acr adapt cultiv unbroken stretch good farm land quarter great extent whole settl portion provinc south lake nipisslng french mattawa river larger state massachusett connecticut rhode island new jersey delawar combin half besid state new york region water moos river flow jame hay tributari abbittibbi mattagami missinahi albani tributari kenogami ogok river mile length rang width yard mile fed numer smaller stream turn drain numberless lake larger smaller size whole countri net work waterway afford easi mean commun long stretch fit navig great area water surfac assur countri protract drought experienc countri southern boundari great tract fertil land less forti mile missinahi station canadian pacif railway countri north height land immens level plateau slope toward jame bay construct railway wagon road part would easi matter head climat report say import fact establish explor climat northern district present obstacl success agricultur settlement inform obtain dispel erron impress winter arctic sever summer short enabl crop matur absenc summer frost note explor growth common veget hudson bay post must disabus public mind erron impress 50th parallel latitud pass centr agricultur belt climat much differ provinc manitoba lie along parallel except cours winter js temper great spruce forest presenc larg proport water surfac countri abund wood fuel build commerci purpos plenti pure water;The MINISTER OF FINANCE.;1903
89949;friend allow refer introduct report said read ten report seem fine impress made introduct born report;Frederick Debartzch Monk;1903
89950;leav hearer reader judg born read offici report issu govern ontario;The MINISTER OF FINANCE.;1903
89951;gentleman say sign;James Clancy;1903
89952;publish govern ontario;The MINISTER OF FINANCE.;1903
89953;gentleman find signatur mere comment;James Clancy;1903
89954;expect critic document issu printer king excel majesti provinc ontario;The MINISTER OF FINANCE.;1903
89955;mr stratton depart;William Barton Northrup;1903
89956;blue book call blue book though colour differ blue book head report survey explor northern ontario print order legisl assembl ontario;The MINISTER OF FINANCE.;1903
89957;cook;William Rees Brock;1903
89958;wc stand tlie condemn countri friend jacqu cartier hut expect centr toronto;The MINISTER OF FINANCE.;1903
89959;condemn countri condemn report gentleman palm hous report govern individu report cook polit purpos;William Rees Brock;1903
89960;report year age issu year although follow affair mr field provinc ontario friend heard rais good faith report would marvel offici document;The MINISTER OF FINANCE.;1903
89961;object made report opposit legisl assembl;Charles Bernhard Heyd;1903
89962;whole thing humbug;William Rees Brock;1903
89963;cannot answer friend brantford mr heyd bound say find report issu offici report tlie govern ontario give faith credenc would give offici report issu govern british coloni hold hand volum geolog survey report particular report dr robert bell head soil countri lake superior jame bay report gave gener account soil c region great lake jame bay follow cano rout michipicoten moos factori countri less1 rocki missinabi lake seotion proport rock surfac whole area may small pass swampi ground missinabi lake travel cannot fail struck abund gener fertil soil expos bank missinabi moos river way moos factori consist brownish loam earth rest upon till upon stratifi clay solid rock seldom seen except princip rapid fall central third section lake superior jame bay brunswick long portag light colour clay form surfac examin countri mile river sever place special purpos ascertain natur soil found excel case tend becom swampi reced river devonian region long portag sampl soil collect place subsequ examin travers great extent unbroken wilder apt forget possibl valu vast region agricultur purpos exampl farm new brunswick hous moos factori show upon small scale might extend great part countri doubt futur time territori support larg popul quarter centuri sinc report issu think time come territori capabl support larg popul might open construct transcontinent line method road construct although may repetit let state plan govern propos railway shall built moncton winnipeg way citi quebec govern work leas term fifti year grand trunk pacif railway propos western portion winnipeg pacif shall built compani propos guarante given extent per mile mountain section per mile prairi section respect construct eastern divis propos shall brought govern agenc commiss commiss compos member full charg construct commission larg ampl power proper supervis govern parliament case public money expend friend jacqu cartier mr monk call attent call extraordinari claus arrang said claus enabl govern suspend oper eastern divis object might call attent claus say money shall spent vote parliament object would reason one make polici govern work done commission oper commiss subject reason parliamentari control provid dollar shall expend appropri vote parliament year year provid case anyth unforeseen shall happen anticip case oper commiss carri satisfact govern parliament govern shall power suspend oper parliament meet determin action taken claus friend say remark put purpos prevent construct road regard strong featur project carri grand trunk railway editori publish conserv paper allus made old grand trunk railway asset stop ascertain whether figur correct will accept statement old grand trunk railway solid institut dominion asset speaker whatev may solid strength power grand trunk undertak submit parliament gentlemen attend meet railway committe may rememb sir river wilson address committe made remark old grand trunk railway would stand behind enterpris content shall stand behind requir consent shall form whole thing think advantag countri grand trunk railway extend west think better enterpris hand old grand trunk railway promot could character irrespons within last day view hou gentlemen opposit led believ critic opposit press ground upon expect attack scheme promot would make great deal money mean promot make money enterpris discern bill railway contract submit parliament behind men better posit undertak work gave better guarante good faith abil carri requir grand trunk railway shall behind undertak joint stock corpor control hold common stock interest bond paid one take control provid common stock compani full extent shall held promot old grand trunk railway offici grand trunk railway share common stock held grand trunk railway corpor capac avail distribut among may qualifi director want know chanc promot hold share ave concern price grand trunk railway pay stock subject discuss attach great import grand trunk railway acquir stock small sum afterward float market higher sum would proceed might open object grand trunk compani must take stock hold time cannot put dollar market imposs buy share stock must held grand trunk railway compani person buy sell share come chanc specul much concern say grand trunk pay make arrang stock element transact element must make arrang rais larg sum money note grand trunk pacif railway compani must pay least quarter tlxe cost road winnipeg pacif guarante cost road pay road seem impli guarante cost road guarante portion without limit respect western divis guarante quarter cost exceed certain sum guarante cost road guarante limit per mile prairi section per mile mountain section road cost less figur guarante base guarante quarter cost road cost gentlemen argu expens increas proport compani must provid increas cost without limit road may finish grand trunk pacif agre thing next point consid go old compani grand trunk railway compani oblig guarante bond new compani order accomplish purpos old grand trunk asset quot opposit paper guarante bond grand trunk pacif necessari make quarter cost construct afford assur new undertak new compani look see compani object statement made ex minist railway canal said compani red head boy rejoic fact compani submit project peopl submit project irrespons promot project endors good piou resolv grand trunk grand trunk put guarante resourc back undertak grand trunk pacif dollar put enterpris way becom mortgag govern secur man put dollar way upon second mortgag full knowledg govern hold first mortgag man propos invest money enterpris first mortgag hesit come say put first mortgag put second mortgag good guarante properti solid reliabl mr field bodi connect grand trunk realiz govern first mortgag whole undertak dollar put enterpris way guarante grand trunk way subject first mortgag govern must grand trunk stock issu guarante bond way must compani cooper old compani provid quarter cost western divis road winnipeg ocean must provid worth roll stock cost penni guarante govern goe grand trunk grand trunk pacif associ must provid money quarter cost western road cost road higher must provid cost rais money may roll stock heard rais regard posit roll stock prime minist rt sir wilfrid laurier spoke day refer roll stock south lanark mr haggart said remark thing assign eastern divis would greater length went portion road think miss purpos assign assign oper stock oper eastern divis eastern divis close touch exist grand trunk railway doubt roll stock move fro roll stock old grand trunk use new line eastern western portion limit use whole roll stock may use whole road roll stock ear mark eastern divis special secur rental oper eastern divis becom liabl worth secur countri guarante given beyond becom special secur oper eastern portion road assign worth roll stock eastern section expect use whether use section goe ear mark properti govern mortgag govern gener oblig compani contract oper eastern divis think sir transact grand trunk pacif railway old grand trunk compani given ampl evid good faith add addit govern director board time arrang continu think seen reason precaut taken protect govern interest come standard road eastern divis special standard made control govern build road make standard pleas agre grand trunk grand trunk govern common object govern desir build cheapli possibl order save money grand trunk want build cheapli pay interest grand trunk desir built reason doubt govern compani come understand standard eastern divis western divis standard high old grand trunk montreal toronto regard upon inform receiv highest standard railway construct contin america think could select dominion better standard railway contract way deal charact road make elabor specif provid construct may done case short line case long line like standard accept let construct tri prime minist read contract standard grand trunk railway montreal toronto practic case new road gentlemen laugh qualifi word alter condit sure reflect gentlemen special knowledg railroad see qualifi word necessari would imposs expenditur money produc railroad equal grand trunk montreal toronto within space year thing come matur time complet railroad creat standard move time seek get railway final complet conform standard case landlord rent hous hous finish tenant occupi year hous becom season landlord thing could begin know construct cf road anxieti get railroad built thing done may regard temporari charact place put trestl year fill make perman road place put small wooden bridg time commenc weaken put steel structur road finish nomin complet take place may finish time progress qualif put respect differ condit made case canadian pacif railway standard standard union pacif railway unit state union pacif railway stood time standard union pacif construct understand standard maintain montreal toronto higher standard requir contract canadian pacif railway event railroad man recogn cannot construct new road provid shall come condit old matur railroad lay plan possibl end time goe bring road standard well hear gentlemen opposit say govern would maintain eastern section come moment sir correct govern provid compani shall maintain western divis build shall maintain road leas east give complet road new road made year roll govern posit landlord refer desir make improv road desir regard perman road take wooden bridg put steel structur desir fill trestl mani thing gentlemen opposit familiar railway understand better govern right way better matter discret govern cost ad capit tlie road grand trunk compani pay interest capit point import divid line sever section point divis eastern western portion road cours defin govern build citi moncton citi quebec winnipeg winnipeg western divis road built compani begin run pacif ocean susdivis line guarante per mile call prairi section mountain section guarante per mile point prairi section end mountain section begin determin contract seem possibl determin contract set forth principl upon determin event disput point divis depend extent upon locat road think go assum purpos remaind speech road enter mountain pine river pass enter pass effect would differ variat distanc respect mountain section prairi section point becom import said guarante mile prairi section mile begin mountain section provis made engin determin point facil easi construct incid prairi road end difficult section mountain section shall begin determin engin event disput matter arbitr engin therefor think refer engin said discuss regard run power given govern respect intercoloni compani think may claim propos extend intercoloni railway tile citi quebec citi winnipeg w e provid govern owner intercoloni shall right run train road shall leas grand trunk compani may wish run train winnipeg may run compani western line run power inasmuch compani lesse respect road quebec winnipeg provid run intercoloni train citi halifax citi st john citi winnipeg said run power describ gentlemen said mind becom economi think difficulti whether pay intercoloni perfect right appli control grand trunk pacif say want;The MINISTER OF FINANCE.;1903
89964;cific railway compani section stipul traffic occur road brandi shall rout carri canadian territori canadian inland port canadian port scean friend side hous scof ask guarante well grant difficult time bind railway compani confid peopl corpor believ gentlemen connect corpor pirat believ peopl connect compani enter oblig intent evad deceiv govern believ oblig given given good faith accept nation respons condit involv mean live contract satisfi eau find mean necessari make live may told provid good test pleasur know gentlemen opposit consid suffici provis make kind matter occupi attent govern work detail measur railway committe bill respect grand trunk pacif charter came committe hous pleasur listen resolut move gentlemen opposit set kind guarante would necessari secur nation charact road kind guarante would necessari secur shipment trade canadian outlet king n b mr fowler move resolut hous vote upon gentlemen declar proper way obtain safeguard say put claus govern contract put grand trunk pacif charter claus ord third read bill cancel bill refer committe railway canal telegraph line order follow section may ad said bill freight origin receiv along line grand trunk pacif railway intend export across atlant shall ship canadian port rout indic shipper grand trunk pacif railway shall carri freight eastern canadian seaboard american port atlant seaboard gentlemen said done time mr field gentlemen prepar embodi necessari secur purpos place charter contract claus serv tbe purpos line sentiment word express better express tlie contract made read tbe propos king n b mr fowler doubt tbe hous taken purpos permit quot provis section tbe contract tbe section follow declar agre parti agreement aid herein provid grant govern express purpos encourag develop canadian trade transport good canadian channel compani accept aid condit agre freight origin line railway branch rout shipper shall destin point carri canadian territori canadian inland port rate export traffic point origin point destin shall time greater via canadian port via unit state porta traffic rout shipper shall carri canadian ocean port absolut undertak tbe part compani everyth reason man would connect told may dodg evad allow ship traffic american port rout prevent tlie motion bon friend mr fowler recogn tbe shipper rout traffic pleas suggest thrown compani humbug deceiv take care tbe freight rout come canadian port tbe suggest made gentlemen section say compani agre shall matter within power advis encourag transport freight rout provid shall respect good faith use utmost endeavour fulfil condit upon1 public aid grant develop trade canadian channel canadian ocean port fullest possibl guarante given guarante includ tbe resolut gentlemen vote express first piac compani guarante good faith thing second place guarante evad way suggest third place put temptat divert traffic provid rate via canadian port shall low rate american port admit sir rate might temptat export busi doubt men shape acton busi principl provid temptat shall aris divert traffic say th ut rate via quebec montreal st john halifax shall greater rate charg time compani export way unit state ventur say contract submit parliament guarante given respect handl export traffic;William Stevens Fielding;1903
89966;friend leader opposit ask penalti provid penalti opposit claus gentlemen opposit thought tile think penalti necessari agreement penalti friend mr borden n lawyer know compani agre thing violat agreement evad way suggest would method found compel carri friend could find method sure could bring compani justic say could worri harass legal proceed evas agreement would pay could believ resolv break faith countri would like friend mr borden employ punish compani sure would find way comparison made contract contract made canadian pacif railway shall refer canadian pacif railway contract intent cast reproach upon polici previou govern way illustr may make comparison order public may understand natur contract made first place worth rememb contract made canadian pacif railway compani contract transcontinent railway contract railway began mile atlant tide water contract ocean ocean tlii contract begin ocean moncton although moncton deep water port atlant port men start moncton train hear murmur ocean bore come bay fundi sir ocean ocean contract contract truli transcontinent railway contract part transcontinent railway let rememb;The MINISTER OP FINANCE.;1903
89967;pro boer contract;Robert Laird Borden;1903
89968;friend must cast reflect upon bore moncton thing recommend contract take thousand peopl see marvel water bay fundi;The MINISTER OF FINANCE.;1903
89970;contract let bear mind give noth like grant exempt given canadian pacif railway contract canadian pacif railway contract gave acr land valu shall enter gave canadian pacif railway compani cash way complet railway worth rememb import point give exempt taxat compani give acr land except purpos railway canadian pacif railway compani got laud necessari railway purpos great tract land donat besid argu whether wise unwis point contract give acr land compani except give right way govern land land may necessari railway purpos conserv govern gave canadian pacif railway exempt taxat way custom larg portion thing need construct road fox mani year canadian pacif railway uct term origin construct canadian pacif railway receiv free admiss good custom receiv bonus compens good made give exempt sort contract case eastern road govern build stand x espect like govern work govern import materi intei coloni railway day govern go form pay money custom hous govern find necessai import materi construct road winnipeg moncton would accord practic go tlirougli form enter good custom hous sir road built contractor contractor tender work receiv exempt man anyth construc tiou road import materi pay duti buy good canadian manufactur benefit duti advantag could imagin thing govern buld road govern import materi would case intercoloni railway enter good custom hous would govern servic say respect eastern divis take advantag provid shall built tender contract contractor exempt bul buy good els pay duti see fit import come western divis deal compani build road exempt shape form liberti import penni worth good without pay duti paid privat individu grant way exempt custom duti contract canadian pacif railway compani vast privileg attempt comput money sure would run vast sum give exempt sort come financi side propos build govern intervent commiss moncton quebec distanc estim mile rememb show air line ordinari allow curvatur would make distanc mile order safe side put mile advis compet author gener knowledg possess countri road built moder cost prom quebec e6vi near point railway leav provinc quebec built low cost expens work pass provinc quebec provinc new brunswick get provinc new brunswick portion expens inform build line countri maximum grade favour intercoloni railway though good road friend north norfolk mr charlton want per mile mile would quebec winnipeg estim;The MINSTER OF FINANCE.;1903
89971;distanc mile larger mileag friend given tri case make mileag small advis engin measur distanc put mile make liber allow put per mile advis fair estim rememb case speak road without equip would make cost section take estim cost eastern divis accord principl laid railway act interest paid construct part capit railway compani construct road way therefor money may pay cours construct cours chargeabl capit account interest thereon ad capit road complet repres capit actual money put interest wthich accumul meantim haggart got interest construct separ;William Stevens Fielding;1903
89972;difficulti friend see tell amount expend year rough estim made rough estim first year would spend small sum expens would increas would spend year distribut amount period construct way estim end period capit road stand would stand annual interest sum would would pocket interest year period year consid compani pay interest road earn interest road earn interest defici may aris addit capit account although lose interest portion time ultim adjust get shape addit capit account compani would pay interest pocket year interest amount capit would stand complet road friend prime minist cours speech said could meet respons contract bv set present year surplu state gentlemen opposit thought rash statement convinc figur shall abl give hous show friend statement correct close year make account lay surplu accru state budget speech subject improv hope take place final adjust account use surplu build railway reduc debt mani way could use place hand financi manag hope show hous money would meet financi respons govern assum contract brought consid mere multipl interest year consid use could make consid present valu ascertain actuari calcul year interest money invest guarante give case sum repres capit account eastern divis time complet annual interest pocket interest year appli actuari reput dominion sum money necessari provid day meet year interest shall accru tell sum provid year interest say manag money turn insur compani trust compani compani deal annuiti invest money basi per cent interest halfyearli would provid year interest would give sum whether calcul right gentlemen submit test actuari x state talk might surplu day might surplu take manag way describ pav year interest shall accru time time construct eastern divis road;The MINISTER OF FINANCE.;1903
89973;leav quebec bridg;John Graham Haggart;1903
89974;come speak thing definit indefinit quebec bridg propos refer western divis divid section prairi section mountain section respect prairi section assum oblig except guarante bond argument base upon assumpt grand trunk pacif compani carri undertak think given suffici guarante abil good faith larg sum put enterpris assum grand trunk pacif compani fulfil oblig contract shall call upon agre assum oblig respect prairi section grand trunk pacif compani agre begin end pay interest oh section sir come mountain section meet difficulti determin mountain section begin indefinit point point easi method prairi construct end difficult method mountain section begin determin engin best inform receiv probabl easi facil construct afford pine river pass lead railway construct pass assum road go pass abl form correct estim particular point prairi construct would end mountain section begin advis road construct pine river pass mileag mountain section mile provid guarante extent per cent cost construct matter road may cost guarante exceed per mile guarante fourth may less per mile cost compani must pay differ guarante outsid mile estim length mile guarante cannot exceed sum interest year paid govern period year dealt way describ oblig pay year interest expir year compani pay interest pocket year interest mountain section interest total mile per mile ascertain process appli case much money would need provid surplu meet year interest mountain section find actuari calcul obtain actuari present valu say take lay surplu process explain provid payment year interest mountain section interest shall year year friend mr haggart lia refer quebec bridg present bridg hand corpor intend constitut bridg termin compani expect traffic enabl pay fair interest capit invest assist extent assum grant aid whether grand trunk pacif compani made contract whether build transcontinent railway quebec bridg becom nation undertak form govern lia see govern may posit say whether would wise buy bridg outright make part govern system let bridg compani continu manag arrang part cost bridg chargeabl grand trunk pacif railway compani use tlie intercoloni railway canadian pacif railway quebec central grand trunk railway quebec lake st john railway cross approach cost understand bridg proper cross approach cost friend jacqu cartier mr monk make cost estim would includ termin facil citi quebec may import part gener scheme essenti part grand trunk pacif railway scheme proport would chargeabl enterpris go assum may cost may charg grand trunk pacif railway think liber allow liber fact would like grand trunk pacif compani come say pledg figur purpos present argument may assum fair amount say oblig give grand trunk pacif compani demand cross bridg connect gener arrang provid cross outsid oblig charg scheme stand part cost railway upon grand trunk pacif compani pay interest manner portion railway year would pocket interest appli principl actuari calcul could provid year interest bridg sum exhaust surplu mr field provid portion plenti left provid surplu sum make provis payment interest year add item present valu actuari calcul cost year interest eastern divis s53 year interest quebec bridg repres present valu year interest guarante bond mountain section repres sum make total million surplu left state day argument eastern road govern oblig build costli cours regard mountain section possibl increas limit per mile fix regard eastern section cost pay made estim per mile part mile part estim back reput engin stand high grade say low grade road call friend north norfolk mr charlton estim high prepar million balanc devot improv road propos add per cent first estim cost construct eastern divis add per cent present valu year interest portion road equival advanc cost per mile per mile part part liber estim ought build fine road call friend norfolk;The MINISTER OF FINANCE.;1903
89975;gentleman mr field allow word;James Clancy;1903
89976;;The MINISTER OF FINANCE.;1903
89977;oh;Some hon. MEMBERS;1903
89978;gentlemen ought littl civil good manner wish gentleman spoken estim made estim mind data prepar lay hous v;James Clancy;1903
89979;good mind make;Mahlon K. Cowan;1903
89980;presumpt would ventur make estim without proper inform reput quarter make estim mind worth made way submit figur discuss think mistak cours possibl mistak say perfect certainti made good faith made capabl peopl ad variou sum present valu year interest eastern section basi per mile way figur made year interest quebec bridg repres present valu year interest guarante bond mountain section repres present valu per cent addit cost eastern section meet view friend north norfolk reach conclus figur _prove anyth surplu invest variou purpos govern variou thing hous author reduc debt dominion shall present year though make great boast appli money way yofi take sum give trust compani insur compani accustom deal annuiti invest per cent per annum payabl half undertak say author actuari could pay cent oblig assum contract _j;The MINISTER OF FINANCE.;1903
89981;except redempt bond end fifti year;Charles Bernhard Heyd;1903
89982;cours end fifti year pay bond take road deal interest pay year interest provid describ pledg good faith matter grand trunk pacif railway compani agre within thirti day pass act place treasuri sum offer govern pledg good faith canadian pacif railway contract made compani provid thought larg sum sir grand trunk railway compani multipli pledg canadian pacif railway amount pledg treasuri within month pass act;The MINISTER OF FINANCE.;1903
89983;actual cash bond;Andrew Broder;1903
89984;actual cash govern bond good cash govern hold money pay compani per cent interest cash deposit bond must govern bond approv govern bond recogn govern privat corpor rate interest may bear paid compani deposit remain money remain complet western divis save except worth final work western portion road full equip whole road amount advanc road finish make satisfactori arrang govern hand govern paid time time satisfactori evid given money put road complet contract could better guarante carri contract sort believ announc contract surpris countri believ surpris gentlemen opposit surpris govern day abl make contract great railway compani like grand trunk railway compani asset quot conserv paper gentlemen opposit surpris wonder surpris compar accomplish contract anyth accomplish histori mention transcontinent road calcul give person idea work great magnitud well may experi respons involv undertak mere mention work bring mind thought larg respons think great sum money paid get part transcontinent road compar pay day get real transcontinent road ocean ocean wonder surpris countri sir give contract made good faith empti promot peopl irrespons men capabl railway men men given guarante good faith men prepar back undertak manner compani receiv gentlemen opposit tabl turn afraid clear light gentlemen go make mistak may excus earli dawn year ago made comparison contract made canadian pacif railway compani view cast reproach upon anybodi doubt thing occur earli histori great enterpris contract made syndic ail desir rememb regret credit govern parliament peopl let pass come actual contract made canadian pacif railway compani think admit day mistak made mistak locat mistak land polici clearer light day may abl see thing done left undon dispos think thing may incident difficulti time rapid construct hesit say light experi liber parti entertain alarm anxieti prove end justifi disposit criticis day admit young man led entertain alarm anxieti day say polici conserv parti subject qualif mention justifi respect conserv parti made record look pride excus doubt hesit none day gentlemen learn noth liber learn someth experi gen tlemen bourbon learn noth forget noth take role carp critic complain liber took go great movement rememb today differ conserv parti made treati british columbia accept respons build canadian pacif railway condit popul contract syndic made popul day popul put thing hesit undertak confid larger resourc clearer light day assum respons build railway british columbia revenu countri stood made contract mr field syndic revenu stood year revenu contract british columbia made total trade wh contract syndic made total trade present year year close total trade bank deposit includ save bank stood contract made syndic stood bank deposit includ save bank stand statist show growth progress countri fear gentlemen opposit feel confid feel matter glad know conserv go take narrow view afraid friend tempt take glad know polici go support great mass liber parti believ mani conserv hand public letter respect conserv merchant citi montreal mr robert reford permiss read mr reford citizen merchant montreal propos drawn cri montreal side track branch know branch come natur consequ construct road mr reford write follow canadian hope dominion day peer unit state papul prosper power approv action dominion govern introduc railway act wherebi grand trunk enabl extend great system unopen portion great west without railway need open fertil farm rich miner district new port pacif promot trade asia australia short need new rout atlant import port halifax st john benefit give summer winter trade grand trunk in1 past done time need posit way railway build bonanza sharehold bulk origin one think die without see turn penni invest think grand trunk entitl liber term present contract act oppos loss understand see open new territori invest much capit must benefit countri possibl disappoint may aris work build earn power part road expect gigant enterpris moment allow discourag project noth could di courag prospect canadian pacif incept mani inform railway peopl say would pay greas use axl car railway stand head cf earn railway world report grand trunk project railway run built richer section countri littl reason doubt prove good pay railway canadian pacif develop launder govern ignor claim grand trunk upon countri refused1 listen delay build great transcontinent railway futur gener would x feel sure brand men unworthi posit ruler sure opinion merchant princ citi montreal life conserv like specimen opinion mani broad mind enlighten member conserv parti come studi contract learn provid feel sure reason submit contract countri fullest confid meet public approv said let countri make railway railway make countri doctrin propos carri regret cannot larger degre co oper gentlemen opposit regret day acknowledg leader conserv parti declar support form subsidi toronto west mr year repli budget speech renew day sir take issu wiih gentlemen time subsidi proper time guarante proper instanc subsidi propos propos guarante part countri grand trunk prepar come great resourc take railway construct section countri claim upon must prepar time time deal section merit grant subsidi proper case may recogn posit gentlemen take say prepar go peopl day polici fullest confid potici consid provis stand investig cost countri moder believ abl give dominion greatest achiev histori;The MINISTER OF FINANCE.;1903
89985;mr speaker present north norfolk mr charlton made speech understand made refer run power sought refut statement made ex minist railway canal mr blair yesterday subject minist financ mr field allud matter even desir say think north norfolk candid hous refer made certain railway exercis run power ontario gentleman allud wabash railway exercis run power coupl hundr mile grand trunk railway gentleman neglect tell hous wabash exercis run power allow local traffic compani power carri traffic detroit river niagara river gentleman counti want send ton traffic point could send wabash although road exercis run power;Samuel Barker;1903
89986;beg correct statement gentleman mr barker made wabash allow local busi run detroit buffalo local busi ship line local freight untrammel pick busi upon line compet grand trunk railway line local busi;John Charlton;1903
89987;would like differ gentleman mr charlton know say fact;Andrew B. Ingram;1903
89988;know fact;David Tisdale;1903
89989;know wabash ticket sale ticket offic line grand trunk railway compani;Mahlon K. Cowan;1903
89990;grand trunk railway ticket good wabash train;David Tisdale;1903
89991;michigan central ticket good wabash train;Mahlon K. Cowan;1903
89992;buy wabash ticket cannot use train;David Tisdale;1903
89993;refer freight said north norfolk could send ton freight direct wabash;Samuel Barker;1903
89994;done ship lumber wabash road buffalo;John Charlton;1903
89995;speak done peopl along line bon gentleman except occas except influenc obtain privileg know public cannot take tlie canadian pacif railway run hamilton toronto must run train cannot local busi line run power mile take instanc canadian pacif railway run north bay cannot local busi would gentleman good run power mile quebec winnipeg would variou compani allud ex minist railway canal attempt use railway common highway put contract could noth busi advantag would say railway use common highway could pick passeng;Samuel Barker;1903
89996;wabash pick passeng;Mahlon K. Cowan;1903
89997;special arrang stop time owe quarrel;Samuel Barker;1903
89998;wabash ticket sale grand trunk railway ticket offic road wabash run;Mahlon K. Cowan;1903
89999;awar dee work arrang stop favour own line would valu would mile subject grand trunk pacif railway compani freight line talk passeng go height land rout settl portion countri passeng talk freight;Samuel Barker;1903
90000;agreement v;Mahlon K. Cowan;1903
90001;suppos hou essex mr cowan address reserv argument get think debat would proceed refer rais lion minist railway canal yesterday railway man whole america would contradict statement would impractic exercis run power long line minist financ day tri put differ light say may haulag compani haul whole traffic differ thing make common highway free compani refer matter made point mr barker railway could serv compani land minist financ dwelt length western portion call mountain section grand trunk pacif gentleman leader day dwelt upon characterist portion line know mr speaker necessari ns criticis anyth said may said section section construct govern grand trunk pacif compani judg success manner repres negoti contract govern think may entrust look interest build part road anxiou know inform govern call eastern divis undertaken build want inform notic day minist financ like leader day dwell upon portion road winnipeg quebec pass mani hundr mile use gener word express give littl inform possibl minist financ day allud survey nepigon district section abbittibbi quebec vagu refer explor go last hundr year result seem year ago provinc quebec caus explor made clear none inform would justifi defin track could put gentleman dealt moncton end line cours familiar tell line survey sir sanford fleme say survey made day frontier line centr line say one adopt day north line true sir sanford fleme survey central line gentleman hous countri suppos moment compani propos build railway would contract lay particular line base upon survey thirti year old sir inform obtain surveyor day differ purpos construct railway necessari day suppos railway contempl would carri grain great north west halifax st john thing thought cheap kind traffic necess comtempl august time line might consid satisfactori would accept moment day gentleman refer sir sanford fleme report advantag talk sir sanford fleme within week gentleman assur possibl obtain line suitabl old grain traffic minist financ say line put;Samuel Barker;1903
90003;sir sanford fleme time report best line near frontier next best line view matter stood height centr new brunswick sir sanford fleme told tha line centr new brunswick would shorten distanc seventi mile littl less present line intercoloni railway ad high gradient curv would compens shorten would said continu traffic present line attempt send centr new brunswick height land said want line util exist line edmuudson fredericton point section thenc east south line said give good road short road govern propos build best line obtain undertak build railway exist day want duplic railway line order run track minist financ say air line moncton take map suppos run pencil across enter contract build railway govern case minist financ astonish critic made line say extraordinari object made build line compet present intercoloni railway duplic line go improv exist line justifi critic know minist know present line propos gentleman mr field told common thing day see compani build railway compet railway compani heard compani build line compet line govern case excel line want build compet want go st john east chipman road exist want build new x oad ampl railway accommod exist gentleman cite instanc support content canadian pacif railway year propos build line harvey salisburi near moncton think propos get moncton excel reason govern get moncton canadian pacif railway propos get harvey moncton connect govern got line moncton content want tell case analog excel argument build line govern ond necessari financ minist jump lie call object opposit improv intercoloni railway true would bear upon debat suppos oppos improv intercoloni railway earth got whether go build line treat long dissert subject countri affect argument deni critic object part opposit hous year heard critic relat intercoloni railway heard gentleman side say word opposit improv could made intercoloni railway gentleman side hous object strengthen bridg increas weight rail work charact financ minist think swallow everyth done object improv line truth object make way gentleman ad lii surplus creat pretend profit exist govern maintain line ordinari manner put new rail charg capit mainten born charg mean minist show lot money make prosper countri manag govern right point gentleman make surplus claim noth legitim improv intercoloni railway glad see intercoloni railway improv rais financ minist speak critic expend st john connect elev thing order grain traffic carri port critic although spent work carri bushel grain although money expend purpos promot grain traffic direct natur critic gentleman think indic desir part crush intercoloni railway think intercoloni could speak would say save friend gentleman took aw bugbear bond privileg leader dwelt upon day gentleman must know bond privileg hammer way way year respect bond privileg stay good exist day exist time conveni exist unit state afraid friendli remain new england state insist upon unit state govern cannot remov without hurt peopl would hurt truth gentleman know peopl understand show conduct take grand trunk railway compani hear grand trunk railway compani own railway state port huron chicago own besid sever mile michigan own long railway state main vermont control own central vermont boundari line long island sound line acquir would grand trunk compani risk thought danger bond privileg taken afraid shut busi build line fear within year taken ownership chicago grand trunk hand grand trunk western afraid gentleman afraid bond privileg stop morrow would result would grain traffic go portland go way would go intercoloni gentleman consid bond privileg stop morrow might hurt grand trunk southern line gentlemen seek grain traffic countri go canadian rout would inevit result would go halifax st john intercoloni railway bon gentlemen go build line fear would happen argument gentlemen go spend million wait hour minut time cannot bond privileg may stop moment must independ unit state bond privileg stop morrow morn would prejudic dominion regard port halifax st john iota would send traffic way argument gentlemen propos imt first minist minist financ support view beg say anyth would better stand take chanc haul grain year sixti seventi extra mile whatev may around intercoloni countri pay extra expens cheapen rate public go enorm expenditur pay int est anticip troubl come gentleman want spend money lest day bond privileg stop wait point afford time carri traffic sixti seventi mile without charg pay interest railway quebec moncton cannot think bon gentleman must know met anybodi look bond privileg factor matter financ minist tell great deal satisfact grand trunk asset behind scheme wish say word grand trunk think interest countri say anyth corpor grand trunk canadian pacif railway railway countri believ back say good word time financ minist use argument heard use day grand trunk behind project say grand trunk behind get common stock noth way behind see grand trunk guarante someth prairi section section think would easi get anybodi guarante peculiar argument financ minist contrast argument advanc first min;Samuel Barker;1903
90004;ister day financ minist told even grand trunk pay fourth cost western section grand trunk understand guarante live per cent cost countri guarante seventi per cent day first minist told countri pay cent countri guarante seventi per cent pay cent road grand trunk pay fourth whole cost leav gentleman explain eastern section first minist told pay anyth impress borrow say buy piec properti build hous incur debt ad oblig go rent hous countri expend eastern section give secur fifti year contract public pay princip interest seem shall pay someth road shall like pay debt oblig similar way let say grand trunk railway guarante come bond debentur amount guarante within year gentleman know grand trunk railway came hous bill author charg capit portion interest secur unabl pay year mean say improv sinc improv go improv idl talk compani like grand trunk railway materi valu guarantor whether grand trunk pacif railway abl sell bond guarante grand trunk railway par per cent interest know much doubt think submit consider discount add oblig public pay interest pay sooner dividend common stock held grand trunk railway though grand trunk pacif railway may receiv cent regard roll stock section provid compani shall equip divis modern complet roll stock first equip shall valu least less shall suppli oper eastern divis said railway said worth roll stock renew thereof addit thereto shall mark assign said eastern divis take coven compli grand trunk pacif railway hire roll stock awar section concern purchas suppli equip section compli hire roll stock let refer section purpos agreement express work expenditur appli eastern divis railway shall mean includ expens mainten toll rent annual sum paid respect hire roll stock let compani part equip said eastern divis aspect care grand trunk pacif railway everyth charg mainten govern much chanc ten year get profit profit line charg heap gross receipt think find roll stock go line old roll stock grand trunk railway made cours sent term profit grand trunk railway compani make quit sure govern get interest year first gentleman made actual cost countri respect interest c construct true ex minist railway yesterday made minist financ cut work help actuari take item spread year say repres present cash valu discount claim whole cost advanc cash receiv noth return year would take account interest year take item account fanci exminist railway littl comput sum pay way interest refer moncton end road omit remind hous cocksur friend minist financ line air line right near point turn main frontier moncton knew read archiv plan repoi ts right cautiou leader speech said town edmundston railway proceed town moncton imposs say moment rout chipman vicin chipman event point imposs locat precis line say suffic say desir best shortest line levi moncton first minist could say;Samuel Barker;1903
90005;day;An hon. MEMBER.;1903
90006;ye get light treasuri bench astonish friend financ minist know road think desir littl inquiri come pass govern glide tremend natioal transcontinent railway scheme sir appear certain open session govern thought anyth kind appear clear take speech govern put mouth excel open session great influx popul northwestern territori larg addit area fertil land brought cultiv combin press upon need increas transport facil forward grain product market world canadian channel subject discuss govern proceed march last deal whole transport termin facil continu occupi much attent govern appoint commiss experienc men report subject month ago subject continu occupi attent govern appoint experienc men report follow april minist public work mr sutherland brought prepar report depart see report care consider cabinet cours approv governor gener may last less mouth report say import report take liberti read convey great deal public report date minist public work state consider question affect transport canadian product market world canadian port view place canadian produc posit compet compet canadian channel produc export countri;Samuel Barker;1903
90007;minist submit may assum grain product seek market cheapest rout therefor method attain object desir make canadian rout cheaper conveni compet rout develop north western manifest inabl exist canadian transport agenc take care canadian product agricultur export command price sea natur excel entitl ceas confound confus inferior adulter articl produc preserv separ ident must go canadian channel minist state que tion consid complic involv includ among object sought transport western product place product market world involv consider transport place product canadian seaport place product western port lake superior western port lake superior canadian seaport canadian seaport europ place product canadian port pacif affect product eastern provinc involv movement seaport seaport europ obviou satisfactori conclus reach upon question thorough comprehens inquiri made regard condit origin shipment possibl improv condit surround shipment storag requir lake river ocean port harbour facil inland lake river atlant pacif port condit regard navig st lawrenc rout improv enlarg matter affect moir econom satisfactori use canadian channel transport land water minist state make investig attent confin rout facil present util necessari new survey made determin whether econom satisfactori channel transport land water open forc oper attain canadian transport competit unit state railway competit unit state vessel lake superior port divers canadian product eastern outlet boston portland unit state port investig best econom method use competitor studi report upon minist apprehend circumst devolv upon dominion govern consid adopt best possibl mean promot measur may enabl control transport product thought effici method conduct inquiri obtain requir inform mean commiss compet experienc expert may appoint author provis chapter rivis statut order council goe name commission within month present time chang commiss sidetrack gone one know whither gentlemen constitut expert set railway depart prime minist lia becom compet expert decid upon expenditur someth like seventi million money without moment hesit absolut confid attribut lord john russel said would moment notic take command channel fleet govern made report put excel hand could consider project scheme consider order council appoint commiss would absolut farc possibl use could commiss govern determin send surveyor survey line enter contract number gentlemen bind countri line shall ask confirm countri ask commit although told tiie inquiri must thorough comprehens complic involv made compet experienc expert think may call attent way appear govern tumbl affair would accur say drift seem tumbl headlong januari last sever railway offici gentlemen connect grand trunk railway publish notic gazett appli charter author construct railway pacif ccean north bay gravenliurst time propos build branch main line winnipeg afterward alter make main line run winnipeg appreci signific notic seem begin contract must born mind grand trunk railway day connect _ import centr ontario quebec maritim provinc gravenhurst north bay compani port georgian bay collingwood midland project notic given bring grand trunk pacif railway pacif ocean connect point port grand trunk eastern system project devis experienc railroad men men compet none countri gentlemen understand thoroughlv requir countri best line railway could construct afford transport facil determin point eastern western divis meet gravenhurst north bay coupl port collingwood midland gravenliust point would abl run railway south lake nipisslng across french river make save mileag rout north bay import point shown fact canadian pacif railway made sever survey gravenhurst sudburi purpos get best line may say canadian pacif railway move gentlemen done believ survey line least time order get best rout go year signific indic strike mind show compet experienc men regard real point connect western system east grand trunk gentlemen went applic charter found agit quebec tran line meet oblig say would extend line quebec believ intend build put bill line go gravenhurst north bay quebec bill got committe gentlemen see quebec got line citi quebec said must moncton press fought sultri day mr hay blandest manner said oh ye go moncton would promis go newfoundland build tunnel get provid could get charter promis want w go member railway committe fight day day week week claus bill go closet go first minist mr hay morn railway committe mr hay fight bill night gentlemen closet;Samuel Barker;1903
90008;ture interest million peopl furnish road busi fill train go line without return traffic traffic lie expect carri line sea prairi v lion lumber;Samuel Barker;1903
90009;lumber know find tree bigger man leg countri mile rout may get pulpwood enough pulpwood height land suppli want countri fifti year need spend get pulpwood north height land line propos would compet railway enjoy traffic way freight passeng great advantag water rout imposs line success unless best grade satisfactori curv gentlemen say evid possibl quebec winnipeg get line admit possibl make grade like spend million get expenditur minist financ spoken night slightest shadow evid possibl get line grade feet thereabout per mile without use line fact canadian pacif railway unload traffic port arthur leav vessel carri water rout port georgian bay strongest evid could get rail rout must favour grade traffic carri line north must favour grade cannot hope condit equal compet taken note speech right leader govern appear hansard quot give exact word substanc said say district west lake abbittibbi twelv thirteen year ago ontario govern sent parti gentlemen district report one minist financ read night member local legislatur other mr charlton brother north norfolk think understood gentleman good deal write report the________explor unknown land said report quot minist financ expect make thorough explor modest way report squar mile good fertil land week travel must travel tale told wonder gentlemen wrote nice report get syndic return toronto buy whole thing assur member hous acr open purchas pine timber valuabl pine float canadian pacif railway lie south height land gentleman beyond height land spruce jack pine poplar gentlemen report hard fact timber use gener remark read financ minist gener observ doubt satisfactori first minist great railway line forc upon countri upon evid astound believ govern intend build line think must claus financ minist would lead believ govern put safeti valv thought littl prematur thing although enter contract grand trunk pacif railway put act claus enabl suspend oper featur line would call attent suppos line construct section govern hope get suppli say fuel first minist go burn spruce poplar engin must haul coal long way countri mile get fuel locomot suppos right gentleman go turn muskeg coke peat find author report think practic railway man would recommend adopt system line go run stunt wood littl black birch white birch much poplar spruce would sad sort fuel run railway gentleman must take coal run line winnipeg quebec distanc mile seriou undertak right gentleman ask expert consid featur commit contract bind build railway district _________________ featur wish call attent strike import grand trunk pacif abl construct complet hundr mile prairi section year govern complet mile eastern section must appar everybodi mile complet end end hundr mile grand trunk pacif railway oper prairi section gentleman cannot compel grand trunk pacif railway take mile mile inch complet go portion complet time time go work handsom loss traffic local traffic work spend larg sum money maintain portion built noth goe piec unus railway enorm amount money financ minist taken calcul actuari spend year year way grand trunk pacif railway west enjoy fat land govern struggl finish mile muskeg posit grand trunk pacif railway go grain winnipeg come prairi section oper prime minist suppos grand trunk pacif railway know grand trunk line chicago run buffalo run portland main gentleman suppos grand trunk send grain chicago chicago line line ontario buffalo grain go way portland grain go direct govern insist grand trunk pacif railway must send grain great continent line complet mile ill digest arrang countri assist grand trunk pacif railway make rout traffic way chicago result contract inevit result right gentleman may rememb last summer rumour grand trunk railway negoti line chicago boundari whether true plenti american line would delight carri traffic chicago grand trunk railway make money traffic go way west bound traffic merchandis manufactur go chicago north west establish trade may take year revers result govern undertak grand trunk railway open choos send mr barker traffic winnipeg port arthur way interest send thenc water port midland anl carri midland niagara buffalo portland noth contract prevent govern complet mile think show cannot prevent send grain rout pleas american port right gentleman cannot wait day hour afraid traffic go unit state point wish say word upon claus contract wonder claus financ minist refer grand trunk pacif railway agre forward traffic canadian port mr hay frank ask railway committe would bind said would ignor wish shipper frank proper thing say committe understood meant claus let see limit freight origin line railway branch cours ten fifteen year presum great mani railway countri fill expect grand trunk branch branch bought grand trunk pacif mean get plenti traffic origin grand trunk pacif line claus limit respect agre freight origin line railway branch rout shipper shall destin point carri canadian territori canadian inland port traffic rout shipper shall carri canadian ocean port pretend deliber intent evad claus act bad faith gentleman suppos railway canadian pacif railway grand trunk station agent go wait order know interest compani youngest bill clerk railway know destin traffic go compani serv shall make money know seek vocat remain servic want boy man understand interest compani let presid vice presid grand trunk send print order week station master bill clerk line must send freight canadian port must send portland agent send portland understand begin ship say halifax money grand trunk could get carri shorter distanc portland young fellow would know act best interest compani lion gentleman hous accustom ship good grain believ oue man hundr ship good care written bill bill clerk say go think road shipper would say send way ship ocean port want send good halifax bill clerk may say sir send halifax steamer week portland take choic man say choic portland person countri know mr hay could prevent boy would take risk discharg act true interest compani good claus drawn north norfolk mr charlton said compliment legal gentlemen contract drawn manner credit sure would gratifi commend gentleman good judg legal work hope minist justic convey approb north norfolk respect would satisfactori hous countri north norfolk could point work surveyor line mode legal gentlemen work import thing discuss object rais govern inform necessari determin locat railway rout claus drawn practic benefit slightest advantag govern countri take practic case sure whether right gentleman understand train goe winnipeg brandon town west car ten differ compani car lie empti station man come want station agent say car come chicago go way compani wish go halifax wait next week car go halifax man sav let go pleas send interest compani requir grain rout way order shipper need input dishonesti mr hay sir charl river wilson anybodi els inevit help say claus signific claus provid rate shall apport percentag intercoloni grand trunk pacif proper provis percentag divis rate taken tiie grand trunk grand trunk make arrang take lion share rate leav lean share divid grand trunk pacif intercoloni must obviou gentleman claus bill enabl govern see book paper grand trunk pacif order ascertain net earn charg toll rate would servic provis entitl govern inspect book paper rate bill grand trunk grand trunk pacif heard month whole thing complet grand trunk busi concern hear anyth grand trunk atlant st lawrenc run portland grand trunk give order montreal chicago traffic northwest imposs make thorough investig find anyth go wrong matter unless govern power author examin book grand trunk pacif book grand trunk compani whole thing conduct name grand trunk compani pacif atlant conclus say govern taken time deliber act impuls way submit commiss expert would abl devis scheme servic countri benefici grand trunk could arrang carri traffic north west water rout summer land rout winter lake harbour open could done besid provid need way develop govern taken cours would save million propos spend think wast would done good north west would done undevelop territori whole dominion done wild reckless scheme say wish use rash languag believ scheme practic experi million spent govern inform attempt get inform would justifi would impress gentlemen opposit afraid commit necess withdraw scheme friend financ minist spoke murmur heard moncton sea hear murmur throughout dominion imagin attempt carri project right first minist lost consid finest opportun life proceed commiss advis excel appoint submit whole transport;Samuel Barker;1903
90010;hope would abl make remark make bill even view fact twenti minut twelv listen continu flow oratori sinc morn think hous appreci suggest adjourn move adjourn debat;The MINISTER OF THE INTERIOR.;1903
