basepk;speechtext;speakername;year
1509402;like say word geneva agreement hous consider member recal time ago introduc motion respect agreement motion appear item govern order expedi parliament approv gener agreement tariff trade includ protocol provision applic thereof cours debat vancouv south mr green move amend view separ part resolut refer british prefer rest motion would resolut order matter could debat idea part relat geneva agreement would go committe indic time govern would prepar facilit agreement go committe matter gone confer gentlemen opposit lead differ parti result consid seem best mean bring desir would amend move amend vancouv south move origin motion amend would purpos divid origin resolut part appear order paper separ resolut matter procedur best cours would leav matter moment explain say tomorrow hous agreeabl shall proceed divid origin resolut manner direct order colleagu move amend amend friend follow word amend amend delet word refer committe whole hous instruct divid substitut therefor word divid b ad end said amend follow said resolut express follow first resolut would read expedi parliament approv gener agreement tariff trade includ protocol provision applic thereof annex final act second session preparatori committe unit nation confer trade employ held geneva april octob complementari agreement unit state america hous approv subject legisl requir order give effect provis thereof second resolut would read expedi parliament approv complementari agreement unit kingdom relat gener agreement tariff trade hous approv subject legisl requir order give effect provis thereof give notic moment member would look said tomorrow agreeabl hous could proceed tomorrow suggest amend amend would facilit geneva agreement refer forthwith committe govern would glad facilit procedur would wish take might say understand tariff trade committe gentlemen would wish geneva agreement refer special committe hous joint committe hous stand committe bank commerc would agreeabl govern desir;William Lyon Mackenzie King;1948
1509403;prime minist said involv point procedur content procedur propos govern proceed tomorrow discuss resolut relat geneva agreement;John Bracken;1948
1509404;allow divis suggest made seem way could proceed secur object mention;William Lyon Mackenzie King;1948
1509405;order resolut think includ matter shall divid come hous discuss;John Bracken;1948
1509406;;William Lyon Mackenzie King;1948
1509407;prime minist good indic exact form resolut come hous speak opposit object procedur mr c green vancouv south may prime minist whether intent govern refer bank commerc committe second resolut deal imperi prefer;John Bracken;1948
1509408;first resolut regard geneva treati one decid refer bank commerc committe govern reach decis would consid mr j coldwel big gar mr speaker give gener approv procedur suggest seem vancouv south mr green suggest cut refer committe whole hous procedur seem expediti may say less cumbersom satisfactori mr solon e low peac river prepar mr speaker facilit divis suggest prime minist indic secretari state extern affair mr st laurent prefer resolut cover geneva agreement sent bank commerc committe;William Lyon Mackenzie King;1948
1509409;peac treati effect sinc hungari roumania russian satellit countri finland itali turmoil russian demand upon propos treati countri obsolet;Thomas Langton Church;1948
1509410;order day friend ask might ask time;William Lyon Mackenzie King;1948
1509414;mr speaker may offer congratul minist maiden speech veteran affair sit fot veteran affair committe month hope cours import matter would hous long glad take step see veteran countri receiv measur right entitl regret know member hous regret long time taken set committe hous met last decemb recommend mani member side hous veteran committe set anxiou veteran countri receiv benefit entitl know need mention week great rise cost live impos mani hardship veteran said moment ago hope veteran committe would set bill would pass hous veteran would receiv relief know wait minist said intent submit matter depart veteran committe veteran committe work veteran affair great mani year join minist congratul committe work past tribut today merit said happi relat differ parti number veteran committe state clear conscienc concern happi relat differ parti work differ veteran committe minist mention bill increas pension said hope would pass possibl would point hurri seem keep action govern taken past month today month delay minist tell anxiou rush legisl would point govern could done done mani week ago minist emphas great chang veteran legisl year year note veteran legisl finish someth come new situat aris make necessari make chang veteran legisl suggest suggest mani member differ occas stand committe hous veteran affair stand committe appoint last year suggest would wait middl march although hous met decemb deal veteran affair receiv chequ minist mention april would receiv impress upon minist upon hous great necess set stand committe veteran affair minist review histori veteran committe rememb first committe set think committe start scratch preced follow work concern agre splendid work mani committe set sinc point bear argument stand committe sinc first committe set outbreak war sixteen committe committe sinc make twenti emphas fact stand committe necessari committe necessari work need mention name men head first committe show promin given veteran affair men w f nickl newton wesley rowel hume cronyn sir herbert marler cyru macmillan c g power last least sure rosthem mr tucker present leader opposit saskatchewan attain honour posit leader majesti loyal opposit provinc next elect;Alfred Johnson Brooks;1948
1509415;hope better;Walter Adam Tucker;1948
1509416;hopel;Howard Charles Green;1948
1509417;hope spring etern;An hon. MEMBER:;1948
1509418;peopl say;Walter Adam Tucker;1948
1509419;committe set would necessari go red tape set present time set last year would oper christma pension would increas war veteran would increas allow mani benefit would receiv veteran committe smaller committe feel veteran affair committe set committe men work hard year prepar call veteran charter men committe time feel hous committe lose valuabl experi mani men vers veteran affair anxiou help work know men anxiou committe term refer concern minist said moment ago matter pertain veteran would refer committe resolut read select committe appoint consid legisl relat pension treatment establish former member majesti arm forc person engag pursuit relat war make recommend time time respect thereto would call minist attent fact besid make recommend resolut gave committe opportun right submit draft bill hous wonder left present resolut matter think deserv attent fact mention arm forc merchant marin includ side hous advoc time argu men merchant marin includ arm forc men merchant marin told last war men high stand govern fourth arm servic concern necessari enlarg upon fact known hous feel merchant marin men merchant navi receiv today receiv justic entitl canadian hous parliament view like offer amend resolut follow move second vancouv south motion amend insert word forc third line thereof follow includ merchant navi resolut read select committe appoint consid legisl relat pension treatment establish former member majesti arm forc includ merchant navi person engag pursuit relat war make recommend time time respect thereto like minist intend afternoon go phase veteran affair matter like refer hear comparison made hous nation told benefit men veteran legisl best world gener statement mr speaker think bear close scrutini say veteran legisl good good point feel could improv agre state veteran legisl balanc best legisl world took troubl write washington get report veteran legisl countri amaz benefit veteran unit state receiv comparison canadian veteran take time afternoon give detail list among benefit would mention student goe univers receiv free textbook great benefit man attend univers besid free tuition cours give veteran receiv extra year besid time servic veteran receiv month month serv armi unit state receiv month receiv time serv armi receiv year bonu man serv armi month would get month tuition univers rate pay mention veteran disabl lost leg arm given free car year man blind provis made given see eye dog advantag think blind man helpless allow men receiv year american pay month helpless pension might say go list besid receiv central govern unit state state american union pass law grant benefit return men consid ad fact say canadian legisl provid countri world like mention matter appeal prefer employ go discuss civil servic employ civil servic concern take gener except veteran affair committe cours civil servic prefer carri mani prefer employ besid civil servic highest lowest countri posit come civil servic would mention instanc matter appoint senatorship judgeship last war know men promin war appoint senat irrespect polit affili appli judgeship take provinc exampl know last year appoint judgeship senatorship concern veteran prefer taken consider present time situat provinc new brunswick like call attent chief justic baxter learn jurist suppos dominion pass year mr justic harrison sinc act chief justic judg high stand suppos judg higher stand veteran first world war appoint chief justic mr justic harrison would make splendid chief justic belong right polit parti wait time come polit appoint made say thing right duti feder govern set exampl matter kind complain discrimin lower appoint discrimin higher appoint cannot complain meet minor appoint matter wish refer mr speaker someth call attent numer occas receiv number letter ask place hous common polit discrimin quot halifax mail wednesday head articl polit discrimin vet charg read follow discrimin war veteran flavour polit worker condemn meet execut council provinci command canadian legion day session halifax monday follow heat discuss aros lettet halifax counti liber parti chairman execut committe releas statement dot text letter request publish might point execut council provinci command canadian legion nova scotia part dominion non polit organ men politician belong parti membership made member parti countri object see veteran get consid squar deal articl continu legion statement name omit letter quot publish herewith canadian legion offic said name file heat discuss meet execut council nova scotia command canadian legion appar discrimin war veteran favour polit worker nova scotia govern project particular indign voic attitud consid preval like emphas word attitud consid preval express letter state war veteran hold govern job must vote liber parti full text letter chairman patronag committe secretari canadian legion branch follow may comment express preval indic isol case would say noth man temer stupid foolish put thought paper hundr case fact publish might say connect know mani similar case provinc new brunswick read letter chairman set posit goe say gener theme letter letter receiv chairman provinci command canadian legion district would gather veteran need protect land men home front made possibl sinc war peopl veteran taken cate show mental attitud man continu would think polit scheme endors lay mr blank name road construct sinc speak great deal liber committe mr blank veteran ask polit view enlist think probe littl deeper veteran affair committe matter find went enlist job road ask particular think think agre employ sinc earli spring liber govern project poll station premis elect dtay would cast vote favour protect veteran know term could come give man chanc return mark insignific littl x john dickey elect day came would consid right truck fill gap non veteran non worker liber govern attitud mr speaker particular man goe say may acquaint fact order jurisdict pass legisl legion protect noth say say done order peopl pass legisl legion protect suggest someon goe say per cent way word liber govern run affair canadian legion want take step way take co opet servicemen want consid taken care much support elect time come crawl hand knee poll booth cast liber vote;Alfred Johnson Brooks;1948
1509420;shame;Some hon. MEMBERS:;1948
1509421;might say mr speaker think heard polit philosophi effect veteran work man besid give honest day work honest day pay receiv public money paid1 govern parti countri must give vote govern parti work man entitl share whether vote liber parti whether vote parti sacrific right citizen countri give right vote pleas right great sacrific long period time mr speaker philosophi nazism philosophi men fought destroy europ philosophi eat heart world today connect commun say isolated1 case particular district writer letter goe say may say pass dealt case similar summer call veteran boast put truck road without consult told blank much presenc right mr blank brought lad earth forc eat humbl pie letter think take time hous read believ indic attitud particular man said gener attitud mani part maritim provinc present time articl state legion press principl follow feder govern grant prefer employ govern project war veteran cannot recogn valid principl worker polit parti claim peopl provinc superior veteran serv countri hour greatest need someon may bring matter hous common state short time first place brought call attent great mani peopl second place think repres unjust principl practis mani part countri reason bring week move appoint committe inquir price increas prime minist mr mackenzi king said public greatest weapon could use person guilti mean toward fellow men word found page hansard februari men may individu live noth abhor guilti mean taken undu advantag fellow men mean expos public import reason impel rais matter today prime minist went say firmli believ dn power public base fact public opinion play larg part determin cours event conduct human be think necessari comment point accus premier nova scotia guilti act think know men top mean thing polit concern throughout countri men smaller posit chairmen committe men hold small job wish protect interest premier elect see job protect veteran affair committe everyth possibl end think necessari preserv democrat principl may said happen occas deni affirm today live condit differ obtain year today thousand men employ govern year job comparison today say half peopl receiv chequ govern know whether true doubt million peopl receipt benefit govern said moment ago import matter kind exercis greatest possibl care good countri parti power abl fortifi method perpetu tenur offic believ call greater fight behalf plain citizen littl man countri district pay tax will anxiou work given protect enjoy benefit tax friend pay man vote certain parti job holder becom arrog arbitrari littl dictat littl tyrant polit parti district said main idea keep govern power may protect job like read musquodoboit harbour branch canadian legion say letter offens tone letter unbeliev insult ex servic man agent polit parti make statement veteran will crawl hand knee poll booth vote liber gratitud benefit v danger tactless provoc cheapest kind point gratitud involv veteran affair gratitud part peopl like patronag chairman hide whip ss concentr camp made inquiri mr speaker would seem man particular dismiss thing done made public understand done exampl made man other guilti offenc way clear situat know becom preval time least maritim provinc week discuss veteran affair detail minist say matter sent committe committe opportun discuss remark make afternoon;Alfred Johnson Brooks;1948
1509422;mr speaker hope brief remark believ speak least member provinc side hous say hundr veteran member hous common desir legisl brought brought put effect possibl believ desir get committe set endeavour help veteran hundr veteran member hous make forti minut speech deal individu polit case veteran get justic;George Alexander Cruickshank;1948
1509423;individu case;Alfred Johnson Brooks;1948
1509424;agre royal mr brook open remark bring individu case may veteran fire get certain job anyth veteran whole sure member british columbia sit side hous adopt approach believ british columbia sure friend amend understood could support though think cover resolut glad see royal adopt stand connect merchant marin last year given verbal spank minist said connect;George Alexander Cruickshank;1948
1509425;advoc;Alfred Johnson Brooks;1948
1509426;interrupt read essay unemploy veteran maritim provinc interrupt;George Alexander Cruickshank;1948
1509427;make mistak;Alfred Johnson Brooks;1948
1509428;anyth merchant marin last session understand see veteran affair committe cannot support amend though believ cover resolut word person engag pursuit relat war make recommend time time respect thereto cover shall glad support amend pleas new minist statement connect like give credit former minist agre fact time last year undertook spank connect merchant marin got favour editori newspap got none want pay tribut work mani year minist know popular branch legion want tell member branch legion member parti hous could influenc govern utmost time veteran thing sorri royal mention think get committe set order deal war veteran allow group need immedi attent receipt veteran allow allow inadequ think new scale pension recommend inadequ good sake let get committe set make forti minut polit speech let get committe set help veteran refer made fact veteran given prefer make appoint place class veteran whole dominon ill treat opinion disabl due respect disabl think better place send place might solv problem point like refer whole histori veteran maritim men get job appoint made ride sinc organ c c f got conserv got let get penni ant stuff let get committe set know work opposit member veteran committe royal said got previou veteran committe littl disput whole work cannot speak member know speak british columbia member say desir get committe get legisl place statut book order men may get chequ utmost committe see veteran receiv adequ pension provid amend receipt veteran allow taken care;George Alexander Cruickshank;1948
1509429;mr speaker desir time make observ regard resolut set select committe veteran affair committe consid legisl relat pension treatment establish former member majesti arm forc person engag pursuit relat war seem larg order countri veteran last world war add number veteran world war depend depend second world war veteran group relat variou pursuit close war merchant marin nurs servic men flew ferri command fire fighter total deal assum stagger proport depart veteran affair heavi depart deal nation welfar import estim depart brought hous subject closest scrutini held discuss special case special case dealt consid floor hous place special case might call margin case consid person group author suggest order facilit passag estim depart veteran affair perman parliamentari committe set doubt mind week could lop parliamentari session perman committe veteran affair function throughout session committe last session passag estim particular veteran affair committe depart slow tediou despit fact minist genial co oper submit best interest veteran larg proper conduct work hous would wise set perman parliamentari committe deal1 veteran problem great mani problem consid suggest committe shall refer want accus hold resolut believ whole schedul pension schedul allow refer previou speaker revis pension allow remain basic rate struck adjust made inadequ insuffici enabl veteran famili enjoy standard live schedul intend present pension inadequ increas cost live today canadian standard live higher twenti year ago feel singl veteran student includ recent increas grant recipi train allow young men women experienc grave difficulti carri cours financi need receiv month seem consider figur struggl univers much less cost live day noth compar today suggest increas cost live gone per cent sinc train allow schedul revis upward seem fair singl veteran student includ along marri veteran chang schedul rate would wish committe allow consid grant clear titl soldier settler averag si exact farm unit passag twenti year men struggl year tri make end meet twenti year time right wrong rectifi injustic interest rate high conced care exercis mani case choic land other victim circumst hope matter may discuss committe matter deserv seriou consider committe rehabilit merchant seamen fourth arm servic call awar merchant seamen constitu feel merchant seamen victim injustic feel receiv rehabilit grant train allow veteran receiv true uniform render invalu servic hour greatest danger casualti heavi suffer great brave men given opportun make represent committe opportun given group shall mention feel represent instanc men ferri command fire fighter war amput nurs servic think ought investig failur veteran land act fail provid farm thousand veteran clamour land west settlement slow slow mani unabl get establish despit fact land avail loan grant inadequ said year hous true today administr act appear cumbersom ineffici recent return made hous give interest figur regard slow settlement cost loan veteran figur taken session paper show veteran settl veteran land act provinc saskatchewan total number settl sinc saskatchewan decemb end last calendar year averag veteran settl per year number veteran desir land saskatchewan estim estim arriv take number veteran enlist saskatchewan war compar number veteran settl old soldier settlement scheme settl veteran land rate per year rate take thirti year job accommod men want land expens administr veteran land act appear excess saskatchewan accord session paper paid veteran affair committe veteran land act travel expens salari rent local miscellan amount paid depart public work rent light heat tax forth figur given return total expens administr figur reveal divid cost loan approv provinc saskatchewan work per loan ad cours must pro rata share extra expens paid depart public work rent light heat sort thing figur given return total amount money lent veteran saskatchewan averag loan therefor cost administr per cent extra refer might run ten per cent indic unsatisfactori state affair whole program veteran land act ought scrutin investig must appar mr speaker member hous great deal work done select committe veteran affair feel matter regret committe set mani import urgent problem dealt hope much done week assist veteran solut mani grave problem confront today;Eric Bowness McKay;1948
1509430;mr speaker shall brief committe shall plenti opportun say think done group appreci work sincer former minist veteran affair afraid present minist probabl run obstacl predecessor ran advers decis treasuri board minist veteran affair oregg afternoon gave assur term refer committe would wide permit matter relat depart come committe read term refer thought wide permit full discuss merchant navi without move amend rememb merchant navi mention former term refer nevertheless discuss merchant navi former committe recal time veteran charter consid special committe veteran affair great deal dissatisfact express inadequaci measur contain subsequ event proven dissatisfact justifi time failur govern bring certain amend veteran legisl mani case caus extrem hardship mind depart veteran affair make heavi expenditur behalf veteran number year veteran problem continu acut one futur think would good idea govern would make committe veteran affair stand year year committe would posit deal variou matter relat veteran without wait sever year special committe set group would like join protest made regard inadequaci govern propos refer increas disabl pension believ low rate justifi mind cost live rent increas per cent sinc rate pension last set feel legion request per cent increas beneficiari pension act reason present procedur reduc pension veteran world war examin show reduct disabl viciou thirti year sinc first war averag age veteran fifti govern tri save dollar penal old veteran consequ tragic incid incid regret sinc time peopl think feel would good idea govern made present rate pension veteran world war floor revis made futur upward like say word respect war veteran allow act tragic case hardship may found amongst recipi war veteran allow want make clear min veteran affair committe ute critic administr act believ respons administr act gone way gener act permit whole troubl amount payabl act low meet current cost live aggrav ceil addit incom feel rate rais least level month without mean test think mean test main curs war veteran allow act ceil allow restrict regul govern method addit incom may earn acquir addit incom year allow may earn incom casual earn interest invest string attach addit incom veteran allow would bad ceil addit incom low govern prepar remov mean test least could allow veteran incom amount exempt incom tax would present time like say word regard student veteran receiv mani letter student veteran regard scale allow fact mani discontinu studi account lack fund cannot understand veteran would give studi account lack fund mind fact committe dealt legisl grant student veteran loan therefor receiv brief nation council student veteran alberta saskatchewan manitoba wrote ask veteran discontinu studi ask whether veteran made use loan like quot part letter receiv refer loan writer say regard point agre term loan easi problem mani student obtain loan individu univers vari condit determin elig loan exampl certain eastern univers discourag loan practic extent student lost hope attempt obtain extrem western varsiti produc long list satisfi loan seeker student receiv person experi loan board univers saskatchewan campu loan view emerg measur money given unless definit proof present form doctor bill promissori mote etc letter sign donald french repres nation council student veteran surpris get letter discuss matter committe given understand loan would made avail help student found abl carri studi find definit limit place upon use loan therefor urg minist make thorough investig whole loan variou univers throughout countri find restrict impos upon use loan univers loan grant similar circumst loan may refus univers matter investig present rate taxat charg settler small hold veteran land act intent act relat small hold draft settlement semi urban area limit acreag opportun augment small regular incom main advantag low tax regul set ceil today find project settler pay tax high vast differ brief settler bow project shall bring committe set done hope minist make full investig bow project find form relief cannot given case possibl municip reduc tax think respons feder govern tri take care situat close like say consider given demand fire fighter view fact definit promis given upon enlist would consid categori men serv arm forc feel consider given merchant seamen necessari refer wonder record men show mani serv veteran affair committe danger area mani men today get full benefit veteran legisl howard c green vancouv south mr speaker cours debat speech throne spoke februari variou aspect veteran affair wish cover ground today point like rais hous bear minut shall tri make clear first place urg minist hous accept amend move royal mr brook second notic mr speaker amend add word majesti arm forc word includ merchant navi amend carri first paragraph resolut consid today read select committe appoint consid legisl relat pension treatment establish former member majesti arm forc includ merchant navi person engag pursuit relat war make recommend time time respect thereto suggest member valu committe resolut adopt amend includ committe may take merchant navi treat fourth arm servic last session sever debat whether merchant navi men receiv proper consider opinion today hous believ men treat though serv arm forc therefor suggest make clear time includ word propos would refer member promis made prime minist mr mackenzi king juli last year found page hansard enter debat whether veteran prefer civil servic extend men merchant navi said proper way proceed would posit merchant seamen consid session parliament undertak say would advoc cours taken special committe light said afternoon go speech throne find follow countri rememb pride heroic exploit fight men merchant seamen impli govern consid merchant seamen effect fourth arm servic magazin searchlight publish men merchant marin contain statement mr michaud notic minist labour mr mitchel smile statement public effect;Victor Quelch;1948
1509431;smile law would smile friend take;Humphrey Mitchell;1948
1509432;minist pleasant smile glad see smile today statement j e michaud publish februari bodi men fight servic done caus freedom unsung hero sea merchant seamen war effort would unavail heroic devot duti canadian seamen alli nation merchant seamen form fourth arm fight servic statement effect sever minist proceed veteran affair committe member find page statement summari evid taken department offici recess session mr randl head merchant ship portion war;Howard Charles Green;1948
1509433;director merchant seamen;Lionel Chevrier;1948
1509434;director merchant ship;Howard Charles Green;1948
1509435;merchant seamen;Lionel Chevrier;1948
1509436;mr randl state percentag casualti merchant marin greater servic think statement correct royal suggest posit settl today includ merchant fourth arm servic hous see fit vote amend hand mean vote amend say merchant navi fourth arm servic think great injustic brave men found committe sit merchant seamen fall veteran affair committe depart first place charg depart transport get adequ pension benefit avail ex servic men get depart veteran affair felt throughout sit fail give proper consider fell depart suggest make clear committe see get justic object govern includ merchant seamen benefit told would hard defin consid merchant seamen entitl get benefit would point need worri score bill g pass senat year amend veteran insur act bill find definit merchant seamen could use veteran legisl definit merchant seaman receiv elig receiv bonu pursuant merchant seaman special bonu order time within year day august think anyon today great unfair men failur give consider would point minist merchant seaman cannot get pension disabl suffer diseas incur unless disabl diseas trace enemi action word disabl sea roll ship could get compens contract tropic diseas tropic diseas orient could get compens mind mani case vancouv vancouv great seaport great mani men serv merchant navi necessari man hit enemi fire order qualifi pension unfair situat cannot take train cannot get vocat train unless train sea mani thousand men sea war peacetim small number chanc great major go sea cannot get vocat train unless take connect seafar life cannot get educ benefit merchant seaman may torpedo time sit desk univers man serv outsid merchant seaman get help lad think anybodi suggest fair procedur merchant seamen cannot take hold veteran land act unless happen pension thirti thirti merchant seamen pension minist veteran affair mr gregg correct figur believ fifti whole war period cannot qualifi busi profession loan get prefer civil servic suggest hous face fact merchant seaman get raw deal today first step remedi situat accept amend direct committe see fair treatment mete first subject place hous today second cannot say veteran affair committe must allow make decis must becom creatur govern happen detract reput establish veteran affair committe throughout year;Howard Charles Green;1948
1509437;object mr speaker;Walter Adam Tucker;1948
1509438;;Howard Charles Green;1948
1509439;suggest say member committe becam creatur govern justic committe member thereof right suggest member committe becam creatur govern object statement withdraw;Walter Adam Tucker;1948
1509440;surpris mr speaker rosthern blow fuse statement;Howard Charles Green;1948
1509441;surpris way;Walter Adam Tucker;1948
1509442;say member becam creatur govern said committe becam creatur govern repeat statement;Howard Charles Green;1948
1509443;thing;Walter Adam Tucker;1948
1509444;shall explain happen committe consid amend pension act certain veteran affair committe amend accept committe amend hay matter presumpt regard pre enlist condit intend deal littl amend deadlin pension act deadlin provid veteran first war marri may wife cannot qualifi allow children wife cannot qualifi allow special committe brought adopt recommend deal situat copi proceed committe rosthern forgotten chairman committe sure forgotten consider row time recommend accept committe govern member sent meet held day come govern member taken part littl proceed committe time sever minist minist labour mr mitchel reinforc parliamentari assist brought motion move wipe recommend substitut recommend govern want say committe made creatur govern say must happen;Howard Charles Green;1948
1509445;mr speaker;Walter Adam Tucker;1948
1509446;done cours govern would reject hous recommend made veteran affair committe unfair committe go tell hous;Howard Charles Green;1948
1509447;mr speaker;Walter Adam Tucker;1948
1509448;floor;Howard Charles Green;1948
1509449;point order;Walter Adam Tucker;1948
1509450;rosthern may make speech;Howard Charles Green;1948
1509451;tri make speech vancouv south made statement committe reduc statu creatur govern suggest unparliamentari statement unfair unjust committe member excus made make statement justifi member committe attend came final decis matter justifi say committe creatur govern suggest parliamentari;Walter Adam Tucker;1948
1509452;rosthern go littl say member came made final decis differ matter make final decis decis made govern member came revers happen hand;Howard Charles Green;1948
1509453;decis given hous final decis cannot get;Walter Adam Tucker;1948
1509454;rosthern cannot take like committe day rush chair like bull rush china shop;Howard Charles Green;1948
1509455;thank remark say mr speaker reflect committe unfair unjust;Walter Adam Tucker;1948
1509456;second fuse blown mr speaker shall read;Howard Charles Green;1948
1509457;suggest suggest blew fuse made unparliamentari remark blown fuse think smart clever make statement member order;Walter Adam Tucker;1948
1509458;say right say say make foolish silli statement;Walter Adam Tucker;1948
1509459;order see point order rais think order say committe creatur govern said vancouv south know anyth unparliamentari;William Henry Golding;1948
1509460;;Walter Adam Tucker;1948
1509461;sum mr speaker support statement shall quot committe proceed june page may say statement veteran affair committe kenora raini river mr benidickson know govern;Howard Charles Green;1948
1509462;govern;Colin William George Gibson;1948
1509463;least liber parti say committe made certain recommend think revers except unanim consent think revers committe decid see reason committe reach unanim viewpoint thing bill govern bill endors find attempt compromis cannot reach someth endors everybodi mean minor thing go controversi hous govern assum respons bring bill think respons see take page say go vote amend object think committe forc muscular strength revers someth submit prepar vote next page said legal mind say rough roller peopl oppos view minist fo support minist hous go support method committe rosthem rais row statement kenora raini river withdrew read record hope back track time see mr speaker point govern forc chang recommend committe vital point unsettl import point dealt connect veteran preenlist condit thousand young canadian refus pension ground suffer pre enlist condit young men enlist fit good get armi navi air forc great mani good taken told commiss cannot qualifi disabl pension suffer pre enlist condit got figur chairman pension commiss estim depart consider ask minist bring figur date kind enough get recess june figur men taken forc fit discharg unfit yet refus pension full disabl aggrav basi ground suffer pre enlist condit serv theatr actual war outsid number servic render number total cannot tell mr speaker cannot tell canadian proper situat young canadian taken forc fit discharg unfit held qualifi pension pre enlist condit situat must met committe tri meet move thi3 presumpt written act shall presumpt applic condit record accept forc fact condit time subsequ deterior servic due servic idea put onu state show deterior condit caus servic think minist object pension commiss like matter outlin moment ago amend may proper way meet situat figur speak reason canadian go rest live disabl good serv forc without abl get compens whatev disabl point deadlin mention prove case reason veteran first war marri may receiv allow wife children wife matter must straighten committe year third point hope power committe deem wide permit bring recommend better treatment children men die believ children veteran die given veteran affair committe advantag vocat univers train expens state father would benefit return present time child veteran kill get advantag result great disadvantag life compar child civilian matter child veteran came suggest committe power recommend legisl deal situat mr speaker today minist said would like amend pension act rush hous put stage make clear whether intend refer bill committe suggest go amend would import job committe could session make farc committe legisl kind rush hous without first refer committe consider minist abl pension act abl thing amend war veteran allow act measur way committe abl deal left good1 minist live statement made februari regard war veteran allow page hansard said amend war veteran allow act studi propos complet end present week week sinc time statement word respect improv war veteran allow legisl statement made prime minist decemb promis inadequ intent repeat today said februari think hous parti believ propos amend war veteran allow act anyth like adequ suggest minist bill amend pension act bill amend war veteran allow act go committe fair committe opportun afford canadian legion armi navi air forc amput associ canadian corp sir arthur pearson club soldier organ make represent young lad univers chanc state case bill refer committe represent made made effect hope attempt made short circuit committe put legisl hous without refer committe done import work committe reduc think great injustic done young men women serv year last war older men women serv first great war;Howard Charles Green;1948
1509464;mr speaker intend delay hous like make observ feel import get resolut hope consent might advanc pension legisl point could sent committe today could consid member know seem great congest busi hous although effort made bring forward matter great import includ debat address repli speech throne held set committe everyon know hope increas adjust chequ past month would go end month pension bill put hous preliminari work done get pension increas adjust chequ readi avail chequ held mani thing said today seem could said committe could said pension legisl put chequ could sent urg resolut pass consider given put pension legisl consid committe report hous someth suggest sidetrack short circuit refer pension legisl committe reason suggest felt govern agre readi go regard payment certain increas veteran affair committe pension thought would good thing get payment possibl adjust amount month pension thought winter would good thing get payment thought might gener agreement let increas go without prejudic committe hous abl consid anyth felt done proper way bill report hous put committe right make submiss regard increas pension right make recommend cannot understand attitud hold payment veteran need matter debat debat debat;Walter Adam Tucker;1948
1509465;peopl hold;Howard Charles Green;1948
1509466;hold everybodi know statement untru incorrect everyon know person side hous spoken figur satisfi record would prove least opposit side spoken delay get busi hous respons lie opposit govern side hous;Walter Adam Tucker;1948
1509467;recommend begin session month ago committe set order matter could consid;Alfred Johnson Brooks;1948
1509468;member side hous make represent govern committe set thing done hous thing debat debat repeat repeat bound delay put work member side hous blame speak mani thing anxiou thing go opposit debat matter know thing time taken everyon know ask debat speech throne continu finish debat gone next get say gone gone whenev anyth brought today accept allow go dealt speech royal mr brook brought minor concern maritim mean attack last committe vancouv south mr green thought;Walter Adam Tucker;1948
1509470;mean attack unwarr vancouv south;Walter Adam Tucker;1948
1509471;mr speaker give rap say think word mean attack withdrawn;Howard Charles Green;1948
1509472;meant withdraw suggest fine veteran committe made creatur govern think ask withdraw statement mean remark;Walter Adam Tucker;1948
1509473;;Howard Charles Green;1948
1509474;think time vancouv south made remark committe creatur govern act speaker mr gold rule order view rosthern might withdraw remark;William Ross Macdonald;1948
1509475;hear rule;Walter Adam Tucker;1948
1509476;said take;Arza Clair Casselman;1948
1509477;intent take;Walter Adam Tucker;1948
1509478;act speaker mr gold rule vancouv south order said committe creatur govern understood rosthern state would insist remark remain hansard;William Ross Macdonald;1948
1509479;said statement impugn stand committe hous say committe becom creatur govern say intend withdraw unless told unparliamentari think justifi circumst intent withdraw unless rule must;Walter Adam Tucker;1948
1509480;ask rule mr speaker point submit right make statement type concern veteran affair committe;Howard Charles Green;1948
1509481;point order give rule mr speaker listen remark understood moment ago indic rule rosthern withdraw act speaker mr gold rule remark order understand thing relat bear relationship;Leslie Alexander Mutch;1948
1509482;rosthern state would withdraw remark unless vancouv south withdrew remark rosthern said order rosthern made statement remark act speaker mr gold state remark respect committe creatur govern order suggest view view statement rosthern withdraw remark regard mean mr probe bow;William Ross Macdonald;1948
1509483;oh;Some hon. MEMBERS:;1948
1509484;know funni remark say natur say fellow member creatur govern say mean remark object withdraw remark insist withdraw remark rule allow talk like fellow member parliament cannot say mean thing say rule way bow rule;Walter Adam Tucker;1948
1509485;rule case mr speaker rule;Howard Charles Green;1948
1509486;sit;An hon. MEMBER:;1948
1509487;sit anybodi speaker rule order ask withdraw remark made rosthern mr tucker parliamentari;Howard Charles Green;1948
1509488;mr speaker feel say case manag get someth;Walter Adam Tucker;1948
1509489;remark order;Howard Charles Green;1948
1509490;refer citat beauchesn edit show alleg statement insult malign offens forth unparliamentari think word use would come within rule;William Ross Macdonald;1948
1509491;withdraw mr speaker say;Walter Adam Tucker;1948
1509492;order;Some hon. MEMBERS:;1948
1509493;right continu speech mackenzi mr nicholson cannot bear speak go say said fellow member creatur govern repudi suggest say insult member opposit side hous will said answer think justic speak way fellow veteran sat committe knowledg occas persuad govern chang legisl accord wish committe creatur know make statement justic fellow veteran parliament;Walter Adam Tucker;1948
1509494;funni see nonveteran applaud;Howard Charles Green;1948
1509495;wish pursu matter speaker help thing want see done get resolut veteran legisl hous royal mr brook said suggest resolut right committe submit draft bill cours committe right make represent kind desir mere fact mention term refer prevent committe make recommend form desir draft bill recommend last parliamentari committe recommend cast form bill conveni hous noth prevent done committe desir amend move royal intent merchant marin matter look desir committe think intent amend mean resolut parliament make ex member merchant navi member majesti arm forc tri resolut think done veteran affair committe way know intend;Walter Adam Tucker;1948
1509496;intent recogn merchant navi foot arm forc benefit concern;Alfred Johnson Brooks;1948
1509497;think satisfi assur problem would look committe includ term refer suggest made adopt amend take attitud way shape form member merchant navi shall regard member majesti arm forc lead discuss know provok particular stage cours consid problem merchant navi amend mean consid problem merchant navi make parliamentari declar matter see object accept amend would understand make declar merchant navi becom resolut parliament full fledg ex majesti arm forc declar would requir consider consider discuss matter decid time feel amend goe see anyth wrong would enabl studi problem shall;Walter Adam Tucker;1948
1509498;wish debat point friend vancouv south mr green point men place foot arm forc would belat recognit principl laid cabinet minist last number year regard servic men think amend put;Alfred Johnson Brooks;1948
1509499;place amend insert made wonder motion resolut amend insert word forc word includ merchant navi amend said member majesti arm forc member merchant navi person would clear want problem consid say member majesti arm forc includ merchant navi would creat impress parliament recogn merchant navi part majesti arm forc question moment wonder servic great contribut merchant navi wonder right time declar opinion hous member merchant navi member majesti arm forc;Walter Adam Tucker;1948
1509500;think member merchant navi purpos pension benefit treat though member fourth servic;Howard Charles Green;1948
1509501;get believ veteran affair committe state time think done someth go come committe seek set committe give right consid certain matter think intend amend make declar merchant navi effect member majesti arm forc think meant right consid problem intent see harm would emphas want consid say intent see object;Walter Adam Tucker;1948
1509502;intent place member merchant servic foot member arm forc pension benefit rosthern ask wish withdraw amend would like vote let hous decid;Alfred Johnson Brooks;1948
1509503;want intent clarifi amend word propos insert look wish go give committe right consid problem merchant navi concern intent problem merchant navi consid;Walter Adam Tucker;1948
1509504;vote amend mr st laurent goe beyond;Howard Charles Green;1948
1509505;meant would object ask veteran affair committe mean seem reluct say mean may chanc consid said may made clear understand set committe consid problem veteran variou peopl engag pursuit relat war let drag declar committe set given right full broad investig problem say consid statement may abl clear save time want get get legisl point consid royal made refer treatment give student compar unit state hate take time feel correct impress may left peopl unit state treat student veteran regard train better mention could get train year period servic would point unit state train limit year may go year student good show benefit train regard amount paid unit state marri student depend get month rate go forc;Walter Adam Tucker;1948
1509506;may includ recent increas made allow unit state veteran;Alfred Johnson Brooks;1948
1509507;understand provis whatev depend unit state singl man get;Walter Adam Tucker;1948
1509508;would like correct;Alfred Johnson Brooks;1948
1509509;permit complet remark abl follow interrupt;Walter Adam Tucker;1948
1509510;give wrong fact fact;Howard Charles Green;1948
1509511;cours realiz friend seem think one know anyth interrupt thought give inform incorrect vancouv south made statement reflect find incorrect interrupt;Walter Adam Tucker;1948
1509512;noth interrupt;Howard Charles Green;1948
1509513;exampl said marriag took place june datelin respect children lift look legisl find datelin respect children lift interrupt tri show littl bit courtesi man serv parliament thirteen year serv differ veteran affair committe would think refer term refer;Walter Adam Tucker;1948
1509515;realiz may think finer man everyon entitl opinion may go suggest treat student veteran unit state refer consider mention accord last inform given veteran student depend unit state depend wife children matter mani got;Walter Adam Tucker;1948
1509516;mr speaker fact would allow correct concern;Alfred Johnson Brooks;1948
1509518;order rosthern ask interrupt member agre say interrupt;William Ross Macdonald;1948
1509519;privileg said statement made incorrect privileg right make statement;Alfred Johnson Brooks;1948
1509520;order privileg disput member regard fact cannot rais privileg circumst rosthern floor;William Ross Macdonald;1948
1509521;want prolong thing point extra provis unit state children man wife common veteran affair committe;Walter Adam Tucker;1948
1509522;say wrong;Alfred Johnson Brooks;1948
1509523;rosthern requested1 interrupt must insist must interrupt;William Ross Macdonald;1948
1509524;say mr speaker accord last inform possibl may feel recent inform object rais must say;Walter Adam Tucker;1948
1509525;tri;Howard Charles Green;1948
1509526;accord last inform unit state marri student get children get paid respect wife addit respect children increas allow say last inform may newspap clip indic someth differ may correct improv rate suggest inform gone congress give last inform marri man get amount whether children set pay respect children respect wife man get extra get extra respect first child respect second child get extra respect third child get extra word man wife children get famili allow would ventur say get unit state wish bring andl seem fair remark make like refer remark weyburn mr mckay suggest settlement veteran land act go time felt way mani veteran organ saskatchewan tell settlement soldier settler first war went fast went land inflat valu stock equip expens mani case could better veteran held wait year war order get settl reason brought amend man could get loan leas land order might get start farm without undertak buy land inflat immedi post war valu know mani veteran organ approv attitud rush soldier land war cours give right go land cost land equip gone mani case think veteran satisfi wait get land better valu abl buy equip stock lower price buy present time;Walter Adam Tucker;1948
1509527;may parliamentari assist age barrier reconsid event settlement drag suppos land valu come futur time done present age barrier;John Oliver Probe;1948
1509528;think committe govern look reason realiz polici govern rush peopl land wise go take year matter recommend committe taken consider regard futur polici think wise polici tri get everybodi settl first year war agre polici tri get veteran land hope home abl pass children tri get land condit ensur best interest matter cours consid committe whether settlement gone acadia mention student loan matter interest thought provid money make loan worthi student discontinu cours money avail uniformli student throughout countri word univers loan scheme pretti administ uniform basi cours confer univers presid discuss matter consid whole situat brought matter committe look opinion provis student abl borrow money scheme set discontinu cours veteran affair committe splendid idea make sure oper best possibl advantag matter mention vancouv south posit men merchant navi understood said could get pension anyth due enemi action sake record would point act definit constitut enemi action counter action let quot section e civilian war pension allow act e enemi action counter action enemi includ extraordinari marin hazard occas war encount canadian ship certifi non canadian ship employ voyag opinion commiss essenti prosecut war behalf majesti majesti alli read indic enemi action counit action wider signific might appear includ extraordinari marin hazard occas war;Walter Adam Tucker;1948
1509529;tell mani merchant seamen get pension;Howard Charles Green;1948
1509530;want delay hous look know case pension award enemi action extraordinari marin hazard exampl suffici light owe fact war;Walter Adam Tucker;1948
1509531;figur fifti;Howard Charles Green;1948
1509532;would guess look coupl day ago cannot rememb sorri cannot give figur procur think wish say except state answer ask vancouv south total amount paid disabl pension civilian war pension allow act disabl pension depend total;Walter Adam Tucker;1948
1509533;merchant seamen everyon civilian war pension allow act;Howard Charles Green;1948
1509534;regard canadian merchant seamen number disabl pension twenti number depend salt water fishermen disabl pension depend twenti canadian merchant seamen suppl mentari number fifteen depend fifti could go give figur give idea number grant may say word conclus regard experi committe year sat must say recollect vancouv south thought member committe got member parti got enorm amount work thought hous countri felt done good job time dispos hope member committe get along harmoni abl accomplish least compar measur work satisfactori veteran committe past chairman previou committe want thank member took part deliber kind toward willing work work accomplish like say word appreci minist privileg serv year serv veteran ith countri refer right ian mackenzi senat mackenzi glad say behalf opinion one parliament work singl heart desir serv veteran right mackenzi pleasur work believ veteran countri grate way tri serv improv lot help respect repeat great privileg serv present minist veteran affair mr gregg feel man understand problem veteran heart right place best veteran deem privileg work;Walter Adam Tucker;1948
1509535;man want occupi much time hold hous man anxiou get legisl parliamentari assist minist veteran affair bad job afternoon;Clarence Gillis;1948
1509536;took forti minut;James Arthur Ross;1948
1509537;privileg mind debat afternoon prove thing read long time veteran affair committe ago great man said get anyth want world care get credit think argument vancouv south parliamentari assist minist indic serv committe hous veteran affair opinion vancouv south mr green afternoon made good speech heard make hous thought factual come knowledg talk consid reason fair fact matter gave impress good lawyer judg way assembl fact analys put hous think fair mind juri would case regard committe want say sorri join other state right mr mackenzi place hope happi miss know someth miss side hous sit across see seat occupi someon say great deal veteran legisl came hous privileg correspond right gentleman meet found sympathet would could within confin legisl legisl broader treasuri board want permit know present minist veteran affair mr gregg want take opportun say glad post occupi know go wrong veteran affair receiv earli train execut council canadian legion nova scotia honour sit short time mani year legisl talk embryo stage know watch grow place chamber way veteran hous endeavour follow develop illus committe believ kid anyon good idea committe accomplish accomplish treasuri board permit accomplish statement made vancouv south say committe creatur govern think fair statement com mitte cannot anyth major side govern decid set committe purpos analys problem major committe take direct treasuri board matter spend money say whether side hous side sat veteran affair committe pension committe anxiou thing done parti think member took non partisan attitud matter know come time matter decid spend money minist veteran affair assist must go someon hold purs string say get money answer difficulti answer govern decid done major committe best member hope tri provok thought may access treasuri board matter affect veteran outsid come contact day shall repeat anyth said vancouv south h royal mr brook would wast time agre former analysi merchant marin suggest amend offer adopt least would guarante term refer committe would broad matter discuss someth like suggest amend includ discuss marin servic committe preclud least way see rosthern mr tucker see way consult legal branch depart get opinion mean say sorri think meant legal branch tell correct interpret cannot discuss think broaden term refer permit discuss take place committe odd end like bring attent minist rosthern regard veteran legisl sit last veteran affair committe great deal discuss within last coupl day read great mani recommend veteran affair committe made matter veteran legisl countri reciproc veteran legisl unit state unit kingdom new zealand australia think bodi outsid repres veteran present brief brought suggest make legisl reciproc situat caus hardship exampl veteran marri widow came children children born entitl receiv famili allow despit fact similar legisl effect unit kingdom run sever men serv year british merchant marin time serv paid unemploy insur protect unemploy end year decid come boy land cannot find job go card mark paid month week leav britain told unemploy insur offic entitl unemploy insur see job social legisl reciproc unit state countri mention matter may seem trivial one individu affect whether ten fifteen twenti men affect let stop minut think peopl human feel much would injustic hardship avoid tri place posit man come say year servic good deal combat servic itali western europ toward end war went night got littl difficulti sentenc time detent man sentenc detent lost liberti lost wage period incarcer addit come prosecut lose gratuiti addit job run sever posit last make contribut give number contribut unemploy insur offic order qualifi unemploy insur told cannot qualifi benefit year estab lish get arm servic credit soldier come told get arm servic credit qualifi unemploy insur applic made arm servic credit note come effect sorri cannot qualifi simpl reason got misconduct discharg wonder mani stop think minut kind treatment mete young man circumst civil life would take pay stigmat depriv social legisl stop think term money alon surpris amount young fellow like lose think someth reconsid revis think arm servic credit appli ordinari servic personnel matter employ applic case similar one set lose everyth went drink beer got littl difficulti think armi could say grace god go believ way look pick peculiar case peculiar person come like bring matter attent minist justic mr ilsley veteran hear peopl talk committe cure problem committe kind stuff think thing talk hous last year ran case like veteran first war oversea wife went unit state divorc noth could help servic came found divorc pension purpos matter kind man cannot marri commit accord decis obtain recogn unit state divorc know case kind man issu licenc marri marri twenti year could wife includ pension purpos case veteran first war case kind ontario man affect way went wife divorc came found free thought veteran affair committe went obtain marriag licenc ask late mr lapoint minist justic man marri prosecut bigami answer issu marriag licenc would entitl marri answer consid fair keep woman posit pension purpos protect servic personnel think fair war divorc busi touchi thing got war hand would consid time advis chang would requir canadian divorc law think believ thing talk mean littl thing set great deal irrit could cure commiss suffici administr latitud met peopl administ pension affair think sane reason fair would write legisl flexibl allow make decis borderlin case believ great deal troubl would overcom connect matter kind difficulti case young fellow came job railroad short time govern said give cours took cours ten month finish work appli unemploy insur unemploy insur suffici contribut ten month spent take cours cost paid govern could includ unemploy insur purpos boy idl year write think ten month spent take cours count unemploy insur purpos see reason world minist veteran affair get know thing hope may abl iron difficulti knock corner go go beyond time va provok get afternoon discuss took place would1 emphas busi merchant navi think cri injustic done section servic fought hardest battl think anyon equal hardship miseri boy mer chant marin went thought would leav vancouv east;Clarence Gillis;1948
1509538;vancouv south;Howard Charles Green;1948
1509539;right fellow would want tangl thought year govern mobil armi navi air forc said respons wage mainten see disabl taken care govern own institut function direct canadian govern section servic function system free enterpris merchant marin privat separ compani receiv profit war want accept respons mind argu boy merchant marin get everyth peopl prepar give institut parliament leav thought vancouv south must get point will give govern respons author prepar support connect institut glare exampl failur free enterpris fight last war treatment given boy merchant marin war grate compani came establish pension right hospit sort thing done peopl give govern mandat go thing social whole busi along line shall elimin injustic clock hous took recess recess hous resum clock;Clarence Gillis;1948
1509541;permit estim univers degre worth year hundr thousand veteran gone industri agricultur commerc without ask peopl cent particip product effort nation made possibl payment allow veteran friend speak think attend univers make contribut higher educ demand peopl includ rest veteran come went straight work;Humphrey Mitchell;1948
1509542;experi good mani veteran make contribut best assist fund suffici woman veteran posit emphas answer minist could read great length letter explain point shall take time hous believ countri afford invest small amount extra money educ splendid youth countri strong object amend propos progress conserv respect merchant marin cannot see read resolut amend necessari resolut say select committe appoint consid legisl relat pension treatment establish former member majesti arm forc person engag pursuit relat war opinion includ merchant seamen countri veteran affair committe group explan given parliamentari assist would presum assumpt correct resolut goe say make recommend time time respect thereto think amend extran confus pass resolut accomplish support amend view conclus urg consider given make small addit increas requir present condit cannot understand govern grant per cent increas pension could go littl farther grant percentag ask canadian legion respect war veteran allow agre comox albemi remark thought appropri put anyth said hous subject consid small addit amount requir content satisfact would bring veteran depend trust hesit grant addit pension percentag war veteran allow;Herbert Wilfred Herridge;1948
1509543;want interrupt agre everyth said except cannot go month singl student friend think increas add valu rhode scholar;George Alexander Cruickshank;1948
1509544;mr speaker month open session new minist veteran affair mr gregg introduc follow motion select committe appoint consid legisl relat pension treatment establish former member majesti arm forc person engag pursuit relat war make recommend time time respect thereto committe shall power send person paper record print paper evid day day may order committe committe shall leav sit hous sit eighteen member committe shall constitut quorum committe shall consist messr baker belzil benid ickson bentley blair blanchett brook orol cruickshank dickey dion emmerson gauthier portneuf gregg green harri grey bruce hark ridg isnor jutra langlod mac naught mckay marshal mutch peark quelch roe souri skey tucker viau white hast peterborough wright paragraph stand order suspend relat thereto may take opportun congratul new minist veteran affair upon appoint assur comrad across countri look real leadership experi past associ canadian legion qualifi look interest veteran want repeat other said prepar battl treasuri board wish put certain recommend committe may later make pleas hear minist say matter relat depart veteran affair refer committe veteran affair committe sat abl chairmanship doctor cyru macmillan privileg sit committe chairmanship rosthern mr tucker committe compos sixti member hous veteran war member put long hour mani day gave great deal thought veteran charter introduc hous opinion veteran legisl finish might stand committe hous common veteran affair wish make refer point later time wish refer heated1 discuss carri rosthern afternoon topic go brief took full forti minut said think govern blame legisl introduc time mind goe decemb discuss hous procedur prime minist mr mackenzi king introduc resolut govern order preced heat discuss along member time point mani grievanc wish discuss speech throne grievanc veteran agriculturist other discuss vote ensu hous sure exact figur debat veteran affair committe throne speech periodically1 full month thr e month last friday think dispos;James Arthur Ross;1948
1509545;dispos;Agar Rodney Adamson;1948
1509547;report readi submiss veteran affair committe want;James Joseph McCann;1948
1509548;tabl hous;Howard Charles Green;1948
1509549;pleas inform minist sure mani peopl countri glad know thought might tabl hous made avail public committe glad hear minist said veteran affair committe wish endors legion brief regard whole matter ad pension payment concern understand separ bill refer committe state delay taken place regard govern must assum respons attribut manner govern introduc legisl conduct procedur hous session heard member govern side concern bill third speaker parti taken minut shall say committe wish make point present time disappoint committe small committe sixti member brought veteran charter committe consist veteran gentlemen member hous mani quarter hous disappoint new committe consist thirti member sorri committe desir everyth comrad owe limit committe imposs particip;James Arthur Ross;1948
1509550;wish occupi ten minut time hous even call attent featur great problem care treatment return soldier last war wish compliment committe act last dot year fine charter produc last session session committe approach import problem return men non partisan point view hope spirit pervad committe departur whole committe non partisan endeavour compliment wish compliment victoria cross holder side hous like refer certain featur work committe would point last war soldier come owe lack hospit accommod hundr young soldier die flu camp toronto district consider uneasi situat inquiri seri inquest toronto result discov utter lack hospit troop result govern sir robert borden spend hospit minist militia late gener mewburn accompani look goodyear new build long branch unsuit decid take plant kodak compani call christi street hospit time doctor half part time great mani improv effect sinc day may say brought matter sunnybrook hospit propos consid war commun owner properti late patriot joseph urg devot civic purpos gave citi park last war broke urg citi toronto make use site hospit purpos late lieuten governor w ross splendid citizen die warm friend present prime minist mr mackenzi king offer sever acr larg farm erindal credit river free govern thought would accept accept sunnybrook glad last get wonder hospit improv carri great import hope christi street time close believ aspect problem veteran consid refer represent submit war amput associ lost limb limb complet eyesight fight common disabl group seek increas basic rate compens war disabl assess ask level provid per month per cent war disabl pension total war disabl month sinc fix cost unskil labour gener labour market time govern propos increas month twenti year improv standard live enforc larg increas incom throughout industri veteran affair committe busi advanc per cent widespread recent meteor rise cost live increas offer war blind war limbless war paralys war disabl would regard moder disabl draw workmen compens current wage rate industri comparison request war disabl modest made greatest sacrific countri short give live last first target govern economi correct opinion ask endors principl month per cent disabl fight man hope someth done along line committe glad see work committe embrac pension treatment establish former member majesti arm forc person engag pursuit relat war committe make recommend time time respect strong committe side hous go matter think blind amput case receiv care consider say long overdu measur assist given regard merchant marin former chairman harbour commiss founder new harbour commiss may say seen boy ship lake seen work war cannot speak work done men merchant marin war went fight battl atlant night day darkest hour war thought war lost season climat stood ship mani lost live hope someth done session hope committe consid grant bonu subvent employe canadian nation railway canadian pacif railway railway larg percentag return soldier think bonu given way transport troop seaboard work commend receiv noth connect demobil hundr train ran halifax across countri employe receiv noth servic corpor employ hope committe go particular featur matter wish mention hous amount scandal countri tell seen trailer train window come citi rememb rais matter former great newspap man mr harri anderson editor globe head press galleri took paper know would happen return men across river wind way night fire year destroy bridg ottawa part citi trailer return men right someth better thing like regard rent control know reason return soldier abl get home urg hous know injustic seen rental court decis mani case justic surpris judg act believ principl judg act particular court notic law court appear poor unfortun soldier connect incom tax petti violat control regul cannot make live high cost live summon magistr counti court judg kind thing consider given men hope govern soldier organ provid counsel see report mani newspap regard receiv mani letter member peopl write toronto district part countri need counsel soldier brought court someth done high cost live imperi thousand men sinc last war citizen twenti year get anyth known great mani and1 children children children suffer committe includ veteran affair committe firemen firemen done splendid work hope committe consid see hong kong soldier get real live allow letter ladi day said boy would hospit see great mani troop should1 place hospit rest home year return home hope committe consid featur grant equal treatment train unit state believ direct feder aid given municip way direct aid toward relief hospit rest home know great mani poor soldier wive go work daytim leav small children rest home nurs educ food women work hour day hope aid may given municip cost soldier case other burden municip treatment honour patriot suffer unto death countri war depress believ help given believ polici urg part countri hope committe consid done war memori last war survey made minist reconstruct mr howe regard war memori school commun home centr municip institut someth like countri think finest memori could build soldier give proper decent hous increas cost live allow and1 mani matter mention a1 debat last session regard war memori citi municip paid forgotten mani thousand dollar citi pay believ municip nation polici relief nation local and1 done done feder author otherwis shall citizen citi pay war memori town part countri hope committe consid war student univers colleg see magnific institut mr speaker want compliment son attend univers toronto elect head student council import colleg great univers student univers toronto larg percentag men serv war know great mani might mention danforth technic school governor gener lay cornerston war memori may next tell school use war student night day great work done secondari school talk command offic day could understand govern give assist cadet servic secondari school build provid work cadet servic commend cadet need year come soldier leader countri mani soldier univers work summertim mani cannot get job wish commend present minist interest branch work war student colleg head great univers know interest particular branch work urg extend univers countri liber treatment matter like see committe consid posit civil servic rememb head citi hard fast rule assist given return men univers rule citi start given prefer posit employ hope committe consid matter cadet servic urg upon minist know valu cadet servic peopl countri cadet today soldier tomorrow case war futur war though grace god hope may come countri hope may invad though last war urg someth done time cadet servic restor grant camp sorri minist nation defenc veteran affair committe mr claxton tonight think made fatal mistak last year elimin cadet servic program war south african war long great war cadet servic backbon militia today command offic men come tell say correct know add except say like evict return men take place throughout countri disgrac disgrac soldier cannot get possess home know head regard matter hope attent paid want compliment variou member committe nobl work year gone hope get year bring matter date return men urg son other enlist troubl come troubl come land sea air may hope committe recommend establish air train program whole empir defenc measur empir continu let drop offer committe suggest hope get work report bring bless peopl countri larg return men wive famili;Thomas Langton Church;1948
1509551;mr speaker would like impress get result debat peopl way chang attitud toward veteran peopl enthusiast today show great generos gratitud serv conclus first second great war would like impress get return men feel peopl shown gratitud servic believ major veteran feel sacrific recogn peopl grate done enabl becom establish civilian life grate comrad serv offici depart veteran affair whether pension commiss war veteran allow board board connect rehabilit connect veteran land act veteran serv capac ordinari run mine veteran countri appreci tri give squar deal cours realiz offici circumscrib law regul laid within provinc go beyond regul believ offici depart endeavour interpret law possibl proud nomin member committe privileg serv committe number year though pleasur serv committe afternoon refer made activ committe might give impress newcom committe function first month sit surpris non partisan attitud adopt variou brief present differ veteran organ listen comment made matter parti committe might repres hous tri deal problem present give opinion veteran tri work best possibl scheme fellow veteran time wore becam necessari reach decis certain matter notic consider chang new face appear meet rememb hidden legion led minist crown minist financ mr abbott overrul recommend made imparti member committe earlier session previou session parliament refer mobil reserv brought vivid recollect mobil reserv move unlik hun divis move first battl cambrai;George Randolph Pearkes;1948
1509552;object bit thick;Colin William George Gibson;1948
1509553;wit coin phrase utter afternoon vancouv south mr green refer committe creatur govern come later session committe firm convict made tool govern veteran affair committe pleas new committe set hope place strait jacket previou committe speak appreci remark minist veteran affair mr gregg say welcom suggest improv may made veteran legisl fear restrict may place committe like take minut even offer suggest hope committe abl give consider seiz opportun speak member committe hope enabl give full consider suggest refer first amend propos favour introduc motion fact committe must consid merchant navi word includ motion committe oblig consid servic render men recal happen committe sever member suggest time give full consider benefit accru member merchant marin desultori discuss part merchant navi play gener scheme win war happi go lucki discuss type benefit receiv came make final decis merchant navi jockey posit suggest benefit consid separ bill includ pension act war veteran allow act benefit affect arm servic anxiou see committe charg respons make recommend govern exactli benefit men merchant navi receiv mention afternoon merchant navi arm servic member realiz member merchant servic arm quick fire gun vessel order might deal hostil submarin member know regularli kept watch anti aircraft gun might engag hostil aircraft might fli vessel hope member side hous support recommend includ consider benefit come men merchant marin charg committe give care consider pleas hear minist veteran affair announc speak pension chequ increa se prepar hope get easter queri wait easter midsumm next christma let get send chequ tomorrow sent hope say part payment committe get opportun hear recommend variou veteran organ doubt mind come recommend increas increas pension govern recommend say let made clear addit chequ part payment hope addit increas approv committe made recommend base upon brief hope listen variou veteran organ go labour point session plead addit increas veteran rememb old say luck odd number say rori hesit say third time st patrick day let addit increas pension view present increas recommend inadequ thing appli war veteran allow spoken suggest regul regard amount veteran may earn receiv allow simplifi thing urg increas made automat order refer board see whether man grant allow needi prove needi needi order obtain addit allow urg war veteran extend cover person would suggest committe give care consider allow member canadian expeditionari forc world war fault got great britain held variou duti grant privileg serv contin europ come legisl seem canadian origin expeditionari forc grant benefit grant canadian serv great britain world war ii veteran affair committe rememb casualti great britain mening salisburi plain world war german bomb may phase overlook record show casualti account exposur salisburi plain bomb consid extens war veteran allow veteran world war serv great britain let rememb canadian serv northwest field forc known riel rebellion men serv entitl allow men cross atlant expos submarin attack first world war much entitl consider veteran serv northwest field forc like refer veteran serv british forc known imperi would put class man domicil number year outbreak war busi reason complet educ reason went unit kingdom short time war broke men anxiou serv countri give consider unit join join first regiment accept recruit first conting canadian expeditionari forc arriv time men join regiment mobil war serv imperi forc return men canadian may bom1 may come old land year receiv letter morn man came countri remain went old countri busi reason join outbreak war first world war return canadian sens word depriv benefit war veteran allow see reason class imperi includ benefit war veteran allow other men serv actual theatr war servic first world war emigr live year believ includ benefit war veteran allow benefit canadian hospit next point want make hope taken committe new definit western hemispher appli war servic grant act like see definit extend men compani veteran guard duti british guiana opportun receiv benefit act men volunt activ servic might sent europ submarin infest caribbean sea south america strenuou danger duti perform separ famili year owe narrow interpret given term hemispher depriv benefit act feel given opportun case consid previou committe submit brief chairman committe advis author brief could consid session parliament owe amount work committe hope laps month chairman allow origin brief submit repres compani veteran guard consid view see whether entitl benefit recognit servic british guiana refer made member ferri command canadian british unit state pilot flew aircraft variou theatr war land north africa short distanc behind troop engag battl deliv aircraft deliv ammunit suppli matter record pilot ferri command lost live like put special plea widow canadian member ferri command british columbia know widow pilot ferri command much straiten circumst know case orphan children depend upon chariti livelihood receiv pension receiv gratuiti time british govern given full recognit member civilian aircrew consid par servic veteran affair committe personnel benefit servic decor concern hope minist charg committe give class full consider call evid order substanti claim men ferri command receiv greater consider widow orphan gener treatment accord point certain come within provinc committe would review committe speak veteran serv perman forc took discharg known part v militia pension scheme regular sailor soldier airmen expect complet servic agreement twenti year drew pension owe circumst connect war found fifteen year servic given opportun retir known part v militia pension scheme given opportun littl choic matter remain would take much lower rank mani case consid advis stream line forc men reach middl age requir arm forc countri peacetim point caus type veteran consider hardship prohibit enjoy full benefit pension scheme accept employ public servic join year ago realiz condit militia pension scheme realiz time complet servic would get year would draw larger pension one draw part v militia pension act handicap accept employ public servic cannot receiv full benefit militia pension act fund contribut period servic public servic expand civil servic crown compani spring take care variou industri consid part public servic suggest sir man spent number year arm servic countri virtu train adher disciplin punctual instil suit mani case servic crown compani public servic would committe scope extend give consider advis modifi restrict way discourag desir type man cover good mani point minist ask suggest tri give suggest hope benefit guid committe deliber hope committe set without delay abl get work deliber heard evid place differ bodi appear made recommend govern pay heed;George Randolph Pearkes;1948
1509554;mr speaker wish briefli express concurr resolut stand name minist veteran affair gregg set select committe hous common consid legisl relat pension treatment reestablish former member majesti arm forc seem debat opportun year favour committe pass mr speaker minist veteran affair committe point aris mind scope activ committe start function wish refer moment amend introduc afternoon name royal mr brook respect portion resolut relat pension treatment establish former member majesti arm forc person engag pursuit relat war royal brought amend mention merchant marin emphas consider given merchant marin believ member concern merchant marin establish member arm forc occur connect amend want legal mind hous matter moment come veteran affair committe mind contribut made fire fighter personnel red cross member ferri command variou auxiliari servic moment recogn establish basi wore majesti uniform seem non legal mind fourth line resolut would made complet provis discuss least measur rehabilit group mention exclus merchant marin know royal consid merchant marin worthi singl stage want pay tribut recal excel work fire fighter would seem place group mind resolut stand inclus wonder mr speaker whether would permit secretari state extern affair mr st laurent stage answer sit prefer extent read resolut stand order paper would exclud otherwis extent group mention come within scope resolut without appli amend propos royal mind thing redund train legal matter seem word clear includ group interest fire fighter would appreci secretari state extern affair train matter would express opinion comprehens scope resolut respect group mention merchant marin cours capac leader hous moment could assur whether would exclud whether committe would exclud discuss variou matter relat establish brought like minist make note;John Oliver Probe;1948
1509555;may overlook fact amend deal majesti arm forc amend accept resolut would read former;Howard Charles Green;1948
1509556;talk;Humphrey Mitchell;1948
1509557;former member majesti arm forc includ merchant navi goe;Howard Charles Green;1948
1509558;beg pardon vancouv say purpos amend put merchant marin class member majesti forc uniform;John Oliver Probe;1948
1509559;fourth arm servic;Howard Charles Green;1948
1509560;cours shall includ fire fighter group saw servic actual theatr war awar shall wait minist make statement regard kind purpos rise offer suggest want concur argument member suggest committe stand committe hous sit minist veteran affair special thorni problem place number year shall continu chang administr legisl cover establish matter would favour committe stand committe hous think committe ask consid pension treatment establish specifi resolut seem broader aspect whole matter consid believ basic relationship special need discharg person consid veteran war war casualti famili consid get war think sort co ordin consider given need veteran famili regard peculiar natur war disabl result war need citizen point view social servic say virtu public opinion present time need consid matter done suggest condit occur veteran rehabilit pension treatment allow given certain emphasi relat budget time old age pension famili allow like allow remain co ordin relat shall think class legisl establish legisl time come co ordin veteran matter matter social welfar affect basic need canadian citizen legisl aspect veteran affair committe dove tail respect pay special regard cours peculiar need war veteran famili someth connect allow prescrib statut fix allow twenti twenti year suffici public opinion built purpos littl actual relationship war veteran allow pension war casualti actual purchas valu money receiv statut economi last year vulner outsid influenc govern polici cost live risen terrif speed way compens given peopl earn power may live adequ monthli chequ submit time come set basic pension basic treatment allow govern effect give bonus base chang fluctuat cost live larg measur due polici canadian govern therefor canadian govern must assum full respons believ favour hous increas allow student veteran pension say let increas allow ten twenti forti per cent solut cure straiten circumst person may find consequ cost live fluctuat way opinion would better set pension base figur supplement accord fluctuat cost live index pay differ supplement would like committe consid extens hous program veteran concern unless veteran famili abl take advantag veteran land act settl farm small hold includ small portion number men women uniform opportun secur much needed1 hous member may say wartim hous scheme veteran may abl rent home true situated1 may qualifi hous wartim hous may say money let buy home integr hous plan mind scheme veteran distinct utter flop recal case young man citi purchased1 integr hous scheme thought purchas room hous time came contractor complet hous veteran found unless take chanc payment made construct compani put addit payment order get possess room hous small dwell kind utterli fantast contractor protect cost nation hous act man thought protect took rap pay inflat price could secur possess hous suggest committe make strong recommend govern time hous scheme countri enlarg veteran might use establish credit take advantag altern type hous provid veteran land act settl urban area wish right receiv grant feder purs fortun settl veteran land act group could includ hous establish uniform refer group mention talk thing committe consid spoken number civil servant enlist begin war superannu right enlist suspend time find year enlist start build superannu credit shabbi treatment feder govern give employe establish feel veteran affair committe see feder govern gener expect privat concern matter take return men wish veteran affair committe success deliber committe set hope set earli hope secretari state extern affair rise sit give hous assur necessari tori amend vote time tori withdraw veteran affair committe;John Oliver Probe;1948
1509561;progress conserv;An hon. MEMBER:;1948
1509562;beg pardon progress conserv;John Oliver Probe;1948
1509563;;An hon. MEMBER:;1948
1509564;see word resolut seem satisfactori like definit govern assur point l st laurent secretari state extern affair ask definit assur resolut drawn cover intend cover legisl provis relat pension treatment establish clear consid govern term resolut put order paper approv larg number person member arm forc made legisl provis relat pension treatment establish instanc merchant seamen salt water fishermen auxiliari servic includ sever branch determin statut corp civilian fire fighter servic unit kingdom r c p special constabl air raid precaut worker includ part viii voluntari aid servic red cross st john ambul worker part ix oversea welfar worker part x canadian civilian air crew r f call ferri command includ veteran alli forc member majesti arm forc includ wren south african militari nurs servic special oper may other govern wish term could come within descript engag pursuit relat war could bring grievanc committe;John Oliver Probe;1948
1509565;cours merchant navi war mr st laurent prepar admit class refer war think would wish instanc face fire fighter enlist servic unit kingdom say right war;Howard Charles Green;1948
1509566;fought battl mr st laurent ye provis made merchant seamen made other respect legisl provis may may suffici includ term resolut propos amend ask hous make statement fact would fals cannot assert hous degre accuraci person engag servic merchant marin member majesti arm forc;Howard Charles Green;1948
1509567;may minist mr st laurent ye;Howard Charles Green;1948
1509568;minist contend tonight merchant navi men describ associ cabinet fourth arm servic mr st laurent friend hear allegori rhetor figur speech;Howard Charles Green;1948
1509569;think mr st laurent listen mani friend speech hous great mani assert would consid allegori figur speech;Howard Charles Green;1948
1509570;sinc merchant marin includ origin resolut sinc amend move mention govern accept hous vote would action exclud consider mr st laurent includ describ chapter statut;William Irvine;1948
1509571;ye think right gentleman understand think hous vote amend would instruct committe leav peopl;William Irvine;1948
1509572;mr st laurent could instruct committe would term order paper term includ servic relat war legisl provis made provis may may satisfactori committe review whole field legisl provis made veteran affair committe recommend occas modif legisl would cover whole field start put think would logic conclus other enumer intend cover gener languag purpos govern draft resolut wide term make open committe hear grievanc sinc begin legisl provis made see legisl provis suffici;Some hon. MEMBERS:;1948
1509573;view secretari state extern affair said doubt whether amend order point seem correct amend superflu add noth resolut rule amend must either add subtract resolut view said wonder desir proceed resolut withdraw;William Ross Macdonald;1948
1509574;agre mr speaker statement add anyth resolut matter fact think govern would much concern add anyth object place merchant marin posit govern state place fight servic countri minist speak place categori red cross worker v worker fire fighter recogn peopl perform splendid servic recal men merchant navi casualti branch servic state hous suffer men endur great braneh servic committe felt men;Alfred Johnson Brooks;1948
1509575;depend;An hon. MEMBER:;1948
1509576;ye depend mani men die die hundr veteran affair committe time time member side hous member side felt men includ fight branch servic amend mr speaker men includ fight servic amend would resolut read select committe appoint consid legisl relat pension treatment establish former member majesti arm forc includ merchant member confus next section speak person engag know includ merchant marin know includ peopl minist mention want merchant marin includ differ way want includ fight forc reason amend;Alfred Johnson Brooks;1948
1509577;friend made speech point order speak point order;Humphrey Mitchell;1948
1509578;point order;Howard Charles Green;1948
1509579;speak resolut;Humphrey Mitchell;1948
1509580;point order hous expect limit discuss;William Ross Macdonald;1948
1509581;like speak point order royal mr brook cover situat addit point rais fact order get benefit merchant navi must come depart depart transport concern writh depart veteran affair respect think differ categori would dealt committe royal move amend believ utmost import hous say men merchant navi regard fourth arm servic statement made variou minist made hous spoke peopl war felt way see object includ resolut fourth arm servic suggest mr speaker materi alter resolut therefor order;Howard Charles Green;1948
1509582;speak point order friend made point veteran affair committe fourth arm fight forc old soldier navi must rememb relationship crown air forc navi armi differ relationship merchant marin merchant navi merchant marin averag merchant servic man belong trade union;Humphrey Mitchell;1948
1509583;man pool;Howard Charles Green;1948
1509584;interrupt sit minut listen someon know talk friend speak fourth arm servic slogan base fact take second place one hous pay tribut servic men render war trade union agreement armi crown trade union agreement navi crown air forc crown merchant servic men trade union paid basi civilian worker might say comparison whole drift drive friend argument make arm fight servic mr speaker think men concern consult believ prepar remain due respect said secretari state extern affair mr st laurent perfect right appear committe resolut move govern;Humphrey Mitchell;1948
1509585;point order speech;Howard Charles Green;1948
1509586;speak point order;Humphrey Mitchell;1948
1509587;point order;Douglas Scott Harkness;1948
1509588;know told;Humphrey Mitchell;1948
1509589;order number member spoken point order think went afield without interrupt think minist labour allow speak without interrupt;William Ross Macdonald;1948
1509590;friend speak fourth arm servic know someth fire fighter organ dominion unit state would forc argument suggest fourth arm nurs could argu fourth arm r p worker one europ throughout blitz irrespect particular govern activ engag think basi argument advanc vancouv south believ leav merchant seamen organ prepar capabl take care committe resolut move govern;Humphrey Mitchell;1948
1509591;must thank member assist given come conclus point order sure agre everyth said respect merchant seamen procedur includ resolut word amend add anyth resolut satisfi amend add noth resolut therefor must rule order;William Ross Macdonald;1948
1509592;mr speaker delight remark exampl co oper c c f govern remind old time frame question give rise frame answer amend offici opposit rule order subject matter hous resolut propos minist veteran affair mr gregg go remark regard like refer implic sought left afternoon parliamentari assist minist veteran affair mr tucker take much time discuss resolut amend pension act sent veteran affair committe shall guilti obstruct delay would point time effect action taken increas pension veteran allow session legisl hous best way get amend govern present propos propos sent veteran affair committe discuss pro con debat variou matter consid imparti construct manner hope done shown increas justifi increas made hand allow legisl go hous without veteran affair committe protest invit order avoid charg obstruct delay shall lost chanc obtain increas present propos old tactic put poor legisl inadequ legisl undesir propos assembl object taken suggest legisl could improv charg oppon obstruct tri ram basi tactic saw oper time constitut type govern thought differ tactic think deplor hous use connect veteran legisl;Edmund Davie Fulton;1948
1509593;may indic pension bill would come veteran affair committe;Milton Fowler Gregg;1948
1509594;understand remark made afternoon parliamentari assist;Edmund Davie Fulton;1948
1509595;clear point save time said peopl suggest suggest hous want go committe set object way;Walter Adam Tucker;1948
1509596;confess understand remark afternoon glad clear point hope govern acced request made propos pension legisl sent veteran affair committe consid subject matter resolut think would use go statement made prime minist mr mackenzi king begin session februari regard propos legisl concern veteran affair decemb christma prime minist open statement hous follow word found page hansard mr speaker govern time give care consider nate pay member civil servic arm forc rate veteran pension war veteran allow recogn account taken increas gener level wage salari sinc establish exist rate would direct attent sentenc effect account taken increas gener level wage salari prime minist made statement think expect increas veteran benefit would bear relat level said prime minist announc increas month case per cent pension per cent shall give figur moment show increas genera level wage neighbourhood cent nanaimo mr peark said tragic terribl let prime minist made statement februari admit represent receiv veteran bodi result represent care consider given matter went add legisl complet tabl detail increas given word statement creat impress gener treatment specif figur given time figur tabl examin tabl figur show first impress gener treatment mislead increas announc decemb per cent per cent pension increas announc februari brought per cent per cent pension certain percentag given tabl produc time creat erron impress percentag increas case marri student veteran increas shall refer found tabl place hansard read session paper day monday februari figur find widow children use get get increas per cent per cent pension children get increas per cent repres tabl case student veteran take univers vocat train increas rang per cent justif figur allow broken variou categori take marri student wife increas wife list shown increas per cent increas student wife taken repres increas per cent seem deal allow marri veteran affair committe veteran basi use famili unit increas given ad togeth found averag increas veteran wife children per cent effect figur increas veteran benefit legisl vari per cent per cent obtain depart labour statist show increas wage rate like bring attent mr speaker fact prime minist state consider matter effect given gener increas wage rate take gener index wage given depart labour base find n increas per cent told per cent addit increas start year basic rate pension establish take index unskil understand one use scale pension set take base find increas total per cent wage gone averag per cent increas pension gener estim per cent seem case let veteran feel word inclin use first speech hous refer matter let arm forc said would refer unless felt histori repeat lesson past neglect feel take place govern say veteran give increas bear relat increas gener wage rate find action analys carri word word would entitl veteran increas least per cent action give averag increas less per cent see histori repeat want matter sent veteran affair committe govern suit action word give veteran treatment deserv want read open letter address prime minist legion branch constitu put situat apt chosen word open letter copi sent appear press therefor may read hous date januari written second announc increas februari increas cover announc repres per cent hesit say word letter applic announc letter read follow dear mr prime minist member branch veteran district wish take opportun protest manner govern conduct veteran legisl last special session hous govern refus give prioriti busi veteran legisl ground urgent matter action beyond comprehens view soar cost live govern index near accur failur govern increas veteran pension widow allow caus extrem hardship privat order refresh memori govern necessari digress point short year shadow swastika threaten darken entir civil world young men women without thought privat futur safeti without benefit contract negoti interrupt live take arm freedom democraci mr prime minist plight find veteran widow depend today democraci thousand fought die injustic remedi shall consid last battl great dismay read press propos increas pension rate widow allow inadequ insult noth allevi suffer veteran widow children noth prolong privat humili father gave live countri noth inspir greater thing right mr prime minist gird combat othet menac threaten countri without within hammer sickl conclus mr prime minist wish repeat veteran organ shall continu fight right mean dispos time cruel injustic rectifi ashcroft branch canadian legion b e l sentiment express word consid privileg proud support veteran affair committe respect pension disabl benefit paid war veteran certain suggest like stage put hous might turn go committe would request minist kind enough make refer matter close debat dream recommend result care studi abl give matter consult veteran organ attempt arriv reason statement opinion expert abl consult first recommend chang terminolog pension act war disabl pension war disabl compens reason may seem technic urg believ good ground use wordl pension employ apt come conclus man pension therefor need give lower paid job employ dispens servic employe may dispens employe disabl pension someon pension wherea put basi disabl compens amount man compens war disabl could allow enter wage salari receiv employ point object statement made magazin issu depart veteran affair issu articl deal disabl prefer civil servic articl show astray attitud pension effect pension gone articl find sentenc needless say amount pension award intend signific candid remain capac work seem sentenc reflect attitud pension reward1 inabl work base loss man earn capac labour market go suggest wrong approach unfortun should1 allow creep articl magazin publish depart consid approach think place committe review pension legisl would suggest follow interest pension veteran affair agre proper basi basi understand matter place sinc war servic veteran result disabl countri owe compens make disabl suffer therefor degre disabl degre pension award must bear real relationship must considered1 actual disabl amount pain suffer psycholog physiolog handicap suffer veteran must attempt assess man disabl percentag total disabl earn labour market lost wound way assess percentag disabl come basic rate compens money valu compens difficulti aris yardstick must use rate must bear real relationship present day standard rate must prime minist said take account increas gener rate wage rate must measur compens countri wish pay disabl veteran suffer countri wish pay compens want gener compens bear real relationship current wage salari level case doubt demand variou veteran associ rate per cent disabl increas month reason underestim grant suggest case disabl compens must bear reason relationship present day standard must widow compens must war veteran allow connect like support said mani occas respect extens benefit war veteran allow act imperi veteran canadian citizen fought war reason fifteen year resid entitl benefit like suggest laid committe consider case helpless introduct amend design bring helpless allow line requir present day condit refer parapleg quadra plegic disabl veteran receipt helpless allow maximum year sound like lot veteran affair committe consid disabl disabl speak term physic disabl term earn capac hire taxi time go downtown must pay extra tip somebodi put wheel chair back car door take time need haircut wish go movi addit expens extent beyond comprehens sit calcul pencil paper besid possibl extra suffer psycholog suffer expens time marri find happen present rate helpless allow wive becom attend certain govern would permit condit continu brought attent govern intend wife becom per cent full time attend helpless veteran subject wish deal briefli remark made critic might made scale veteran benefit anyth countri correct correct connect matter helpless allow new zealand instanc base figur compar studi last section veteran charter find helpless allow year necessari veteran attend base oh pound unit state attend provid convey provid free charg pension year may paid special case disabl therefor suggest case helpless per cent allow increas less month basic compens rate design compens degre man disabl bi physic psycholog disabl physic psycholog suffer gener set compens suffer compens take care gener case special case blind paralys doubl ampute way render helpless requir special attent must taken care addit gener helpless allow suggest place committe other would case student veteran marri student veteran increas per cent mani thing like say view late hour anxieti conclud tonight shall refer pass rememb unit state new zealand australia student veteran receipt travel allow allow book student veteran tell case singl veteran could receiv book allow would help tide difficulti marri men cannot deni increas per cent adequ increas view increas cost live gener scale wage rate close like summar matter think laid committe consider follow chang terminolog war disabl compens disabl pension second increas basic rate per cent disabl least month third increas rate total helpless allow least month degre helpless includ thing blind doubl amput para quadrapleg increas take care student veteran matter mention instanc veteran land act veteran live wartim hous would minist would courtesi refer least pass matter close debat mr l w sivey triniti mr speaker commenc remark wish say problem present last half hour stagger show hous common need discuss matter outset may offer briefli congratul minist maiden speech hous time pay person tribut painstak assist v perform duti mandat permit may say parti appreci full energi applic former minist great servic war veteran appreci irn veteran affair committe mediat action taken problem sent veteran member hous need refer fact committe resolut call dealt colleagu minut shall take delay set committe veteran benefit hope accru govern finish work committe complet job committe gone permit go belief permit meet find situat aggrav much govern would permit govern financi polici result inflat rise price top financi polici follow embargo caus scarciti higher price thing tremend effect pension allow benefit depend allow live affect case cost live peopl case cost keep aliv fix incom hous know without protect tremend rise price let briefli cite peopl written show uniform complaint nativ son written call attent effect rise cost live describ pension debt debt honour veteran war amput associ written l say endors remark friend kamloop mr fulton regard case letter christi street hospit call attent hous difficulti veteran tremend rise cost live difficulti brought receiv sign letter starv month budget laid therein unsign letter homeless widow show dire plight rise cost live difficult hous situat victoria colleg union receiv letter call attent sever financi difficulti singl marri student ex servic committe student administr council nation council student veteran written call attent thing point educ jeopard branch canadian legion univers toronto state thing full brief nation council veteran associ cover whole situat make recommend doubt brief canadian legion recommend endors veteran organ call send brief ottawa otxr committe may arrang prioriti appear certain immedi consider instanc hospit allow imagin veteran hospit receiv month incident expens necessari describ hardship suffer unabl buy smallest person comfort meagr amount money length time pension appeal take opinion reduc consid stabil world war pension fix level paid certain fix period time student veteran ask uniform interpret student loan legisl across loan underwritten depart veteran affair special loan grant benefit expir student repres board think agre mr speaker reason request singl student veteran less plight marri veteran requir equival addit allow may grant marri veteran mani case cours requir full time know speaker scienc cours requir long hour laboratori work cours long hour addit studi like briefli endors said mani other side hous concern pension allow concern merchant seamen mean test veteran allow oper veteran land act perman veteran committe ferri command veteran fire fighter war amput case mani class veteran near veteran secretari state extern affair mr st laurent call attent moment ago includ r c p special constabl r p worker st john veteran affair committe ambul welfar organ veteran alli forc wren south african nurs mani other case wish refer case red cross veteran red cross know goe peac organ stop girl went mani case consider cost receiv benefit great servic world war ii feel benefit given special consider committe broadview mr church call attent second case want mention hong kong veteran deni pacif pay other earn consid scandal receiv allow due within time limit minist ask say hope meet resolut pass agre wide reform necessari hope shall oper interest fellow canadian ex servic men;Edmund Davie Fulton;1948
1509597;wish delay passag resolut take minut behalf mani veteran veteran organ calgari ask take part debat like call attent minist fact feel univers increas announc govern inadequ veteran organ calgari consid disabl pension pension widow war veteran allow must increas veteran organ concern situat older veteran difficulti get employ level war veteran allow allow act dual war servic men like minist give consider men come year one need must increas pension get veteran spoken home look great thing committe trust committe disappoint implement committe recommend govern forthcom milton f gregg minist veteran affair mr speaker like say much appreci fact member hous made possibl look committe set adjourn tonight know member expect cover mani point rais afternoon even would unfair attempt assur member listen record hansard studi point brought submit committe case request deal particular matter tonight kamloop mr fulton brought certain point studi repres veteran organ sinc matter anticip come committe think would wrong deal late hour point like deal matter whether bill increas pension order paper come select committe resolut pass mr speaker stop talk intent unanim consent hous move stage may come select committe next day answer shall glad bill come committe veteran affair arrang intend add except point speaker mention regard veteran student like make point recent increas increas help marri student take care famili feder scholarship tuition cost pay bill univers live allow veteran veteran chang tuition univers charg veteran student month remain increas assist take care wife children mother father veteran depend want make point clear motion mr gregg agre;Douglas Scott Harkness;1948
1509598;minist unanim consent hous proceed resolut mention inquiri oj ministri;James Horace King;1948
1509599;order day;Howard Charles Green;1948
1509600;order day call mr speaker;John Bracken;1948
1509601;call order day ask member hous gave minist unanim consent proceed resolut desir member call order day;James Horace King;1948
1509602;go mr speaker think would move order could reach think jump way;Angus MacInnis;1948
1509605;hope afternoon direct minist financ mr abbott place place someon take note answer answer readi like possibl view report week end drawn loan negoti govern reconstruct financ corpor unit state minist posit confirm report chang dollar reserv situat hous awar make advanc necessari time sorri minist present answer given one given;John Bracken;1948
1509606;prime minist mr mackenzi king come colin gibson secretari state shall glad bring attent minist financ see leader opposit get repli avail;Thomas Ashmore Kidd;1948
1509607;see minist financ hous wonder ask refer answer;John Bracken;1948
1509608;answer;Douglas Charles Abbott;1948
1509609;view report week end drawn loan negoti govern reconstruct financ corpor unit state minist a_ posit confirm report chang dollar reserv situat hous awar made advanc necessari time;John Bracken;1948
1509610;chang dollar situat made advanc necessari shall draw loan export import bank regular interv next month think exchang reserv odd less lower would like see advanc seri anticip taken next month;Douglas Charles Abbott;1948
1509611;advanc made;John Bracken;1948
1509612;correct;Douglas Charles Abbott;1948
1509616;like direct minist labour inform hous unemploy insur commiss refus pay unemploy insur benefit person receiv annual vacat pay time termin employ period cover vacat pay expir case minist tell hous author done;Angus MacInnis;1948
1509617;unemploy insur commiss refus pay unemploy insur benefit person retir leav pay author given section unemploy insur act read follow insur person shall deem unemploy period notwithstand employ termin continu receiv remuner come attent instanc civil servant retir month full pay allow view taken address mr fulton commiss think sound receiv full remuner period unemploy within term act point rais friend mani provinc certain stipul vacat pay allow law trade union agreement agre commiss person receiv full pay holiday law agreement employ within term act employ entitl benefit scheme cours ride factor right appeal board refere district belong board compos imparti chairman repres trade union worker employ organ hope answer friend want;Humphrey Mitchell;1948
1509618;wish supplementari andi like minist look matter littl person suppos work receiv vacat pay would minist tri ascertain assum retir pay lieu remuner could receiv vacat pay supposed1 work get vacat pay;Angus MacInnis;1948
1509619;answer think person receiv full pay holiday come within term act think sound reason say think stretch littl bit;Humphrey Mitchell;1948
1509623;shall said bill read second time;James Horace King;1948
1509624;next sit;Some hon. MEMBERS:;1948
1509625;;Some hon. MEMBERS:;1948
1509626;;James Horace King;1948
1509627;think member see bill ask give second read would prepar proceed possibl bill distribut;John Bracken;1948
1509628;next sit hous mr mackenzi king move adjourn hous;James Horace King;1948
1509632;understand situat mr speaker variou amend dispos hous consid address moment remain dispos tonight like revert suggest made serious cours debat ministri made repli given indic attitud refer suggest immedi statement part foreign polici respect recent current event europ refer request made member side stanstead mr hackett peel mr graydon debat foreign affair repli suggest made cours throne speech debat request made order day indic attitud govern sinc think matter import sinc think import question face coutri world moment consid essenti take opportun introduc discuss foreign affair wish hous continu eleven clock would address mr fulton appreci might allow call clock move adjourn debat;Edmund Davie Fulton;1948
1509633;mr speaker thought prime minist move adjourn hous time ago understood motion hous move;Alexander Malcolm Nicholson;1948
1509634;;Some hon. MEMBERS:;1948
1509635;mr fulton move debat adjourn;James Horace King;1948
1509636;honour time ago announc prime minist move adjourn hous cannot hear friday night move adjourn debat address;Alexander Malcolm Nicholson;1948
1509637;sorri understood prime minist want move adjourn hous put motion realiz intent hous adjourn assist clerk call special order kamloop rose permit proceed move adjourn debat choic put motion;James Horace King;1948
1509638;mean lost right speak;Alexander Malcolm Nicholson;1948
1509639;rise point order may mistaken see anyth order day debat address order day debat adjourn;Jean-François Pouliot;1948
1509640;find page order day special order motion agre debat adjourn;James Horace King;1948
1509642;would prime minist indic busi tomorrow;John Bracken;1948
1509643;tomorrow shall continu debat address come special order conclud shall continu way mean excis measur emerg legisl;William Lyon Mackenzie King;1948
1509644;privat bill tomorrow even;Howard Charles Green;1948
1509645;tomorrow night friday night;William Lyon Mackenzie King;1948
