basepk;speechtext;speakername;year
2535338;prime minist permiss tabl document;Lucien Lamoureux;1968
2535339;agre;Some hon. Members:;1968
2535340;know whether order point may prime minist whether would tabl note canadian govern receiv gabon;Robert Lorne Stanfield;1968
2535341;would glad look know whether written note receiv think discuss ambassador gabon repres govern look matter see whether tabl report convers;Lester Bowles Pearson;1968
2535344;member hous awar account appear public media regard disturb state intern financi market develop end last week believ report exagger situat disturb made develop last day result mark increas short term rate interest call euro dollar market rate risen high level view high level short term rate interest thought desir protect canadian interest rate structur effect short term rate euro dollar market governor bank morn agreement request bank financi intermediari time facilit swap deposit transact constitut main link canadian short term interest rate structur rate prevail euro dollar market wish therefor request canadian investor time refrain enter renew swap deposit transact intermediari canadian non canadian way explan add swap deposit made canadian fund convert foreign currenc u dollar place term deposit bank intermediari intermediari undertak forward contract convert canadian dollar matur;Mitchell William Sharp;1968
2535347;permiss tabl copi languag polici statement nation histor site;Arthur Laing;1968
2535348;minist leav tabl document;Lucien Lamoureux;1968
2535351;leav introduc bill respect employ women feder jurisdict childbirth;Winona Grace MacInnis;1968
2535352;explain march question;Stanley Howard Knowles;1968
2535353;explanatori note indic purpos bill provid matern leav women employ work undertak busi within legisl author parliament provis line standard laid intern labour organ adopt vari degre countri throughout world hope adopt legisl propos parliament may encourag provinci legislatur likewis motion agre bill read first time;Winona Grace MacInnis;1968
2535357;mani employe research scientist classif strength depart energi mine resourc b depart forestri rural develop c depart agricultur april research scientist subject annual salari review basi merit scientif product percentag research scientist depart receiv salari increment effect april increment award basi merit scientif product percentag research scientist depart receiv annual increment effect april research scientist refer part receiv annual increment effect april percentag research scientist depart receiv salari increment effect april per annum;Mr. Orlikow;1968
2535358;depart energi mine resourc concern b applic c applic depart energi mine resourc per cent depart energi mine resourc per cent rel salari posit relat research scientist depart govern servic base assess product indic increas support time depart energi mine resourc per cent insofar depart forestri rural develop concern ye per cent per cent research scientist receiv increment judg insuffici product warrant merit increment per cent includ person promot research scientist class profession class retroact april person receiv salari increas promot insofar depart agricultur concern applic b applic c ye per cent per cent research scientist fail receiv annual increment april reason lack merit top grade leav absenc without pay retir leav per cent;Julia Verlyn (Judy) LaMarsh;1968
2535360;number canadian broadcast corpor staff employ follow citi new york london pari mani news broadcast personnel mani technic staff cameramen mani administr secretari staff citi head canadian broadcast corpor bureau member administr broadcast news section staff;Mr. Orlikow;1968
2535361;inform c b c follow new york includ hire london includ hire pari includ hire washington includ hire march new york broadcast personnel technic staff nil administr staff london broadcast personnel technic staff administr staff pari broadcast personnel technic staff administr staff washington broadcast personnel technic staff nil administr staff new york london pari head bureau c b c repres call administr staff case broadcast organ washington bureau branch new york offic administ new york;Julia Verlyn (Judy) LaMarsh;1968
2535363;canadian attend plenari meet inter american indian institut time personnel attend intent join interamerican indian institut canadian organ individu urg cours action;Mr. Macquarrie;1968
2535364;congress cuzco peru attend secretari canadian embassi peru congress quito ecuador attend director indian affair director citizenship depart citizenship immigr consider addit individu request follow organ urg canadian membership indian eskimo associ nation indian council canadian indian youth council miss indian pageant;Julia Verlyn (Judy) LaMarsh;1968
2535366;govern held discuss govern newfoundland regard construct tunnel strait bell isl govern intend particip project extent question;Mr. Caouelte;1968
2535367;inform sever depart follow applic;Julia Verlyn (Judy) LaMarsh;1968
2535369;govern held discuss govern nova scotia regard nation dosco steel work discuss involv undertak made govern connect;Mr. Caouette;1968
2535370;inform sever depart follow applic applic;Julia Verlyn (Judy) LaMarsh;1968
2535372;appropri standard compet offici languag requir public servic commiss qualif public servant receiv per cent bonu examin test held assur attain ii continu retent appropri standard audit supervis conduct public servic commiss certif may given deputi head complianc requir condit mani instanc depart public servic commiss disagre certif deputi head result amount use second offici languag requir qualif bonu audit supervis conduct public servic commiss ensur actual continu minimum use second offici languag payment bonu cancel instanc lack continu minimum use second offici languag mani instanc person shown answer receiv per cent bonu mani depart person mother tongu english paid bonu compet french languag b mother tongu french paid bonu compet english languag;Mr. Bell (Carleton);1968
2535373;given follow inform public servic commiss march question employe deem meet appropri standard compet offici languag time appoint essenti qualif includ knowledg offici languag test public servic commiss found meet requir b case employe requir submit test compet public servic commiss offici languag order qualifi differenti candid level requir take taken standard type test offici languag minimum speed word per minut high degre accuraci b stenograph junior secretari st requir pass pass shorthand test offici languag minut length word minut c senior secretari st establish compet type test certif depart compos type sign varieti correspond memoranda offici languag frequent contact senior person outsid insid servic requir verbal skill languag ii employe qualifi examin appoint posit given test commiss determin retain skill possess appoint posit establish employe elig receiv bilingu bonu examin test given commiss employ depart best posit know extent employe requir use use second offici languag commiss satisfi employe meet appropri standard compet audit supervis carri see answer minimum amount use second offici languag requir qualif bonu per cent employe time perform duti respons rest deputi head public servic commiss conduct audit supervis ensur actual continu minimum use second offici languag depart request review situat period interv public servic commiss record provid inform case allow termin termin bonu may result employe move posit requir use second offici languag b employe move categori bonu paid c employe leav servic employe fail continu minimum use second offici languag inform avail;Julia Verlyn (Judy) LaMarsh;1968
2535375;total valu work avail enamel heat product ltd fiscal year contract depart defenc product contract obtain product share agreement firm unit state total valu work sourc fiscal year;Mr. Coates;1968
2535376;depart defenc product concern total net valu contract place head offic branch depart defenc product product share agreement firm unit state total april decemb period fiscal year;Charles Mills (Bud) Drury;1968
2535378;member feder task forc agricultur princip occup experi chairman convenor task forc term refer task forc task forc retain research advis name princip occup experi advis honoraria emolu paid task forc research advis march public hear held task forc place anticip report receiv task forc receiv report laid tabl hous total estim cost work studi servic task forc;Mr. Bell (Carleion);1968
2535379;member feder task forc agricultur dr donald ralph campbel associ dean art scienc univers toronto toronto ontario mr pierr comtoi c belang st jacqu siroi comtoi co charter account sherbrook quebec dr j clayton gilson head dept agricultur econom univers manitoba winnipeg manitoba dr david l macfarlan head dept agricultur econom macdonald colleg quebec dr donald h thain school busi administr univers western ontario london ontario dr donald ralph campbel professor polit economi associ dean art scienc univers toronto took b degre univers toronto oxford field world econom develop advis govern jordan head depart agricultur econom ontario agricultur colleg guelph pierr comtoi partner belang st jacqu siroi comtoi co charter account sherbrook director belang chabot nobert anger manag consult montreal receiv b laval univers b univers montreal institut agricol oka laval univers made charter account laval univers lectur account sherbrook univers dr j clayton gilson professor head depart agricultur econom univers manitoba winnipeg took b sc degre univers ph iowa state univers special product econom farm manag credit land econom dr david l macfarlan professor head depart agricultur econom macdonald colleg took b question degre degre follow year univers saskatchewan receiv ph univers minnesota attend harvard univers univers chicago professor univers kentucki economist feder govern director procur unit nation professor mcgill univers serv faculti univers nigeria enugu dr donald h thain teach busi polici school busi administr univers western ontario hold master doctor degre harvard univers foremost busi consult dr thain visit professor imed lauzann switzerland top manag school world chairman task forc dr david l macfarlan term refer task forc task forc make comprehens assess canadian agricultur term contribut toward achiev nation goal particular recognit given incom welfar farmer work concern product agricultur industri context adjust new technolog maintain industri strong competit posit domest intern market studi make recommend concern agricultur polici requir achiev long rang nation agricultur goal take account interest farmer consum accomplish object task forc use exist research result conduct seri research project date research consult advisor contract task forc purpos research negoti advanc stage sever promin univers group research consult firm follow list research project advanc stage negoti name consult occup dairi industri studi professor brian b perkin univers guelph guelph ontario b livestock poultri march question feed grain economi acr research plan ltd toronto research consult c wheat oil seed economi studi hedlin menzi associ ltd winnipeg manitoba research consult goal agricultur polici professor p j thair univers saskatchewan sask e feder provinci relat mr marcel daneau univers laval quebec citi f credit farm manag servic price waterhous co ltd montreal research consult g demand suppli studi dr c b haver macdonald colleg mcgill univers professor agricultur econom h long rang project demand dr jame p cavin privat consult econom statist analysi dr cavin work mr frank shefrin econom branch c project member task forc paid follow basi per diem accommod subsist allow per diem work locat normal place resid actual transport expens travel statu see answer due time limit public hear held advertis place wide coverag major weekli newspap major daili weekli agricultur public advertis solicit submiss agricultur problem polici individu organ respons date consider encourag applic decemb decid total estim cost;John James Greene;1968
2535381;view recent cross accid involv fatal automobil diesel locomot oper great slave railway town hay river w intent railroad govern instal warn signal level cross town vicin estim cost reason;Mr. Orange;1968
2535382;canadian transport commiss advis follow cross town hay river vicin consid automat protect railway transport committe canadian transport commiss accord usual practic investig cross accid refer made committe district inspector time consider given necess instal warn signal locat see see;James Allen (Jim) Byrne;1968
2535384;past year grant made nation research council research social scienc mani individu mani institut receiv grant name institut amount case specif area research grant made;Mr. Schreyer;1968
2535385;nation research council award number grant past year field may consid broad area social scienc viz certain aspect archaeolog physic anthropolog physic geographi experiment psycholog council award grant individu canadian univers research archaeolog anthropolog geographi experiment psycholog grant award individu univers research field tabl show distribut grant univers tabl ii show distribut grant award detail grant award given council public entitl annual report support univers research issu cover grant award publish due cours march question;Charles Mills (Bud) Drury;1968
2535392;locat baffin island n w air navig facil locat natur specif facil bay n w present time step taken improv air navig facil baffin island frobish bay;Mr. Orange;1968
2535393;air navig facil locat baffin island n w follow locat arctic bay bre voort broughton cape christian cape dorset cape dyer cape hooper dewar lake bay longstaff bluff mari river pangnirtung pond inlet specif facil locat bay n w present time radio rang station non direct radio beacon instrument land system intern aeradio station march step taken improv air navig facil baffin island frobish bay time;James Allen (Jim) Byrne;1968
2535395;much money budget cbc nfb product wait carolin actual cost product length time film schedul take produc take nation film board recommend direct product direct product person cbc staff director nfb supervis produc product nfb director product product;Mr. Fairweather;1968
2535396;inform c b c n f b follow final payment made indic total cost origin shoot schedul week day origin complet schedul week actual shoot schedul week actual complet schedul week day georg kaczend bernard devlin ron j w hewitson j r bigg;Julia Verlyn (Judy) LaMarsh;1968
2535398;upon author circular entitl parliamentari right insert issu c b c time date decemb cost print circular born whole part canadian broadcast corpor percentag money receiv order form circular retain c b c arrang money collect manner distribut question;Mr. Diefenbaker;1968
2535399;inform c b c follow brochur support sale c b c public entitl man westminst publish c b c author section broadcast act appear c b c time week cost print book support public materi born corpor money receiv use order form circular retain c b c appli cost product distribut involv c b c own world public right perpetu;Julia Verlyn (Judy) LaMarsh;1968
2535401;agreement reach govern agenc thereof privat compani individu continu oper princ albert radar laboratori implic canadian sovereignti civil defenc agreement sign unit state b specif provis made joint oper servic function countri event agreement activ;Mr. Diefenbaker;1968
2535402;inform depart nation defenc extern affair defenc product follow agreement reach defenc research board bell telephon laboratori incorpor carri scientif measur program period month longer order council p c date januari refer implic canadian sovereignti agreement provid consult co oper civil emerg plan countri purpos consult ensur nation plan formul countri compat consid desir possibl countri agreement provid integr plan countri retain nation control civil emerg plan b specif march question provis made joint oper servic function countri purpos agreement identifi area possibl civil co oper event direct attack involv countri ensur area civil emerg plan compat;Julia Verlyn (Judy) LaMarsh;1968
2535404;advisori committe establish consid salari term condit employ public servic employe exclud collect bargain unit name address ordinari occup member committe detail term refer committe;Mr. Bell (Carleton);1968
2535405;advisori group execut compens public servic honour j v clyne chairman presid macmillan bloedel powel limit vancouv b c dr john deutsch princip design queen univers kingston ontario dr roger gaudri rector univers montreal montreal p q mr alan lambert presid toronto dominion bank toronto ontario mr marcel vincent presid bell telephon compani montreal p advis govern rate pay condit employ appli execut personnel public servic b principl govern determin rate pay condit employ personnel employ manageri confidenti capac public servic;Edgar John Benson;1968
2535407;total valu request home improv loan year amount grant year provinc;Mr. Douglas;1968
2535408;request home improv loan submit applic branch charter bank corpor data valu request tabl follow provid inform number amount home improv loan approv provinc year data avail;Edgar John Benson;1968
2535412;mani new singl famili dwell built nha sold builder price b c breakdown singl famili dwell provinc breakdown singl famili dwell largest citi;Mr. Douglas;1968
2535413;data avail;Edgar John Benson;1968
2535415;number hous start number hous complet mani start singl detach hous b semi detach hous c duplex row hous apart mani complet singledetach hous b semi detach hous c duplex row hous apart;Mr. Douglas;1968
2535416;tabl follow provid data hous start complet type structur dwell start complet type structur dwell unit type structur start singl detach semi detach duplex row apart total complet;Edgar John Benson;1968
2535418;apart structur dwell unit complet mani financ nha b cost per unit c incom classif tenant occupi unit vacanc rate apart structur dwell unit largest citi month b vacanc rate singl famili dwell duplex apart less dwell unit largest citi month;Mr. Douglas;1968
2535419;data question avail b data avail c data incom classif tenant occupi apart structur financ n h avail corpor conduct vacanc survey apart structur dwell unit metropolitan area june year tabl follow give result survey june initi initi structur data larg citi monthli basi avail vacanc rate apart structur unit june per cent metropolitan area vacanc rate calgari edmonton halifax hamilton montreal ottawa hull quebec toronto vancouv windsor winnipeg b data avail;Edgar John Benson;1968
2535421;mani request made nha financ apart unit mani approv c mani approv low rental unit approv main reason grant approv mani request nha public hous program provinc ii largest citi receiv b mani refus c chief reason refus;Mr. Douglas;1968
2535422;formal request form applic undertak insur applic direct c h c loan applic feder assist section nation hous act receiv rental dwell unit b loan invest approv rental dwell unit c question rental dwell feder assist approv dwell unit low rental financ section nation hous act corpor refus assist rental applic formal request receiv though case applic decid proceed submiss formal request discuss may take place potenti applic central mortgag hous corpor cours discuss corpor found tent propos inelig unaccept reason prospect applic would advis would submit formal request assist record discuss vari natur maintain b c data formal request receiv assist n h public hous program maintain basi c h c field offic area reason note data formal request would differ data assist approv time applic decid proceed assist public hous program concern elig applic refus data assist approv section shown follow tabl public hous program approv nha provinc metropolitan area area feder provinci rental hous public hous project section non profit corpor section student hous project section dwell unit hostel bed dwell unit hostel bed dwell unit hostel bed new exist new exist new exist new exist new exist new existingnewfoundland _ _ _ _ _ _ _ _ _princ island nova scotia new brunswick quebec ontario british columbia territori northwest territori area calgari edmonton halifax hamilton kitchen london montreal ottawa hull quebec regina john st john saskatoon sudburi toronto vancouv windsor winnipeg metropolitan area i1 activ section march common debat question march question;Edgar John Benson;1968
2535424;averag estim land cost tor new bungalow financ nha provinc major citi b percentag chang instanc servic land cost metropolitan area halifax citi montreal ottawa hull toronto hamilton winnipeg vancouv b percentag increas ii;Mr. Douglas;1968
2535425;b tabl follow provid data averag land cost new bungalow financ nation hous act corpor field offic data avail provinc major citi b data avail;Edgar John Benson;1968
2535430;averag cost new bungalow financ nha major citi percentag increas previou year citi debat question;Mr. Douglas;1968
2535431;tabl follow provid data estim cost new bungalow financ nation hous act corpor field offic data avail major citi;Edgar John Benson;1968
2535436;post offic depart increas price envelop stationeri sell canadian public post offic depart requir pay per cent sale tax envelop sell canadian peopl amount ad price;Mr. MacEwan;1968
2535437;post offic depart requir pay per cent sale tax cost produc stamp envelop consid establish sell price public sale tax appli valu postag repres stamp impress;John Cole;1968
2535439;committe advisori board advis cbc respect religi program name address serv committe religi denomin repres committe committe select person broadcast program entitl word music b morn devot c plain talk mani differ peopl broadcast messag cbo ottawa plain talk program name spoke plain talk cbo time mani time speak word music shift midnight;Mr. Tucker;1968
2535440;inform c b c follow ye c b c nation religi advisori council advis corpor matter religi broadcast member nomin major denomin appoint c b c board director chairman council charg respons repres interest smaller denomin roman cathol anglican unit presbyterian lutheran baptist church direct represent council follow right rev h r hunt chairman anglican suffragan bishop toronto toronto diocesan synod offic adelaid street east toronto ontario rev frank stone vice chairman roman cathol nation cathol commun centr grenvil street toronto ontario rev dougla herron secretari presbyterian calvin presbyterian church delisl avenu toronto ontario rev j r hord unit unit church st clair avenu east room toronto ontario rev keith unit berkeley studio unit church queen street east toronto ontario rev h f davidson presbyterian presbyterian church wynford drive mill ontario rev carl farmer baptist heath street east toronto ontario rev harold j balsdon baptist presid baptist convent ontario victoria avenu windsor ontario dr henri endress lutheran waterloo univers waterloo ontario rev j e moss roman cathol st augustin seminari kingston road toronto ontario rev peter megg anglican anglican church hous jarvi street toronto ontario rev karl schweder lutheran church st luke bayview avenu willowdal ontario polici govern choic speaker program approv local level advisori committe compris local repres major denomin cbc basic consider broadcast abil plain talk program station cbo ottawa differ speaker cbo program thought today speaker comment non denomin religi point view speaker seri thought today broadcast minut monday saturday speaker rev dale crampton roman cathol week rev donald stirl unit week rev e k lackey anglican week rev kevin milaney roman cathol week rev w r bell presbyterian week rev raymond connor roman cathol week rev pat playfair anglican week rev wilbur howard unit week rev hallam johnston anglican week rev dr arthur w curri presbyterian week rev michael peer anglican rev peter megg anglican week share word music design schedul conclus broadcast day schedul extend hour addit new program henc reschedul hour later conclud program word music;Julia Verlyn (Judy) LaMarsh;1968
2535442;feder govern made represent unit state author washington permiss build corridor road new brunswick main quebec respons propos american author;Mr. Crouse;1968
2535443;understand matter subject inform discuss time time provinci state author concern applic;Paul Joseph James Martin;1968
2535445;mani prevail rate employe civil public servant work depart nation defenc januari last year depart target reduc number target achiev;Mr. McCleave;1968
2535446;jan ye target strength employe occupi continu posit march casual employe hire temporari basi man year author establish continu review adjust respons organiz chang work method improv econom influenc civilian posit requir drop establish occup assist find employ last resort releas addit temporari measur ensur rapid reduct strength could achiev personnel leav depart retir except replac question;Léo Alphonse Joseph Cadieux;1968
2535448;total number total dollar valu applic renew applic submit medic research council support work conduct fiscal year year mani applic support approv full b approv part c defer later consider reject total dollar valu applic support approv total valu applic approv medic research council autumn autumn review grant review committe express percentag total dollar valu applic come review review period percentag chang part indic chang judgment standard appli chang calib applic submit extent chang attribut;Mr. Fulton;1968
2535449;medic research council concern similar part ask saskatoon repli wednesday februari shown page hansard;Charles Mills (Bud) Drury;1968
2535451;work done past year r c n hydrofoil project cost date project project team assign project mani personnel rank govern decid proceed project decis made date expect;Mr. MacEwan;1968
2535452;repair ship weapon system necessit fire remain outstand construct work continu view complet sumer januari follow captain n dnd purchas suppli offic ddp lieuten command n dnd purchas suppli offic ddp purchas suppli offic ddp purchas suppli offic ddp march question;Léo Alphonse Joseph Cadieux;1968
2535454;sinc januari mani american aeroplan carri nuclear warhead flown canadian territori author given overflight period mani canadian aeroplan carri nuclear warhead flown american territori;Mr. Caouelte;1968
2535455;inform classifi none;Léo Alphonse Joseph Cadieux;1968
2535457;basi depart industri choos univers mcmaster waterloo windsor halifax industri research institut cost;Mr. Hales;1968
2535458;depart industri institut program support establish industri research institut canadian univers decemb program enabl univers establish institut framework within may undertak contract research behalf industri design bring closer rapport industri engin faculti univers date univers appli receiv support program viz univers windsor nova scotia technic colleg mcmaster univers univers waterloo support program avail canadian univers requisit resourc capabl;Charles Mills (Bud) Drury;1968
2535460;total number student pilot permit issu dot region calendar year total number privat pilot licens issu dot region calendar year total number commerci licens issu dot region calendar year mani aircraft registr mark alloc dot region calendar year;Mr. Forresiall;1968
2535461;moncton montreal toronto winnipeg edmonton vancouv total moncton montreal toronto winnipeg edmonton vancouv total moncton montreal toronto winnipeg vancouv edmonton total moncton montreal toronto winnipeg edmonton vancouv total;Mr.  J. A. Bryne@Parliamentary Secretary to Minister of Transport;1968
2535463;total amount loan farm credit corpor year begin end;Mrs. Wadds;1968
2535464;farm credit corpor concern fiscal year loan disburs dec month;John James Greene;1968
2535466;compulsori adult canadian appli social insur number penalti appli social insur number mani known case peopl requir social insur number appli refus appli number citizen penal social insur number b amount penalti c mani canadian prosecut court possess social insur number refus appli;Mr. Thompson;1968
2535467;inform unemploy insur commiss follow employ employ person insur employ shall requir employe assign social insur number complet sign applic registr march assign social insur number shall forward applic behalf employe local offic unemploy insur commiss person employ insur employ unemploy insur act refus appli social insur number may prosecut summari convict liabl fine exceed imprison term exceed month fine imprison unemploy insur act none unemploy insur act b c unemploy insur act;Julia Verlyn (Judy) LaMarsh;1968
2535469;govern send deleg world confer human right teheran held april larg deleg non parliamentarian invit join deleg member observ;Mr. Mandziuk;1968
2535470;canadian govern send deleg unit nation confer human right held tehran april may size deleg determin deleg includ privat individu wide experi field human right provinci govern consult whether wish attach observ deleg understand expens observ would respons provinci govern concern;Paul Joseph James Martin;1968
2535472;u r set consul citi montreal larg consular staff;Mr. Mandziuk;1968
2535473;u r establish consul gener montreal present staff question;Hon. Paul  Marlin@Secretary of Stale for External Affairs;1968
2535475;set consul outsid moscow u staff reason;Mr. Mandziuk;1968
2535476;although right accept soviet govern n open canadian mission decid upon assess canadian need prioriti take account financi personnel resourc avail present resourc avail establish new canadian mission;Paul Joseph James Martin;1968
2535478;step taken make airport st andrew manitoba adequ winnipeg fli club activ privat owner light aircraft intent depart transport transfer basic flight train civilian plane st andrew airport;Mr. Churchill;1968
2535479;plan undertak pave runway taxiway apron fiscal year capabl accommod type light aircraft lb except light jet ye may take littl time could undertaken construct work plan year complet;James Allen (Jim) Byrne;1968
2535481;govern arrang long term leas premis winnipeg intern airport busi firm engag fli activ servic aircraft may provid suitabl accommod purpos govern declar polici regard long term leas mention airport earli date construct plan govern civilian firm may commenc june;Mr. Churchill;1968
2535482;ye within limit consid feasibl plan futur use growth airport march question extent facil made avail take account fact major purpos airport support commerci schedul servic use gener aviat light aircraft must supplementari special consult studi futur develop winnipeg prepar complet spring assist determin polici public announc made;James Allen (Jim) Byrne;1968
2535484;canadian wheat board issu final cash settlement western barley produc deliveri board crop year;Mr. McLelland;1968
2535485;canadian wheat board close pool account barley januari expect countri republ south africa hong kong unit state small quantiti shipment list;Bruce Silas Beer;1968
2535487;posit classifi technic offic grade inclus telecommun b construct c airport field oper civil aviat branch depart transport red circl classif review number branch grade b number ottawa headquart ii region field offic c averag length servic incumb red circl posit branch grade mani incumb employe reliev red circl statu posit plan depart reliev employe posit remain red circl;Mr. Bell (Carleton);1968
2535488;ye c final payment chequ barley mail produc commenc earli march;James Allen (Jim) Byrne;1968
2535490;mani egg import countri egg import averag cost per dozen per countri;Mr. Scott (Victoria (Ont.));1968
2535491;number egg shell import period januari novemb latest avail statist total dozen import statist class egg shell includ hatch egg egg shell fresh countri egg shell import averag cost per dozen per countri januari novemb follow quantiti valu averag costdoz per dozen includ total telecommun technic offic technic offic technic offic technic offic construct technic offic airport field oper technic offic technic offic technic offic technic offic technic offic b ottawa headquart ii region headquart c averag length servic year follow reliev there circl statu telecommun technic offic technic offic technic offic construct technic offic airport field oper technic offic technic offic depart follow follow cours action reliev red circl situat request review convers action give employe opportun place name march special inventori maintain public servic commiss adopt special procedur ensur red circl employe made awar promot opportun qualifi;Jean-Charles Cantin;1968
2535493;total expenditur harbour river divis depart oi public work counti cumberland fiscal year g j mcllrailh minist public work expenditur period follow estim;Mr. Coales;1968
2535495;mani canadian known serv north south viet nam present conflict;Mr. Mather;1968
2535496;canadian govern cours record number canadian may serv arm forc viet inform inquiri address unit state author indic servic personnel record maintain form permit recoveri data relat nation;Paul Joseph James Martin;1968
2535498;great ring place temporari display nation librari august would govern advis perman disposit gift govern pursu matter consult speaker senat hous common possibl place hous parliament decis announc canadian peopl;Mr. Smallwood;1968
2535499;activ consider given ultim question disposit centenni gift includ great ring present govern unit state consult brought conclus;Albert Béchard;1968
2535501;fund retir halifax pilot paid pension fund rais much end last fiscal year mani paid fund year averag amount paid;Mr. McCleave;1968
2535502;retir halifax pilot paid halifax pilot pension fund fund rais contribut halifax pilotag fund balanc fund end last year number paid fund averag amount paid follow balanc paid averag amountyear fund fund paid1962 addit lump sum payment lieu pension paid mr r bett retir pilot;James Allen (Jim) Byrne;1968
2535504;intent depart nation defenc phase r c f falcon bridg radar station represent made level govern municip provinci organ usag exist facil base;Mr. Fawcett;1968
2535505;applic march question;Léo Alphonse Joseph Cadieux;1968
2535507;studi program way staff depart transport independ consult futur requir london ontario airport studi made use london airport altern toronto intern airport intern long rang flight;Mr. Irvine;1968
2535508;program present way regard futur requir london ontario airport use altern toronto intern airport matter subject continu review depart airport plan;James Allen (Jim) Byrne;1968
2535510;mani employe edmonton post offic postal station contact public normal cours duti outsid letter carrier work knowledg english languag french b ukrainian c german;Mr. Lamberi;1968
2535511;b c;Joseph Julien Jean-Pierre Côté;1968
2535513;consider given transfer administr oper charl camsel hospit edmonton govern provinc alberta agenc factor would influenc consider decis reach may expect announc;Mr. Lamberi;1968
2535514;applic applic b applic english;Allan Joseph MacEachen;1968
2535516;mani employ taxat divis depart nation revenu edmonton district offic work knowledg oral written english french b ukrainian c german languag number part mani contact public ordinari cours duti relev figur custom excis divis district;Mr. Lambert;1968
2535517;work knowledg contact oral written public english french b ukrainian c german number employe work knowledg oral written english french b ukrainian c german nil languag dutch polish finnish employe contact public ordinari cours duti;Joseph Jacques Jean Chrétien;1968
2535519;mani medic staff b nurs staff c administr staff resign left servic charl camsel hospit sinc juli mani categori given notic resign mani effect;Mr. Lambert;1968
2535520;b c nurs effect march english;Allan Joseph MacEachen;1968
2535522;tax return form french languag avail public taxat divis offic normal addit outlet form edmonton made avail taxat year avail request past;Mr. Lambert;1968
2535523;ye januari ye sinc date date year;Joseph Jacques Jean Chrétien;1968
2535525;senior offici appoint sinc last decemb depart consum corpor affair proport englishspeak section head level depart instruct given respect essenti requir bilingu;Mr. Caouelie;1968
2535526;nil respons ensur essenti requir bilingu maintain vest director personnel branch time depart consum corpor affair establish senior offic except depart registrar gener eleven senior offic english speak balanc french speak sinc twelfth senior offic appoint french speak;John Napier Turner;1968
2535528;govern decid retir serv sea environ canadian arm forc year serv environ reason;Mr. McCleave;1968
2535529;;Léo Alphonse Joseph Cadieux;1968
2535531;north victoria heat system north sydney feder build convert coal oil reduct casual firemen staff north sydney feder build result chang coal stoker motor etc use north sydney feder build turn crown asset dispos corpor arrang made dispos equip;Mr. Muir (Cape Breton;1968
2535532;ye season firemen offer altern employ area becom properti contractor term contract order return purchas post offic site yamachich que;George James McIlraith;1968
2535533;date depart public work purchas piec land use build new post offic yamachich purchas price hous situat piec land heat depart public work name address heat oil supplier;Mr. Mongrain;1968
2535534;octob lot properti eugen h bourassa expropri build demolish applic;George James McIlraith;1968
2535537;year inclus individu employ time time inform servic public relat divis depart nation defenc b posit held employe period salari remuner year inclus person firm corpor department inform servic public relat divis employ retain purpos prepar dissemin manner deal inform servic public relat depart b name person firm corpor purpos period employ cost instanc c public tender call servic describ b upon basi select made year inclus mani press releas prepar behalf depart minist prepar cost b year inclus radio televis time purchas depart purpos cost c year inclus advertis space purchas domest foreign newspap magazin public purpos cost year inclus cost travel minist staff personnel describ b trip undertaken purpos march order return year inclus advertis relat contract award depart award purpos cost public tender call instanc upon basi contract award depart maintain oper offic locat ottawa purpos whole part promot public relat depart minist offic locat cost mainten oper offic mani employ offic salari remuner case return tabl;Mr. Harkness;1968
2535539;regul prevent shipment insecticid poison substanc along foodstuff common carrier regul penalti infring regul regul govern warn contain use ship poison materi common carrier penalti infring regul return tabl;Mrs. Maclnnis (Vancouver-Kingsway);1968
2535541;connect propos oil ga exploratori work area arctic island carri panarct oil ltd announc minist indian affair northern develop permit issu date explor right area permit held name individu person corpor consortium person corpor answer part affirm name individu person corpor hold permit address case person b name member consortium hold permit percentag interest held consortium c total acreag cover permit permit held individu person corpor consortium respect corpor name part name address member board director return tabl;Mr. Fulion;1968
2535545;mr speaker would like right prime minist whether order person review statu recommend glassco commiss previou report auditor gener stand committe public account ascertain reason delay implement substanti number recommend;Robert Lorne Stanfield;1968
2535546;glad make person review mr speaker;Lester Bowles Pearson;1968
2535550;mr speaker may direct minist energi mine resourc whether receiv complaint glace bay cape breton alleg per cent oper trade cumberland railway idl due fact coal collieri ship truck would like minist decis ship coal truck made cape breton develop corpor action corpor take respect employ affect;Thomas Clement (Tommy) Douglas;1968
2535551;mr speaker person knowledg matter shall inquir answer tomorrow;Jean-Luc Pepin;1968
2535555;mr speaker gave notic want put minist justic absenc direct parliamentari secretari march tell canadian bishop ask appear wit parliamentari committe studi bill abort chairman said committe ask submit brief controversi matter;Joseph Alcide Simard;1968
2535556;feel point deal proceed committe session order;Lucien Lamoureux;1968
2535559;mr speaker direct right prime minist view repeat statement govern would report intent establish offic parliamentari ombudsman view announc intent offic establish number provinc view intent senat croll recommend establish ombudsman committe would prime minist tell intent leav offic prime minist;Robert Norman Thompson;1968
2535560;like take notic mr speaker;Lester Bowles Pearson;1968
2535564;mr speaker like direct minist financ view announc friday last ten month present fiscal year govern deficit compar posit year govern report surplu govern intend near futur take step bring revenu line expenditur;George Harris Hees;1968
2535565;mr speaker intent;Mitchell William Sharp;1968
2535566;view fact januari revenu plu expenditur increas inquiri ministri govern think matter worthi smile minist financ action;George Harris Hees;1968
2535567;order pleas;Lucien Lamoureux;1968
2535568;mr speaker propos revenu measur hous adopt;Mitchell William Sharp;1968
2535572;mr speaker wish direct minist nation defenc canadian militari team europ week purpos discuss nato offici reduct canadian forc europ;Douglas Scott Harkness;1968
2535573;mr speaker team go europ discuss nato militari committe commit suggest polit level decemb meet purpos visit;Léo Alphonse Joseph Cadieux;1968
2535574;mr speaker might minist littl explicit mean purpos discuss reduct canadian contribut nato;Douglas Scott Harkness;1968
2535575;said time mr speaker propos nato use air transport brigad heavi brigad reserv plan accept must work gener plan reason team go europ discuss matter militari committe;Léo Alphonse Joseph Cadieux;1968
2535579;mr speaker secretari state extern affair commonwealth secretariat taken step conven convers negoti among commonwealth countri view allevi plight person asian origin live kenya march inquiri ministri;Wallace Bickford (Wally) Nesbitt;1968
2535580;take notic mr speaker;Paul Joseph James Martin;1968
2535581;view fact secretari state extern affair taken notic negoti initi secretariat would canadian govern undertak make appropri recommend convers negoti may commenc;Wallace Bickford (Wally) Nesbitt;1968
2535582;take consider mr speaker;Paul Joseph James Martin;1968
2535586;mr speaker like minist consum corpor affair whether enunci govern polici provinc quebec gave view respect quebec jurisdict educ televis;William Heward Grafftey;1968
2535587;order pleas ask prime minist;Lucien Lamoureux;1968
2535588;mr speaker like right prime minist whether minist consum corpor affair enunci govern polici provinc quebec gave view day quebec jurisdict educ televis;William Heward Grafftey;1968
2535589;view report press;Lester Bowles Pearson;1968
2535590;mr speaker order encourag nation stabil week prime minist assur hous caution minist run leadership liber parti refer area polici articul enunci cabinet solidar posit;William Heward Grafftey;1968
2535591;mr speaker friend discuss may may done respect new canadian constitut;Lester Bowles Pearson;1968
2535595;mr speaker minist financ aris report morn paper contempl set kind advisori council deal present econom inflationari relat situat like whether intent outlin polici hous intend;David Lewis;1968
2535596;mr speaker govern whole approach present situat reveal hope;Mitchell William Sharp;1968
2535597;mr speaker like minist whether answer mean revel gener govern econom financi polici come time new revenu measur whether preced minist inform hous may expect learn import matter;David Lewis;1968
2535598;answer give mr speaker whole matter activ consider cabinet announc expect;Mitchell William Sharp;1968
2535601;mr speaker wish direct minist financ view fact new govern bond issu replac expir septemb today worth per bond govern give thought redeem bond near futur pay interest bonu canadian requir lend save govern less current rate;Lloyd Roseville Crouse;1968
2535602;mr speaker think sort ought put order paper cannot identifi bond would identifi;Mitchell William Sharp;1968
2535603;benefit minist bond march common;Lloyd Roseville Crouse;1968
2535604;order pleas would like take privat convers minist;Lucien Lamoureux;1968
2535605;order restor confid govern secur would minist consid replac bond basi current rate interest bond per cent perpetu bond;Lloyd Roseville Crouse;1968
2535610;mr speaker like put minist transport view fact author citi montreal express wish need closer co oper nation harbour board minist intend compli request certain degre autonomi manag administr montreal harbour least regard activ affect montreal area;Mr.   Roger-E. Regimbal@Argenieuil-Deux-Montagnes;1968
2535611;mr speaker similar question ask last week indic look longer term studi administr port differ kind administr exist inquiri complet better posit know chang might recommend consider govern futur;Paul Theodore Hellyer;1968
2535612;mr speaker minist without portfolio shown interest labour problem montreal evidenc walk along waterfront week end like minist labour indic whether meet held held harbour council everyth possibl done see problem settl open navig;James Russell Keays;1968
2535613;mr speaker port council ask meet minist transport colleagu debat inquiri ministri citi montreal meet take place today;John Robert (Jack) Nicholson;1968
2535614;mr speaker may put supplementari administr minist visit harbour opportun suggest establish perman industri relat commiss compris author port montreal repres employ feder union view anticip difficulti expend energi solv;Roger E. Régimbal;1968
2535615;mr speaker suggest week end reveal due cours;Bryce Stuart Mackasey;1968
2535616;mr speaker wish direct minist without portfolio verdun gentleman report make hous result investig tour montreal waterfront week end;Frank Howard;1968
2535617;order pleas expect rememb similar ask hous;Lucien Lamoureux;1968
2535621;mr speaker like minist veteran affair whether receiv wood commiss report;George Louis Chatterton;1968
2535622;mr speaker receiv make announc;Roger-Joseph Teillet;1968
2535623;supplementari mr speaker view fact translat delay month could minist pend tabl report languag give consider tabl report languag avail;George Louis Chatterton;1968
2535624;consid mr speaker latest inform report hand week march inquiri ministri parliament build;Roger-Joseph Teillet;1968
2535627;mr speaker may permit base sentiment would like direct minist public work base upon affect centr block hous common rever veteran memori chamber spent hour yesterday memori chamber note certain plaqu suffer damag soldier lost head right arm case recent damag minist public work first action taken repair damag second take consider erect appropri fenc guard inch feet front plaqu visitor memori chamber see read may desecr memori chamber plaqu hen g j mcllraiih minist public work mr speaker want thank draw matter attent look give fuller answer;Harold Edward Winch;1968
2535631;mr speaker like put secretari state extern affair could tell whether true depart direct ambassador gabon present credenti gabon apolog invit quebec take part confer educ last februari;Gilles Grégoire;1968
2535632;mr speaker;Hon. Paul  Marlin@Secreiary of Stale for External Affairs;1968
2535633;mr speaker may put supplementari minist answer affirm feder govern leav vacanc field could minist tell whether depart would take offenc place left vacant fill quebec author;Gilles Grégoire;1968
2535635;mr speaker supplementari wonder whether minist would reassur jitteri parliament public today stark evid deterior relat gabon constru fatal blow intern prestig ask give opportun reassur minist highest consider;Mr.  R. Gordon L. Fairweather@Royal;1968
2535636;oh;Some hon. Members:;1968
2535637;mutual;Paul Joseph James Martin;1968
2535640;mr speaker minist financ minist posit tell hous natur discuss washington week end unit state treasuri offici;Marcel Joseph Aimé Lambert;1968
2535641;mr speaker made statement morn press inquiri visit washington march discuss secretari treasuri mr fowler order give view govern certain trade measur consider unit state govern;Mitchell William Sharp;1968
2535642;discuss relat declar made presid januari last;Marcel Joseph Aimé Lambert;1968
2535643;mr speaker relat matter border tax propos mention took advantag occas give view canadian govern field discuss knew go washington present time;Mitchell William Sharp;1968
2535644;supplementari mr speaker minist posit tell result convers unit state counterpart;Marcel Joseph Aimé Lambert;1968
2535645;mr fowler listen represent hope pay attent march;Mitchell William Sharp;1968
2535646;supplementari mr speaker minist discuss mr fowler secretari treasuri regard unit state subsidiari request return portion retain earn unit state clarif point made canadian dollar danger unit state govern prepar make except respect;Thomas Clement (Tommy) Douglas;1968
2535647;mr speaker needless say secretari treasuri unit state minist financ get talk mani thing talk subject talk mutual concern disturb intern atmospher;Mitchell William Sharp;1968
2535648;supplementari mr speaker like minist whether receiv secretari treasuri unit state assur measur would pursu would endang canadian dollar world money market;Thomas Clement (Tommy) Douglas;1968
2535649;mr fowler gave assur none step unit state taken defenc balanc payment situat like advers effect upon;Mitchell William Sharp;1968
2535652;mr speaker want direct minist justic absenc solicitor gener might take notic mind announc made great britain today month death rate car crash shown third decreas sinc introduc mandatori test drunken drive whether govern would consid proceed similar legisl introduc hous week;Barry Mather;1968
2535653;hous leader agre upon order busi next day inquiri ministri translat;Lawrence T. Pennell;1968
2535656;mr speaker right prime minist sinc releas laurendeau dunton report provinci govern ontario newfoundland taken concret step implement recommend could right prime minist tell secretariat bilingu chair develop program earli implement main recommend made commiss bilingu bicultur;Auguste Choquette;1968
2535657;mr speaker could make statement import matter day;Lester Bowles Pearson;1968
2535660;mr speaker right prime minist view fact nova scotia vacanc place year seem season appoint prime minist plan give predomin french acadian fact get consid nova scotia respect;John Oates Bower;1968
2535663;mr speaker direct minist financ deal statement made last octob concern intern monetari fund draw right time minist state plan prepar lay condit respect draw right complet march assum view activ taken place last week regard common inquiri ministri intern monetari fund plan complet;Francis Alvin George Hamilton;1968
2535664;mr speaker think mend speak plan way creation new reserv currenc discuss way relat action took day draw gold tranch transfer credit balanc fund hope progress made creation new intern reserv currenc regret say much progress made hope;Mitchell William Sharp;1968
2535665;supplementari mr speaker understand minist last statement possibl plan complet end month;Francis Alvin George Hamilton;1968
2535666;plan exist discuss number occas minist group ten intern monetari fund certain decis taken septemb time intern monetari fund meet decis made activ plan way;Mitchell William Sharp;1968
2535669;mr speaker like direct minist financ increas gasolin fuel oil price rais colleagu york south januari sever time time minist state depart investig matter like whether investig complet result;Melville Carlyle Germa;1968
2535670;mr speaker depart work morn receiv report sinc cabinet meet morn abl review;Mitchell William Sharp;1968
2535673;mr speaker like address debat minist nation defenc view announc friday first ten month present fiscal year depart expenditur amount similar period last year expect minist announc new polici make possibl realiz save unif promis countri predecessor;George Harris Hees;1968
2535674;mr speaker indic unif debat time impli save administr forc unif order;Léo Alphonse Joseph Cadieux;1968
2535675;supplementari mr speaker would minist take first opportun motion explain first ten month present year expenditur depart amount year save disappear;George Harris Hees;1968
2535679;mr speaker minist nation health welfar report hous atlant develop board view fact project decreas spend atlant develop board year explain minist relat inabl mani atlant provinc use money made avail like minist whether chang made cost share arrang;David Samuel Horne MacDonald;1968
2535680;mr speaker consid subject appropri time;Allan Joseph MacEachen;1968
2535681;supplementari mr speaker wonder minist give thought subject give consider suggest premier princ edward island provinc allow exercis greater respons spend atlant develop board money march common;David Samuel Horne MacDonald;1968
2535682;mr speaker feder provinci confer premier new brunswick made certain represent consider sure happi consid premier princ edward island;Allan Joseph MacEachen;1968
2535685;like minist nation health welfar whether govern investig startl result scientif work done insecticid drug object bring legisl protect canadian peopl found danger;William Dean Howe;1968
2535686;matter kept continu review food drug director;Allan Joseph MacEachen;1968
2535689;secretari state extern affair sever day certain event ask gentleman whether govern inform consult govern new brunswick provinc discuss state main regard possibl establish super port bay fundi minist said time would look matter owe preoccup matter let slip mind answer;Marcel Joseph Aimé Lambert;1968
2535690;mr speaker friend ask februari whether govern particip report discuss awar cours report discuss agenc feder govern particip chairman atlant develop board announc januari studi econom potenti atlant region deep water port carri board debat inquiri ministri;Paul Joseph James Martin;1968
2535691;supplementari mr speaker minist awar discuss take place govern particip maintain direct connect discuss;Norman Platt Lambert;1968
2535692;mr speaker;Paul Joseph James Martin;1968
2535695;mr speaker like direct minist energi mine resourc expect abl make announc hous regard agreement feder govern govern british columbia connect fraser river flood control;Alexander Bell Patterson;1968
2535696;mr speaker draft agreement complet come day hope meet provinci minist respons matter;Jean-Luc Pepin;1968
2535699;direct minist agricultur given notic minist made decis request western provinc potato grower agenc imposit valu duti potato import western provinc unit state;Edward Richard Schreyer;1968
2535700;decis made regard mr speaker;John James Greene;1968
2535701;may supplementari could minist indic make statement connect week;Edward Richard Schreyer;1968
2535702;speaker may may awar situat western grower request valu duti impos maritim grower new brunswick oppos march inquiri ministri situat surveil mr winch appreci inform best nation interest minist receiv report done govern premier bennett deni feder govern valu duti impos ment proceed accept announc proper time feder oper;John James Greene;1968
2535703;may supplementari wonder minist agricultur view grave difficulti connect potato market across indic given consider call special confer potato industri repres part;David Samuel Horne MacDonald;1968
2535704;consider given particular manoeuvr mr speaker consult grower produc organ part deem would interest industri would prepar meet;John James Greene;1968
2535707;like direct minist transport mr speaker ask day heard time view statement premier bennett british columbia accept latest feder propos financ robert bank harbour develop may consider given arrang guarante port facil avail export coke coal british columbia japan accord understand tripartit contractu agreement among unit state japan;Harold Edward Winch;1968
2535708;feder govern nation harbour board prepar build requir port facil made clear commun premier bennett believ start receiv reason co oper interest parti possibl port facil readi time end march friend interest know drill rig job morn order test bore prepar call tender earli date mr green;Paul Theodore Hellyer;1968
2535709;mr speaker heard report newspap receiv direct commun premier;Paul Theodore Hellyer;1968
2535710;import mr speaker may minist prepar go author year;Harold Edward Winch;1968
2535714;mr speaker day pose question minist without portfolio act minist labour report maritim truste report mr murchison labour code hour work wonder posit repli question;Michael Starr;1968
2535715;mr speaker understand report truste prepar translat tabl murchison report concern believ minist labour record sever occas state report would studi offici;Bryce Stuart Mackasey;1968
2535716;may supplementari final report maritim truste hand depart wish minist sure wish member hous report submit stand committe;Michael Starr;1968
2535717;suggest minist place;Bryce Stuart Mackasey;1968
2535718;minist labour give assur report submit stand committe;Michael Starr;1968
2535719;mr speaker answer day ago said report receiv studi consider would given refer march committe review former truste truste might tri arrang attend committe committe wish;John Robert (Jack) Nicholson;1968
2535720;may supplementari intent minist depart labour implement murchison report recommend;Michael Starr;1968
2535721;mr speaker said hous occas murchison report excel report report good cannot improv suggest modif made studi depart discuss repres side recommend made depart hope recommend go govern decis action;John Robert (Jack) Nicholson;1968
2535725;absenc secretari state extern affair like direct prime minist view continu sever suffer heavi civilian casualti prime minist report govern intent regard immedi larg scale medic relief assist disast area viet nam;Winona Grace MacInnis;1968
2535726;know matter consid moment know result consider find;Lester Bowles Pearson;1968
2535729;minist transport inasmuch recent recommend air transport committe canadian transport commiss remov subsidi western region air line denial region air polici announc govern minist reassur hous polici inquiri ministri improv air servic prairi stand;Walter Gilbert Dinsdale;1968
2535730;mr speaker transair compli judgment air transport board would inappropri govern canadian transport commiss comment way represent made respect friend appreci right appeal decis minist would inappropri comment moment;Paul Theodore Hellyer;1968
2535731;assum air transport committe inform govern polici respect;Walter Gilbert Dinsdale;1968
2535735;mr speaker may direct minist nation health welfar view fact old age pension age draw guarante incom supplement though incom requir pay incom tax portion supplement minist take colleagu minist financ possibl exempt supplement incom tax;Stanley Howard Knowles;1968
2535736;glad discuss matter minist financ;Allan Joseph MacEachen;1968
2535737;may expect answer ten clock night;Stanley Howard Knowles;1968
2535740;prime minist advis hous expect accept resign minist trade commerc enabl minist make hous critic financi polici make outsid hous;George Harris Hees;1968
2535741;order pleas march inquiri ministri;Lucien Lamoureux;1968
2535744;minist public work view urgent need decis provinci feder agreement concern third cross vancouv citi north shore minist advis situat view premier bennett statement provinci contribut base part new cross toll free;Harold Edward Winch;1968
2535745;order pleas suggest order;Lucien Lamoureux;1968
2535746;mr speaker;Harold Edward Winch;1968
2535749;mr speaker minist financ order may prepar forthcom financi debat week minist undertak make avail behalf govern advanc debat commun govern provinc cost share plan particular vocat train agreement;Thomas Miller Bell;1968
2535750;mr speaker shall see compli gentleman request;Mitchell William Sharp;1968
2535753;mr speaker like direct hochelaga mr pelleti chairman stand committe broadcast film assist art view seriou accus made director gener c b c french network certain employe author effect would brainwash plan propaganda public affair divis intend put committe chairmanship;Georges-J. Valade;1968
2535754;ask relat matter intern polici committe ask time;Lucien Lamoureux;1968
2535755;mr speaker mistak;Gérard Pelletier;1968
2535757;mr speaker view numer chang occur side hous direct someon respons parliament like correct direct secretari state capac minist respons hous canadian broadcast corpor view seriou charg made director gener french network c b c regard certain employe effect c b c resort brainwash plan propaganda intent minist refer stand committe broadcast film assist art;Georges-J. Valade;1968
2535758;mr speaker know specif think know incid friend refer touch new manag corpor order ascertain go inform matter appear come within breach intern secur corpor may give rise studi new manag studi cover merit charg charg;Julia Verlyn (Judy) LaMarsh;1968
2535759;mr speaker may supplementari sinc charg affect confid public crown corpor order clear person respons administr would minist allow committe examin;Georges-J. Valade;1968
2535760;supplementari cannot accept;Lucien Lamoureux;1968
2535763;mr speaker wish direct minist agricultur minist awar possibl collaps new expand p u estrogen drug industri western term bill c minist consult cabinet colleagu minist consum corpor affair view save new agricultur industri;Richard Russell Southam;1968
2535764;mr speaker consid minist consum corpor affair shall glad take suggest consult colleagu;John James Greene;1968
2535767;mr speaker wish direct minist public minist receiv word depart region offic halifax grave danger threaten exist danger brought possibl ocean break yarmouth bar lack adequ breakwat facil seaward side topograph featur receiv word decis made obviat danger receiv word get touch peopl halifax find someth done;John Oates Bower;1968
2535768;order pleas made submiss minist think go point;Lucien Lamoureux;1968
2535771;wish direct secretari state plan make represent board broadcast governor behalf inquiri ministri larg group italian citizen sudburi lodg complaint arbitrari discontinu italian languag hour program radio station chno sudburi;Melville Carlyle Germa;1968
2535772;order pleas order paper;Lucien Lamoureux;1968
2535775;may direct minist industri receiv complaint employe polym corpor sarnia effect mani employe laid time excess overtim work other order maintain product minist receiv complaint action taken respect;Thomas Clement (Tommy) Douglas;1968
2535776;mr speaker receiv complaint know labour contract negoti represent kind may expect aris cours negoti;Charles Mills (Bud) Drury;1968
2535777;supplementari mr speaker may minist give hous assur govern intent dispos polym oper privat interest;Thomas Clement (Tommy) Douglas;1968
2535778;mr speaker think gentleman awar consider prompt govern approach ownership polym corpor;Charles Mills (Bud) Drury;1968
2535781;mr speaker like address prime minist could tell intend bill labour relat board pass session recess march suppli agricultur;Gilles Grégoire;1968
2535785;govern hous leader may govern leader hous indic committe northern affair call hear represent resid western nation park put act govern hous leader februari;Walter Gilbert Dinsdale;1968
2535786;mr speaker shall happi investig matter colleagu minist concern;Allan Joseph MacEachen;1968
2535790;mr speaker week ago prime minist promis indic tangibl develop possibl establish intern develop centr said would make statement prime minist posit make statement;Edward Richard Schreyer;1968
2535791;mr speaker meet concern sinc friend ask brought point want clarifi posit make statement friend know interest matter member hous follow interest hope make statement possibl dot p hous committe suppli mr batten chair depart agricultur research administr oper mainten extend purpos vote main estim includ contribut town kapuskas toward construct road mr gregoir l;Lester Bowles Pearson;1968
2535792;order hous committe suppli supplementari estim c depart agricultur vote shall item carri;Herman Maxwell Batten;1968
2535793;mr chairman intent particip debat today complain cost price squeez canadian farmer find like addit discuss difficulti agricultur consid minut effect farm price upon consum joint committe hous common senat consum price held mani hear irat housew housew alli high price complain high cost veget meat fruit item food produc farm would first admit reason complaint committe hear represent mani farm group steer committe chairman convinc mind caus housew dilemma found farm though must honesti say wit tri littl point finger poor old farmer found someth interest found benefit increas product improv technolog greater effici farm pass consum form cheapest food abund avail western world found canadian agricultur commun sinc second world war improv output per man effici member may wish describ greater extent industri done wonder farmer sever reason suggest pride industri second encourag make effort work extens servic depart agricultur third import treadmil improv effici go broke might add mani go broke mani thousand take job farm make end meet view tremend effort would think agricultur today would good shape believ march case happen great improv great technolog advanc reap benefit consum deriv great deal benefit farmer improv product somebodi somebodi farmer got heck lot consum spend per cent incom food spend per cent food today figur lower point interest though report communist countri expenditur food account per cent wage sinc rememb mani consum receiv increas salari wage amount per cent may remind member averag industri wage estim got biggest benefit farmer sweat figur find interest produc food retail valu farm valu process sell cost word cost quarter farm valu get produc farm retail level stori last year figur retail valu produc food farm valu process sell cost amount cost half time farm valu get product retail level though sell cost markup quarter farm valu today cost much half time farm valu cost servic exist complain increas mention line increas taken place segment economi complain absenc real effort part govern correct inequit situat way farmer least get benefit job done preciou littl govern make minor tariff quota concess call turkey industri plead help last fall done greenhous oper minist trade commerc suppli agricultur made thing easier report magazin farm countri januari gave advic greenhous oper ask form protect import suspect protect given would temporari natur grower phase capit commit seek mean earn livelihood govern done sugar polici promis least year told depart industri consult c sugar compani altern use chatham refineri nobodi thought worth let grower know last minut even last week minist agricultur told grower would cost consum year enter upon sugar polici agreement unit kingdom unit state govern endors figur came know accur cannot say give gentleman benefit doubt seem sum mention small relat dollar canadian consum spend food advantag industri employ sever worker full part time would kept oper farmer could keep acr crop land profit cultiv oblig produc altern crop difficult sell addit would assur basic suppli produc sugar event world crisi matter great concern area march industri chatham intent purpos ceas exist develop nation sugar polici tell wait hope somebodi time would develop world sugar polici dot p problem hand seriou may say take wisdom solomon patienc job come satisfactori solut difficult problem must attack must attack vigour attack result may chao suppli agricultur govern rememb farmer parliament hill last year anyon tell sinc seriou attempt made bring practic solut agricultur problem minist trade commerc wave goodby greenhous industri govern cut qualiti subsidi pork lamb third would worri assur govern plan suggest person group problem settl first thing decid done first simpl first thing govern decid whether want need agricultur industri hope get answer affirm although much evid forthcom make optimist chanc answer want agricultur industri develop price polici compensatori help effici produc help potenti effici produc guarante individu farmer incom give opportun reason incom big job sure agre product gain past tend pass along consum agre nation want encourag greater effici agricultur farmer forc carri full respons cheap food polici start suggest good place start would find effect present legisl suggest find strang situat may give exampl lack clearcut philosophi polici expect accomplish exampl price support agricultur stabil act appli maximum product hog lay hen farmer effici oper must time volum livestock say go feder farm credit corpor appli loan first thing say order elig unit must larg enough effici point view differ opinion difficult understand maximum limit set stabil act close size mr mccutcheon l poultri hog oper requir feder farm credit corpor farmer appli credit agenc justifi provid incent payment enabl uneconom unit keep go time tri encourag amalgam uneconom unit clear whether level price support intend stabil intend rais farm price intend provid floor intend give farm price degre pariti purchas power whether set result pressur way reaction crise farm industri suspect last explan case clear creat favour degre pariti purchas power mani learn knowledg peopl discuss problem great length mr gilson depart agricultur econom univers manitoba present interest comment truli compensatori farm food price polici said believ primari locu nation food farm price polici cheap food program agricultur product polici aim direct price polici appear consist gener object would compensatori price program food consum pay free market price farmer paid differ price design support price form direct compensatori payment mr gilson advanc reason compensatori price polici practic list coupl object reason compensatori price polici consist object effici product agricultur industri provid mean support farm price without interf function market price system view fact commod clear market would prevent creation burdensom surplus farm product would move hand food consum belong govern storag bin compensatori price polici would permit food consum purchas food lowest possibl price object appear reason standpoint prevail econom social philosophi mr gilson point mani farmer object price polici involv direct payment govern farmer apprehens upper limit place compensatori price payment result polit pressur discrimin march effici product agricultur industri object rais first polici could interpret form dump sell price lower receiv domest produc practic condemn canadian farmer other follow method second canadian taxpay moral oblig pay product gain accru food consum nation problem involv detract attempt develop truli adequ nation price polici canadian agricultur industri mr gilson plan price system mani agricultur program countri return paradox differ direct differ depart govern econom size poultri oper involv lay hen good sake set limit level take product hog per year effici heaven sake let set limit let least consist use depart penal frustrat effici farmer extens depart farm credit advis work behalf dot p time definit polici respect farm food price past today great amount ambigu concern farm price polici bear cost price support storag purchas method use food consum expect pay higher food cost defici price system use consum buy free market price differ price support price paid farmer mean gener canadian taxpay must bear cost let becom involv social non price problem agricultur industri differ separ problem includ would effect draw attent main problem dissip strength purpos would come usual spontan reaction polit pressur cours record wander crisi crisi would intact suppli agricultur much least govern defin canadian peopl whether canadian agricultur industri mr gilson went say would propos compensatori price polici cost canadian nation exampl price receiv farmer propos polici relat price good servic buy estim total annual cost polici would amount present time substanti sum rememb polici would elimin need mani payment made variou form hit miss polici recogn substanti gain food consum form sheap food suggest may small sum nation invest program mr gilson use figur cover whole program food price polici minist agricultur use nation sugar polici right know submit countri develop nuclear reactor meet competit world abl develop believ call candu reason abl develop nation food farm polici would provid inexpens abund suppli food time ensur produc reason compens effort;Malcolm Wallace McCutcheon;1968
2535794;mr chairman contenti problem like deal like say member opposit although know mani problem agricultur throughout year present minist agricultur done great deal allevi;John Maxwell Roxburgh;1968
2535795;;Some hon. Members:;1968
2535796;surpris farmer ontario;John Maxwell Roxburgh;1968
2535797;greatest farm area;Michael Starr;1968
2535798;point order mr chairman may say heard opposit say minist agricultur done noth farmer ontario;George Harris Hees;1968
2535799;right fun wish support stand taken friday number speaker dealt import fruit march suppli agricultur peach australia okanagan boundari other refer matter like mention okanagan boundari went great detail regard problem gave factual inform intend continu along line say hope minist give matter full attent without go detail might refer tax concess provid consider natur incent australian export incom tax concess second payrol tax rebat payrol tax author govern order encourag greater export special incom tax deduct allow govern expenditur field market develop hear canadian farmer complain fair competit import product subsid export countri time govern took real look situat point friday australian pay homegrown peach pay homegrown peach think offici depart agricultur look problem like deal subject mani way dear heart involv problem bother long time refer wine industri import industri ontario wine industri wine industri cours connect grape grow industri action influenc wine industri pass grape grower know whether fact known ontario acr cultiv grow grape acr produc full crop ontario feder govern collect per acr farmer receiv littl benefit product year feder govern collect form excis tax wine period grower receiv less littl provinci govern receiv like gentlemen press galleri take special notic say attend function order wine serv serv import wine oh ye serv import wine dot p;John Maxwell Roxburgh;1968
2535800;shame;Some hon. Members:;1968
2535801;govern polici regard state occas wine serv import great wine produc provinc ontario quebec serv state function serv import wine embassi serv serv canadian wine canadian special function embassi mention serv canadian wine function number case wine left embassi keep wine serv guest embassi sold giveaway price embassi staff;John Maxwell Roxburgh;1968
2535802;old liber custom;Almonte Douglas Alkenbrack;1968
2535803;let interrupt friend presid johnson decre unit state wine serv embassi think member agre canadian canadian wine better reput unit state wine privileg attend function number embassi european countri serv way wine proud serv wine countri repres portug known world best produc sherri port countri import canadian sherri trade nation let forget sure way expand wine export acquaint peopl countri wine product serv embassi countri know said peopl know canadian wine compar import wine say wine compar import product fact indic lot hooey show produc finest wine world gold medal march mention name compani compani held wine tast test use canadian wine similar type import wine wine decant ident bottl test mark x classif test carri mani area includ toronto kitchen ottawa london st catharin fort william windsor hamilton peopl made test result favour local wine favour import wine sure ask gener public opinion regard import wine compar local wine would favour import wine basi per cent per cent note wrong would let give result test held st catharin among peopl tast wine friend press sure know someth wine anyon good taster know classif dri red tabl wine canadian claret outpoint import claret basi prefer vote classif burgundi revers true tri give true pictur import burgundi receiv prefer vote canadian burgundi vote favour canadian wine rhine wine classif import product favour vote sautern classif know sautern highest wine consumpt record canadian wine score prefer vote import sautern canadian sherri prefer vote import wine portug recogn great produc port wine canadian product prefer import vote result confirm claim mr w hatch presid canadian wine institut fine canadian wine equal better great major import wine spite great mani peopl serv import wine suppos bred year import wine hope fact present encourag member hous peopl use canadian wine sinc franc brought run dollar great deal import wine suppli agricultur wine cellar unit state new york dump drain indic peopl think import wine long run figur least good peopl acquir tast product wine good whiski certain type food cigarett cigar mani product use product like child tri first oliv boy face later year eat oliv mani meal enjoy dot p conclus mr chairman say govern govern wine produc provinc great deal promot futur wine industri keep grape grow industri good shape without lay cent help solv foreign exchang problem god know need help along line;John Maxwell Roxburgh;1968
2535804;mr chairman would permit;Gordon Drummond Clancy;1968
2535805;;John Maxwell Roxburgh;1968
2535806;port sherri fortifi wine real wine fortifi word per cent alcohol ad;Gordon Drummond Clancy;1968
2535807;depend wine buy;John Maxwell Roxburgh;1968
2535808;said port sherri;Gordon Drummond Clancy;1968
2535809;possibl nevertheless wine consid among best world produc good wine;John Maxwell Roxburgh;1968
2535810;mr chairman pleasant last minut listen member discuss merit canadian wine think pleasant discuss merit polici minist agricultur long time elaps sinc last opportun hous debat consid agricultur polici govern sinc last time subject discuss hous develop chang regard agricultur polici seriou effect chanc focu floor parliament march suppli agricultur place last week week senat introduc bill dairi polici refer bill presum reason introduc realiz peopl western prari provinc particular chang canadian dairi polici milit larg number western dairi produc therefor bill introduc senat would effect pass take control canadian dairi commiss power exclud milk cream produc subsidi benefit present dairi program amount product less pound milk pound butterfat per year sure minist awar new polici introduc took littl time full implic sink storm protest began aris winnipeg free press move editori last spring propos dairi subsidi program would discrimin western dairi produc shipper farm separ cream manufactur milk like read paragraph editori winnipeg free press last may implic new polici western farmer becom clear quota system mean decreas manitoba dairi product mean mani small produc forc busi make imposs new produc sinc quota enter busi mean farmer plan increas herd second thought matter work attempt provinci govern make manitoba suffici dairi product mark mr chairman blow small rural creameri stand way number new milk process plant come plan case provinci govern sponsor editori goe specifi region area provinc appli saskatchewan alberta creameri exist long time plan made construct process plant manufactur milk becam clear dairi polici govern would milit continu creameri process plant minist argu cours subsequ complaint made govern commiss adjust polici elimin produc pound milk elimin product pound level pound pound left discret commiss whether produc elig receiv dairi subsidi admit improv good fact matter discret commiss impli applic produc pound pound deem elig receiv subsidi mani point minist must realiz say appli saskatchewan much manitoba eighti per cent manitoba produc milk cream manufactur milk product pound polici effect play futur prospect per cent cream manufactur milk produc provinc higher proport saskatchewan number produc affect alberta high past year rapid process adjust agricultur industri rapid result social disloc behoov govern necessari come polici acquiesc polici trend effect aggrav problem happen p time govern smart realiz deterior econom condit rural region countri spoken need come arda program retrain allow basic inconsist fact hand govern deni price support larg number small agricultur oper hand becom necessari provid financi assist way cost public great higher sinc arda establish engag program realiz becom evid difficult come plan appli immedi result mani agricultur district countri march long rang readjust program arda take effect reconsider must given govern dairi program small dairi oper shipper farm separ cream ship pound manufactur milk constitut per cent produc receiv guarante elig receiv price support proport product produc excess pound agre former assiniboia senat place govern hide behind skirt dairi commiss said intent bill senat remov discretionari power dairi commiss power determin whether produc less pound elig continu price support govern give consider problem mean number farmer prairi engag least part dairi oper declin figur indic wherea year pound creameri butter produc prairi last year pound produc declin pound translat financi term affect farmer engag part least dairi product look loss financi return loss hour work creameri see immedi advers effect govern respond pump money arda cours situat would wors govern ignor develop attempt provid compens deal problem case spend much money govern intend cut dairi price support someth arda said difficult wish say minist polici succe forc farmer western dairi product greater onu govern someth western grain price polici disturb develop area know half way point present crop year export canadian wheat amount per cent last year level know minist opposit suppli agricultur say reason develop intern market know good offer justif failur part fact unit state wheat export last year countri make extra effort depart trade commerc success promot export trade canadian good budget depart increas provid greater effort sale promot promot trade fair trade mission like equal increas effort made respect promot sale canadian wheat feed grain addit disturb develop export sale front regard western grain problem price year member side given liber parti educ respect cost price squeez western canadian agricultur minist agricultur colleagu awar fact improv small step made toward find partial remedi problem time time presid saskatchewan wheat pool make public statement inform given overstat reason wish read follow sentenc tend go heart problem price cost western agricultur mr gib saskatchewan wheat pool said recent larg wheat sale refer last year given rise eastern erron idea prairi farmer problem solv sale obscur advers cost price relationship would rise farmer got short crop sell store larg amount surplu grain central point argument tri develop contain follow statement made mr gib farmer receiv price grain year cost product increas per cent period farmer absorb increas cost improv effici none increas cost pass consum march suppli agricultur owe govern perform combat crisi inflat economi cost product agricultur increas last year increas past year surg light develop sit equanim view static level price farm product price farm product remain static upward surg cost agricultur product haphazard inadequ perform govern deal inflat burn way sector economi light mr chairman difficult understand liber western becom disgruntl past coupl year time time call region confer tri come meet mind amongst done region confer seem unabl agre polici western agricultur dot p fair think must said last meet week ago manag agre revers decis committe session plenari session follow day agre endors resolut would forward govern ask improv price polici western grain resolut submit minist agricultur cabinet doubt minist present know western liber ask way price polici western grain wheat concern ask price system would floor per bushel addit per bushel amount consum say minist agricultur doubt made good speech make good speech occas certain assur liber friend west resolut would given seriou sympathet consider govern would tri someth problem minist offens say make good statement speak group outsid hous spoke vancouv spoken farm union gather prairi perform respect equal perform cabinet unabl persuad cabinet colleagu someth problem nobodi come price polici know liber say last fall indic price wheat would support floor level intern wheat agreement effect reconcil statement fact year western liber talk elect campaign region confer imper need floor wheat statement made sinc inflat decreas valu dollar per cent offer guarante govern come suppos worth guess govern go justifi goe western provinc next elect liber go say promis abl anyth inflat worth sinc give give promis sure confus everybodi includ minist colleagu way govern get shame posit regard treatment western agricultur fact promis equal would requir per bushel least indic govern dairi polici affect dairi product dairi produc western least govern could make advers effect would improv polici respect grain produc prari mr chairman say member perform govern minist difficult follow time time paus ponder make member side ask govern would anyth increas amount money avail cash advanc feel point worthi deliber march failur keep export level set past year movement grain farm countri elev slow appear go slow next week month reason increas amount money avail farmer cash advanc indic intent govern minist act though concern said want say imag govern project agricultur industri concern complet indiffer indol nonchal appli attitud trend farm go sinc acceler tri come polici slow trend avoid social econom disloc govern indiffer respect dairi polici indiffer set agricultur price support western agricultur seem acceler trend tri peer futur agricultur industri said trend continu farmer given region involv hog product today actual number farmer engag drastic transit loser end canadian consum reason govern ought hesit support price agricultur commod dot p member ontario side hous refer sugar beet veget wish speak briefli potato product manitoba potato price past year fallen unit state result potato move western price constitut dump come much overproduct potato western matter fact overproduct last year despit potato price produc slump result deleg call minist agricultur ask consid impos unit state potato valu duti today minist indic made decis cloud issu give indirect answer take suppli agricultur inclin make decis request given deleg satisfact answer month ago prime minist indic sinc industri countri affect implement certain featur kennedi round agreement govern would consid extend grant concern affect submit govern extend kind think agricultur industri help industri overcom disrupt rapid chang trade pattern unfair unless agricultur given similar treatment;Edward Richard Schreyer;1968
2535811;order pleas regret inform allot time expir;@Deputy Chair(man)? of Committees of the Whole;1968
2535812;may coupl minut conclud;Edward Richard Schreyer;1968
2535813;committe agre;@Deputy Chair(man)? of Committees of the Whole;1968
2535815;thank mr chairman talk problem variou sector economi talk agricultur problem give smooth assur sympathet consider probabl action minist like give time time passag year time come minist produc;Edward Richard Schreyer;1968
2535816;hear hear;Some hon. Members:;1968
2535817;govern noth less alloc substanti amount money select manner purpos stabil product variou agricultur commod improv incom posit produc must done mani way canadian agricultur dire strait agricultur industri vital countri portent happen consequ canadian peopl minist excus govern chang take drastic meaning action must;Edward Richard Schreyer;1968
2535818;mr chairman like say outset may much sympathi minist industri repres cabinet seriou troubl cannot extend march supp ly gr cultur sympathi govern indiffer lack understand govern polici put govern lack agricultur polici tantamount exercis futil solv immedi problem farmer attempt bring long term solut problem minor chang govern made legisl year old took offic seem ad farmer difficulti allevi exampl might mention plight western cream shipper local dairi servic could go list sector industri find situat industri struggl meet competit commod produc subsidi surplu commod struggl take place circumst govern must take much respons refer tight credit higher interest rate lower price higher product cost lack adequ cash work capit old adag none blind refus see true previou speaker said govern answer agricultur problem understand low grain deliveri quota effect prairi elev caus great deal concern western farmer compar today situat situat year ago caus concern becom appar hundr elev western bushel quota bushel quota bushel quota time last year elev quota bushel less remain elev quota bushel dispar farmer cash posit year last year evid cash advanc help pay fall expens alter posit sinc cash advanc avail last year graviti situat compound year higher interest rate farmer cannot obtain farm improv loan statutori rate interest though want see improv grain deliveri situat cold hard fact deliveri slow trickl recent market letter jame richardson son winnipeg grain merchant said stock grain oil seed countri elev bushel within bushel full work capac farm movement slow elev becom congest shipment east come standstil enough grain pipe line fill termin lakehead outward shipment pacif coast slow wheat flour export bushel compar period last year outward movement wheat lowest sinc figur quot publish manitoba co oper februari seem indic cannot look decid improv forese futur dot p mean cours farmer cannot expect immedi allevi cash posit doubt govern hope final payment last year grain pool help situat extent bulk payment wheat expect near end current month need financ spring oper littl use pay accumul bill farmer grew good crop past season suffer crop loss year cover pool good posit start spring oper cannot realiz cash grain store bin seem respons good govern creat econom climat variou segment economi oper govern would take step might necessari achiev object entail larg govern expenditur would entail understand govern basic principl good econom husbandri case modem agricultur effici reach highest level reason amount avail work capit work capit cut inabl produc market produc given time mean must found overcom difficulti march wheat concern machineri oper suppli fund advanc deliveri advanc cost made amount avail inadequ pleas see minist trade commerc suggest day matter discuss depart wheat board think would mean amend prairi grain advanc payment act larger cash advanc could made canadian feder agricultur submiss govern recommend prairi grain advanc payment act amend allow advanc made wheat oat barley maximum figur realist circumst consid low deliveri quota intent point similar situat field agricultur resolv speaker qualifi respect area present view debat would bring attent minist occas seriou effect heavi import veget oil sunflow industri manitoba past experi shown industri abl overcom surplu situat assist floor price littl cost treasuri matter fact time floor price set cost govern someth like think exact figur small price pay save industri hope govern see fit give seriou consider extent import foreign oil affect domest veget oil market lower red river valley water commiss sent brief feder cabinet minist urg govern accept recommend intern joint commiss regard construct pembina river project hope minist took time read copi submiss import project economi area assur adequ suppli water irrig industri conserv protect would afford larg area rich farm land contain part red river valley disastr expens flood would supp ly gricultur bring benefit would outweigh initi cost would hope minist would give unqualifi support import project like express disappoint minist excel work prairi farm rehabilit act provid water storag dam throughout prairi sinc enact brought standstil govern decid depart legisl continu oper led believ think time decis made govern contempl bring water resourc act proceed type work hope necessari legisl brought possibl main thing work import economi prairi delay govern uncertainti inact;George Robson Muir;1968
2535819;mr chairman previou speaker explain problem seriou urgent face farmer intend go detail problem must consid light whole econom situat justifi express deep concern slow numer sector economi threaten expand develop real crisi higher interest rate budgetari restrict mani factor contribut shortag capit affect canadian economi sinc polici auster advers effect less privileg class feel period go could jeopard situat agricultur deep debt time farmer face increas product cost must increas product invest opinion situat farmer find inferior group spite numer effort made improv lot situat cannot must go longer sinc caus steadi decreas number farmer without improv lot remain farm march suppli agricultur spite fine word high sound statement import valu agricultur parish past owe prosper agricultur surviv help welfar allow due lack adequ polici would anticip problem creat whole section parish abandon inadequ incom farmer look depart health given help provid abstain activ agricultur expert feder provinci govern engag research improv agricultur discov new breed feed method publish new develop agricultur insect weed control expert busi make farmer understand would increas profit increas herd present situat exist long time show increas effici solut urgent problem better incom farmer produc hog poultri farmer egg produc larg herd flock prove disastr mr chairman last week mr lionel sorel gener chairman u c c organ built quebec farmer know mr sorel vicechairman canadian dairi farmer associ canadian feder agricultur reason mr sorel visit ottawa associ submit brief prime minist mr pearson member cabinet brief brought attent meet group mr sorel present meet good reason sure opportun ascertain view present farm situat though unabl meet mr sorel prove mr sorel acquaint problem agricultur interview gave report le droit publish paper friday march last mr sorel made follow statement agre dot p farmer problem challeng must meet higher product cost hand sell price chang fact farmer set cost meet rise person cost cost product mr lionel sorel presid cathol farmer union quebec said wednesday worker concern product cope set rise cost explain mr sorel mr sorel ottawa time connect present annual brief canadian feder agricultur feder cabinet point taken brief canadian feder agricultur presid c f u brought need consult problem dairi industri eastern product wheat west farm loan improv taxat medicar market mr sorel indic occas mind farmer appeal govern time year polit crisi ottawa mr sorel felt price manufactur milk per hundredweight said goal remain minimum price per cwt manufactur milk year effort partial success object attain mr sorel convinc averag price milk vicin mr point problem market regard market way farmer collect agreement worker presid quebec union said govern provinc come agreement feder govern elimin harm effect foreign competit said today competit come foreign countri provinc mr sorel state appropri solut could aris deleg power level govern attitud union national govern quebec regard agricultur mr sorel say find construct told truth peopl say want right concret solut put accord commun feder quebec depart agricultur decreas sinc defeat liber parti june sinc told night dinner mr sorel influenti cabinet feel march refer defeat quebec liber parti attitud quebec union national declar love feel easi say given moment co oper lack happen quebec becom obviou instanc joint program feder govern provinc ottawa alloc quebec wherea provinci contribut exceed everyon know fund lack co oper concern remind young man decid get marri make week better chanc find someon will co oper get unemploy insur benefit rememb year good farm hand earn dollar week great number young peopl citi make dole time difficult farmer want set home find someon will co oper war came along wage rose canadian found someon will co oper set home know pill time co oper hundr per cent came drove worker car offer per cent subsidi cadillac would accept could paid share hand minist gave deal today would will co oper earn steadi salari last year mr chairman problem farmer whether eastern central western provinc financi problem effort made obscur issu variou mean said difficulti due polit crisi occur ottawa lack co oper wherea fact due lack money deal real problem everyth done evad issu want speak subject given ampl opportun dot p quebec peopl say thing go rob english suppos case must admit honest peopl thiev among race suppli agricultur honest peopl among jewish italian canadian english peopl whenev provinc quebec complain englishmen like know instanc swindl english peopl nova scotia like stage make short comment brief submit joint committe senat hous common consum credit seen page committe proceed brief deal time hous problem person incom nova scotia someth wish point sinc peopl nova scotia englishmen brief state follow first factor must consid discuss hous situat incom lower atlant region averag incom provinc run per cent lower nation averag nova scotia share poverti previou paragraph read fifth home nova scotia overcrowd without run water bath shower fifth home flush toilet number home requir major repair nation averag read follow old provinc last year produc expans growth experienc area countri result stagnant popul industri growth situat hous stock remain year mani old home maintain appear bad hous statist distort figur old wood structur residenti commerci sound attract portion hous stock must demolish greater portion restor commun becom attract report submit leader offici opposit mr stanfield premier provinc said done realiz piti condit exist sinc arriv leader opposit feder scene newspap tri make believ condit differ speak problem nova scotia told leader opposit success everyth undertook day read newspap initi campaign govern march suppli agricultur regard poverti provinc slum think start bulldoz slum come bulldoz parliament event repeat farmer problem honesti financi problem starvat problem honesti financi agricultur problem problem product consumpt mr chairman wonder farmer manag make end meet come year realiz class societi lack necess life know crop insur accept provinc year accept provinc quebec year know cost insur share feder govern provinc ottawa pay per cent provinc per cent premium per cent paid feder govern per cent provinc remain per cent paid farmer person concern spite quebec abl implement plan shortag money today obviou minist wait provinc flounder joint program present system provinc becom poor relat know intent minist regard continu rise price farm machineri know polici face farmer request price per hundredweight milk know polici regard quota favour unfavour farmer want increas revenu know minist decid reduc chees subsidi subsidi sheep hog product account inadequ budget would like remind mr chairman wartim mention inadequ budget wait govern collect tax peopl unemploy declar war went sourc bank rememb price support extend throughout spite shorag manpow canadian product increas extent use feed part world rememb million million grant assist great britain feel gestur could repeat would appropri opportun minist agricultur mr green launch war poverti view fact england need gift present subsidi inadequ think minist could consid grant special discount paid new money canadian consum good discount could paid food item produc consum across good england would good assum whole canadian peopl would accept govern use bank war effort cours use bank today would run old habit requir effort opinion would effort right direct minist could depend support peopl view fact farmer would involv could depend support mr paul henri lavoi gener secretari c f u known fact director bank sinc agricultur class would assist new formula convinc mr lavoi would happi give support initi imagin mr lavoi secretari c f u director bank wish minist see appear period similar year;Roland Godin;1968
2535820;mr chairman want delay longer busi hous glad opportun say word subject agricultur must recogn minist task presid destini depart agricultur arduou import task shall spend time dispos take task use minut avail make suggest suggest improv well rural popul gener know mr chairman last year farm go march period consider develop transform product method chang machineri chang year without creat seriou problem farmer want promot agricultur countri dot p number farmer reduc last year sever margin farm exist sever disappear need close co oper feder provinci depart agricultur depart close spirit co oper exist level govern hope minist agricultur mr green will co oper possibl prevent farmer suffer loss lack co oper stage discuss thing present continu consult variou depart hope see continu improv greater gener good main success factor farmer doubtless facil get necessari credit equip manag farm sever year canadian farm credit corpor render great servic farmer think reach point act amend order enabl farmer take better advantag thereof think slander suggest mani time offici respons implement farm credit act protect farmer interest would think sole purpos offici protect govern rigid know sever farmer complain treatment enough confid place could obtain amount would enabl develop farm make profit fact farmer good risk think bank could obtain interest rate accord modern requir would readili grant loan farmer therefor would urg minist use power persuas convinc offici deal agricultur loan confid suppli agricultur farmer appli agricultur loan creditworthi seem special concern young farmer want settl land minist know young peopl look agricultur futur would like becom farmer great qualiti prevent carri plan father cannot give money requir settl land mani famili son want settl farm father land limit cannot help son becom farmer mind farm credit bureau could great assist farmer wish borrow nation whole must recogn farmer feed nation place situat sooner get suppli foreign sourc disadvantag peopl dot p mr chairman like speak moment dairi industri know import industri repres per cent farmer incom therefor right pay special attent know recent year polici meet demand mani farmer sold cattl devot agricultur field result interest farmer handicap mani plant close lack raw materi would like gentleman pay special attent recommend made c f know c f present last week cabinet annual brief repeat request made last year year necessari farmer get price per hundredweight milk c f say brief price per hundredweight necessari today previou year cost product increas know exampl averag price canadian farmer receiv last year amount per hundredweight realiz request agricultur organ reason govern take measur enabl farmer march suppli agricultur get price essenti minist agricultur make avail canadian dairi commiss fund enabl meet demand farmer brief c f mention present dairi polici contain thing unfair peopl concern first one concern cream shipper get less produc manufactur milk accord brief second concern discrimin produc fluid milk must sell substanti part product process price establish industri depriv fluid milk produc need revenu supplement end feder submit follow recommend believ fund need bring old feder polici wherebi subsidi paid dairi produc paid fluid milk produc brief feder urg govern revert old way pay subsidi suit farmer need chees industri utmost import know lac st jean area export last year pound chees great britain manag chees factori lake st john region believ encount difficulti devalu pound sterl accord rumour view devalu dollar would surpris chees sold cent per pound less last year affect amount paid chees factori farmer therefor minist agricultur reduc bonu chees propos intend bonu remain interest farmer produc chees mr chairman lead talk minut need increas compens anim slaughter account contagi diseas week pleasur introduc hous notic motion urg hous studi possibl increas compens paid cattl slaughter anim contagi diseas act set compens pure bred cattl crossbr cattl know mr chairman good milch cow instanc cost must face fact conclud compens paid year inadequ c f u repres would like increas compens paid feel minist utmost meet wish true motion introduc refer stand committe agricultur consider enough think minist would give farmer welcom gift announc taken necessari action compens suggest notic motion paid sourc concern farmer fruit veget grower year mr chairman greenhous product countri compet canadian product think minist agricultur pay great deal attent matter past farmer product reach market overload follow farmer forc lower price order sell product interest housew season strawberri tabl matter logic minist protect produc know quarter prevail certain ideolog buy product better price produc follow ideolog sooner assist farmer direct toward form product interest think consum lack greenhous product week day bring distinct advantag farmer dot p take portfolio agricultur minist promis farmer memori serv right thorough studi would made variou condit concern purchas farm machineri promis relief farmer wait minist carri promis respect high time assur support take posit step put end yearli increas price farm machineri march mr chairman like tell minist agricultur hog produc sorri hear bonu hog would reduc trust minist given due consider matter make strong represent treasuri board order decis reduc bonu hog drop mr chairman hope minist realiz farmer go lose great deal money result decis find unfavour posit meet oblig product cost conclus mr chairman minist agricultur tell measur plan take order ensur canadian product affect kennedi round tariff negoti farmer concern present time seed time fast approach farmer would like assur effort vain short work noth farmer face mani unknown factor ruin fruit labour whole season addit face risk import foreign product forc reduc oper forc sell product price would enabl meet product cost said mr chairman like repeat best wish minist agricultur assur farmer expect receiv protect entitl;J.-H.-Théogène Ricard;1968
2535821;mr chairman like minut dispos discuss famou problem agricultur context differ colleagu relat futur endeavour possibl play polit wish congratul minist agricultur mr green order increas polit capit hand want critic press report done good turn agricultur wish speak futur heard afternoon state minist poor record found suppli agricultur harsh said conserv parti came power issu challeng mr chairman rememb challeng dairi industri want quot figur sinc said would dabbl polit would embarrass would prefer refer problem agricultur make attempt show viewpoint differ monetari angl nowaday think problem agricultur social problem reach point see young leav rural area go live citi boy walk school barefoot parent littl resourc feel persecut sinc schoolfellow came background mine today children go school urban centr mix children class societi matter fact child realiz school friend better spend money littl girl chang dress child suffer inferior complex find difficult concentr studi return home ask mother buy thing other intellig realiz intellig conflict aris rural famili due lack money explain lack money due faulti administr doubt known fact state must subsid per cent farm commun true latter respons situat degre surpris farm commun given priest bishop church lawyer notari legal profess politician public life left agricultur peopl experi littl difficulti other understand problem manag oper light fact someon troubl manag properti opinion success farmer intellig man varieti skill hard find march suppli agricultur level societi must businessman account veterinarian without diploma abl detect diseas affect anim mechan succe farmer superman sort farmer problem result bad manag import point dot p wish congratul minist took initi put comput dispos farmer enabl administ farm macdonald colleg begun use opinion give agricultur new impetu imposs sure sell product foreign competit therefor must find way get maximum product farm comput use dairi farmer time abl assess product head cattl vari great deal realiz cannot determin glanc need technician techniqu practic may lead reason incom besid technic aspect problem would like draw minist attent particular point fact rais member includ portneuf mr godin bound say seem idea talk listen knew first hand knowledg agricultur problem talk quota chang mr chairman like draw attent minist quota dollar price mention first saint hyacinth bagot mr ricard spoke moment saint hyacinth bagot region ride provinc quebec part larg co oper provinc averag price milk rang per hundredweight last figur announc sinc minist agricultur set object one must admit went farmer constitu grate addit lost cent premium paid provinc quebec would point close provinci author shi help get premium area price milk reach per hundredweight imposs feder govern establish price throughout provinc throughout countri consid divers condit agricultur geograph locat chang weather fact provinc quebec necessari go quebec citi lower quebec call realiz dairi industri oper inferior level think uniqu problem come within jurisdict provinc feder govern give subsidi order establish averag price across sinc particular factor taken account provinc decis remain provid agreement provinc resort dump practic feder govern settl problem district exampl rural area eastern township montreal area beauc area cover counti get defici field quota mr chairman like minist agricultur think farmer gave market fluid milk favour industri milk assum would elig subsidi product close per cent standard establish commiss forbid farmer chang product chang awar regul penal peopl recogn produc process milk entitl subsidi everyon know go stop sign claim pay believ penal grant quota year year farmer oblig sell milk possibl farmer cannot go product fluid milk recogn could subsid quota pound milk mention march benefit know commiss recogn quota think lower pound favour low quota pound product repres yield cow produc pound milk farmer cannot live product impress prejudici anyon would like make live farm dairi let say due pressur farm associ canadian dairi commiss follow agreement minist recogn merit request think consid rais farmer want live dairi farm get larg enough product one live less pound milk mr chairman may call clock;Joseph Julien Jean-Pierre Côté;1968
2535822;order clock leav chair clock committe took recess;Herman Maxwell Batten;1968
2535824;order pleas committe rose clock consid vote supplementari estim c depart agricultur;@Deputy Chair(man)? of Committees of the Whole;1968
2535825;mr chairman committe adjourn tri explain minist agricultur mr green defici exist administr canadian dairi commiss regard quota dealt price milk said reach per hundredweight area countri whole could ask like opposit member increas cent per hundredweight would express wish minist would like compli request ask increas would littl avail price milk rais cent per hundredweight cost mil supp ly gricultur lion countri increas cent request minist agricultur would minist financ mr sharp time member opposit third parti higher milk price minist financ must set new fiscal polici get money would defeat opposit useless would stick present quota would like see abandon fluid milk product industri milk product recogn canadian dairi commiss industri milk produc order benefit quota problem want bring attent minist involv mani peopl milk produc sell quart fluid milk villag rural area sell per cent product quart fluid milk farmer recogn fluid milk produc inelig subsidi paid dairi commiss farmer forc stop deliv milk villag go product industri milk recogn villag forc buy milk citi distributor price would pay home like bring case attent minist ride sever farmer stop sell pint milk order recogn canadian dairi commiss recogn possibl subsidi grant peopl think young farmer financi oblig quota amount lb milk younger peopl afford opportun quota readjust accord product year year old youth salari worker receiv salari father tri invest get piec land abl work year father recogn employe cannot get quota exceed pound milk would like farmer receiv subsidi recogn canadian dairi commiss reduc problem must tri examin know ride saint hy acinth bagot talk latter next find type farm problem saint hyacinth bagot awar condit pork industri find pork breeder peopl go integr farmer told must produc provid piglet financ get per hog sign invoic chequ give case feel money taken depart agricultur hand farmer want subsidi discontinu would want anybodi say nicolet yamaska subsidi farmer want subsidi paid benefit farmer chang ask let say subsidi discontinu restrict minist agricultur make restrict opposit refus vote necessari estim elimin farmer problem member hous agre increas tax bad awar problem class societi must assum respons face elector explain money put pocket member societi must come societi whole plain mr chairman see time run would minut must understood assist farmer speak familiar agricultur live farm area farmer pocket money hoard cellar dollar invest benefit whole industri commerci sector agricultur repres per cent nation economi includ sale agricultur product everyth agricultur money invest agricultur invest farm whole commun depend upon agricultur tour gasp timiskam region saw place noth rock mile small villag suppli agricultur inhabit depend upon tourist trade fish live cross plain squar mile see farmland pretti villag sort enterpris settl depend agricultur time farmer subsid buy someth improv oper get idea subsidi go pocket farmer order prove point go quot figur show invest agricultur benefici mani instanc dairi produc ship product valu increas went organ relat agricultur dairi industri employ person salari amount cost suppli raw materi amount cost contain pack materi amount cost fuel electr ad impetu given dairi industri permit purchas suppli field see time expir give opportun other colleagu state view shall resum seat present realiz minist agricultur make special request minist financ concern sector economi;Florian Côté;1968
2535826;think agre mr chairman mani seriou problem face canadian agricultur say outset time intend take tonight propos solv minist succeed time minist agricultur shall attempt hour tonight view wish express think problem involv agricultur reveal statist familiar connect rural poverti farm incom relat section economi extent difficulti reveal obviou dissatisfact canadian farmer friend kent ont refer friday mr chairman coupl march suppli agricultur year per cent farmer unhappi approach govern agricultur problem cast vote govern think proport would much higher today suggest sever misconcept held canadian agricultur think reflect extent least approach govern dot p think worth emphas agricultur isol industri unrel anyth say time think worth emphas signific agricultur cours affect gener govern polici polici depart agricultur think import point keep mind import cours agricultur affect econom health progress countri cannot think agricultur isol cannot deal agricultur isol rest economi healthi canadian economi unless healthi agricultur;Robert Lorne Stanfield;1968
2535828;healthi agricultur unless healthi canadian economi today farmer caught cost price squeez intern market threaten appar reluct govern pursu market domest market threaten import polici mani farmer farm group find incomprehens particular difficulti secur credit except extent suppli govern agenc farmer caught gener uncertainti canadian economi govern econom polici agricultur cours industri feder govern involv provinci govern mani commod govern polici control quota govern polici control transport transport charg govern polici consider extent control market rate stabil payment decis whether stabil payment made larg degre avail credit larg extent fate farmer hand govern govern involv cannot withdraw seem discern hope justifi impress minist depart tend extent wash hand problem involv difficult someth work process attrit suggest govern oblig develop effect long rang polici one deni difficulti problem agricultur problem hand relat persist world poverti hand rapid technolog chang confront farmer chang condit product competit agricultur resist blanket polici differ type farm countri region differ great varieti crop grown difficulti problem excus ineffect polici satisfactori phase industri allow work destini process attrit agricultur must viabl world countri need continu need food former conserv govern confid canadian agricultur;Robert Lorne Stanfield;1968
2535830;introduc import initi field credit market arda program program polici period creat momentum optim agricultur feel allow laps mani present polici relat industri agricultur ineffect els caus problem solv think seriou critic basic approach govern agricultur polici seriou fault emphas gener way import govern gener econom polici lack agricultur made point mismanag economi gener lack confid econom polici march govern need review except say econom mismanag govern affect busi agricultur least affect busi seriou consequ agricultur inflat would remind minist increas farm cost taken place last year end annual increas farm cost moder increas farm cost percentag point report percentag point percentag point;Robert Lorne Stanfield;1968
2535832;say percentag point show increas rate farm cost think inflat largest singl factor contribut cost price squeez farmer find inflat increas price farmer must pay mean product commod buy cours eat effect return receiv reduc buy power dollar inflat hold special threat agricultur commun mani farmer live near subsist level farmer abl pass burden other mani farmer compet intern market price reflect inflationari pressur farmer cost product reflect inflationari pressur mani farmer sell intern market sell domest market compet outsid produc subject inflationari pressur abject failur govern control inflat suggest cost farmer countri relat inflat high increas rate interest farmer pay credit today invest requir oper effici competit farm increas year inflat aggrav farmer invest problem ad cost build equip must buy cost farm credit today except avail provinci feder agenc make difficult farmer maintain effici suppli agricultur make profit cannot make profit effici mr chairman think credit difficult obtain today rate rais bank rate dri sourc credit farm improv loan involv statutori ceil per cent bank reluct lend rate attract rate avail dot p think cash squeez farmer acut western sale grain disappoint farmer face acut shortag cash addit must rememb gener rate return farm invest lower sector economi attract farm invest affect advers way substanti increas cost credit farmer exampl action govern today frustrat oper program pass parliament known necessari healthi agricultur growth recogn part pressur interest rate intern origin know countri recent increas bank rate due protect measur felt necessari order take care condit within suggest scarciti credit high cost credit farmer clear indic disastr consequ farmer gener absenc econom polici part govern addit confid affect farmer affect peopl busi agricultur big busi requir indic larg capit invest anyon make larg capit invest requir type certainti make long term plan possibl farmer abl somehow arrang financ today reluct make larg commit high rate interest condit anyth secur return condit farmer jitteri term invest unwil make long term commit econom prospect remain uncertain march suppli agricultur econom uncertainti agricultur complic uncertainti result inconsist unco ordin govern feder polici refer effect rais bank rate effect naturali farm credit kent ont refer friday inconsist involv emphas retrain hand hand cut feder involv vocat school train must take place sever speaker point inconsist feder polici subsid canadian product hand allow import competit present govern seem lack polici regard agricultur think exist inconsist could avoid whole believ indic govern give low prioriti farmer agricultur problem inconsist within feder govern seriou conflict aris govern time consid effect measur co ordin govern differ level suppos clear problem provinci jurisdict involv extent think overcom feder govern prepar perform oblig leadership adopt co oper reason attitud point addit govern made sever bad decis canadian farmer pay price decis depart agricultur minist agricultur decis affect farmer real way state mani time hous govern blunder left canadian farmer without world wheat agreement unprotect period month;Robert Lorne Stanfield;1968
2535834;understand result price undercut qu appel point unit state would becom involv type thing price competit liber govern drop gentleman agreement relat price stabil agreement develop former prime minist mr diefenbak presid eisenhow confirm believ april late presid kennedi agreement sustain inform quarterli meet canadian unit state offici abandon minist financ minist trade commerc canadian farmer bear burden decis part govern farmer bear burden lack stabil price govern polici complic problem dairi industri blame believ lie door depart agricultur think year differ nation dairi polici type action defeat plan destroy confid would seem danger indecis lack leadership govern may allow difficult situat montreal dock continu condit obstruct movement grain unfortun farmer suffer autumn deliveri difficult govern question matter held respons hous import action taken ensur shipment grain disrupt troubl dock montreal polici depart agricultur affect farmer polici activ govern total seriou aspect polici govern seem base sweep premis number farm reduc emphasi place larger unit farmer must help move mani other must encourag diversifi suggest wrong base agricultur polici sweep view must cut number farm increas size unit believ evid futur canadian agricultur respect lie intens farm increas product per unit larger unit seem conclus kemptvil studi drew evid march ontario studi conduct larger grain produc area alberta evid next decad best use land requir farm present fewer land use brought product cours basic purpos arda project believ forgotten consid agricultur polici countri polici suggest ought base sweep premis valid believ good reason anticip futur expand market expand canadian agricultur base continu grow demand world food solv immedi problem cours give ground confid futur dot p known world enter period spectr famin threaten progress less develop countri come decad year crisi famin concern think real challeng co oper develop countri intern program provid immedi food relief build long rang agricultur capac select recipi countri may mean chang attitud wherebi produc nearbi citi domest market requir research develop new techniqu process market allow increas flow canadian farm commod foreign market like say word arda believ program central import canadian agricultur atlant provinc quebec import provinc area farm incom product low present govern think arda realiz full potenti place emphasi studi cours necessari match emphasi action continu believ arda could effect instrument social econom polici devis must use go achiev purpos let emphas agricultur polici must base sound grow suppli agricultur economi govern must attach high prioriti agricultur take long rang view recogn industri sever problem industri expand opportun govern shown much confid futur agricultur agricultur must confid govern industri like other must cours adapt chang govern must assist process chang resist farmer must effici surviv farmer becom effici maintain effici gener econom polici govern appli countri today credit scarc proverbi hen teeth cost product high relat anticip earn farmer today littl incent mortgag farm live littl hope expect littl return particular point want make improv effici improv effici taken grant suggest govern minist agricultur concern caught viciou circl profit farm must effici rise cost effici farm profit suggest govern elimin incent effici permit inflat continu allow farmer confront high cost credit make imposs farmer feel confid plan invest say talk effici total effect govern polici elimin incent farmer effici today suggest seriou state affair mani problem agricultur today much progress made problem govern must provid incent farmer effici make possibl farmer plan look confid gain reason return increas invest make thank;Robert Lorne Stanfield;1968
2535835;mr chairman pleas see leader opposit enter debat farm polici must march suppli agricultur apolog member spoken intend best knowledg attempt answer queri rais light posit held gentleman spoken leader majesti loyal opposit think owe courtesi speak trust member bear regard gentleman began tone humil indic hous would answer solut agricultur problem hour may said speech made think agre humil justifi heard seri platitud respect problem face agricultur voic year speaker discuss agricultur problem gentleman taken care check fact present respect well agricultur industri today compar well time countri beset govern parti opposit think might wish gentleman good fortun year opposit set fact straight futur may base agricultur critic fact exist first gentleman indic govern remiss way respect export polici indic vigor export polici larger market could found suggest inher problem let help gentleman cite record regard respect comparison attempt make govern conserv parti offic respect measur taken achiev export sale fact perus consider gentleman wheat major item agricultur export contribut balanc payment repres consider worthi contribut made farmer bushel wheat sold valu bushel wheat sold valu bushel wheat sold valu dot p thing began improv bushel brought farmer total figur bushel bring farmer total figur bushel total return farmer estim figur bushel total return farmer finish stori;John James Greene;1968
2535836;know gentlemen like discuss fact whether like propos tell someth factual stori happen agricultur;John James Greene;1968
2535838;record regard speak;John James Greene;1968
2535839;mr chairman would minist permit;Francis Alvin George Hamilton;1968
2535840;mr chairman think;John James Greene;1968
2535841;afraid;An hon. Member:;1968
2535842;point order mr chairman right farmer oshawa laugh listen quiet remark member opposit would pleas;John Maxwell Roxburgh;1968
2535843;order pleas minist floor think make task difficult member make gratuit remark seat;@Deputy Chair(man)? of Committees of the Whole;1968
2535844;mr chairman hope abl answer alleg leader opposit set record straight fact upon futur base agricultur endeavour think suggest need suggest area agricultur know difficult problem solv minim cannot gloss base decis upon imperfect conclus fact regard hope straighten record leader opposit say vigor export concern real march net incom receiv farmer great contribut make total economi countri share concern gentleman regard posit farmer agre long way go incomewis bring farmer standard rest canadian economi gentleman indic measur understood word farmer suffer sinc offic standpoint real net incom agre farmer today mani sector econom commun real net incom cite statist indic sinc offic real net incom posit farmer progress pace rest incom canadian economi farmer behind behind took offic abl catch fact regard mr chairman gentlemen opposit interest shown propens interest anyth polit fact situat date would point base index year dominion bureau statist repres total product figur risen cash receipt sale farm product total word last year gentlemen least offic total incom farmer rose word increas year offic gentlemen opposit may say ye gross incom sure got extra cost went leader opposit made think valid point increas cost farmer cost price squeez face happen real incom period period farmer net incom rose per cent increas j per cent year offic say singular increas per cent compar rate increas enjoy wage earner rest suppli agricultur canadian econom commun word term offic abl increas farmer real incom product aggress sale world market meant incom increas per cent rate rest canadian commun mr chairman behind simpl situat prevail took offic member opposit tell great accomplish offic strang spite situat prevail member opposit offic farmer gone per cent sinc assum offic behind rest canadian commun kent ont think speak time parti opposit regard agricultur matter indic concern number farm oper concern rate disappear farm tenur offic fact smaller percentag peopl countri produc food rest canadian commun dot p would point speak axiom world econom total nation progress nation progress industri develop technolog inevit smaller percentag peopl produc food rest commun think look exampl underdevelop countri per cent popul land produc suffici amount food feed unfortun peopl land instanc poland recal occas studi statist last summer polish deleg reduc agricultur popul someth like per cent end world war ii per cent total popul today begin world war ii per cent peopl land today per cent peopl produc food accord product techniqu world think inevit industri progress give new opportun new technolog march suppli agricultur expert wrong tell advanc econom commun today term like within next decad per cent canadian produc food rest appear immut law econom technolog industri progress smaller percentag peopl produc food quarrel basic premis kent ont believ leader opposit subscrib would point new effici smaller percentag peopl produc food rest gentleman opposit complaint regard would say period gentlemen opposit offic farm went product countri larg part time offic farm went econom product complaint think basi fact exist like point period farm go product rate dominion bureau statist method assess farm incom non commerci farm period call commerci farm increas word term offic mani farm move uneconom farm econom farm;John James Greene;1968
2535845;steal year let bother;Donald MacInnis;1968
2535846;leader opposit complain lack confid agricultur commun govern fact lack confid imped progress restrain growth persuad farmer expand hold creat bigger econom unit govern offic confid would go progress way expand hold move confid futur let say farmer countri hard head tough fist capabl sound businessman would mortgag futur borrow pay order creat prosper mr green bigger farm unit would borrow confid futur feel govern offic go build bigger better could thrive wherein could pay debt accru let see canadian farmer done sinc offic much confid display futur canadian farmer borrow farm credit corpor extent confid futur tori offic;John James Greene;1968
2535847;need borrow;An hon. Member:;1968
2535848;borrow borrow borrow;John James Greene;1968
2535849;borrow money;J.-H.-Théogène Ricard;1968
2535850;littl confid canadian farmer futur countri suggest mr chairman leader opposit cannot way faith futur canadian farmer borrow much gentlemen opposit offic;John James Greene;1968
2535851;surviv;An hon. Member:;1968
2535852;think leader opposit must decid canadian farmer borrow larg amount year confid futur countri govern canadian farmer borrow kind money without know stupid fellow borrow money countri futur know way leader opposit want say judgment canadian farmer must poor borrow largest amount histori expand hold govern offic confid futur countri govern offic fact confid futur countri govern march know leader opposit take part futur debat agricultur learn someth agricultur nativ provinc left wish delv area immedi concern although cours feder provinci depart agricultur think great co oper provinci depart feder depart attempt reach new level canadian farmer know leader opposit concern agricultur area troubl agricultur provinc nova scotia think know whereof speak come problem agricultur think know solut easi ration farm unit creation bigger product farm provinc nova scotia gone pace slower part countri would throw rock anyon certain govern provinc everyth possibl prepar cooper provinc way possibl order help move creat viabl product econom unit provid better incom choos remain agricultur dot p appreci fact leader opposit must grave concern agricultur reason difficult situat provinc despit mani year offic abl solv agricultur problem solv achiev slower pace part lost argument gentleman advanc state fine polici refer creation brainchildren parti opposit offic said point said polici ineffect inadequ useless sure whether polici becom tire jade sinc came offic polici first place good becom good suppli agricultur hope gentleman enlighten regard leader opposit refer arda believ tri give credit due arda conceiv gentlemen opposit offic sure mind whether offspr calgari north minist agricultur qu appel deserv credit origin arda concept would deni moment suggest scope arda broaden sinc offic arda agricultur scheme wherebi small farm might made product larger unit refer might creat program use conjunct fred program foundat stone like may move courag imagin vision take great step toward abolit rural poverti canadian scene give full mark gentlemen origin concept like say leader opposit origin concept broaden enhanc use past year sinc origin concept gentleman alleg use would remind although think familiar fact initi arda lie provinc program use know import arda project turn feder level say provinc wisdom seen fit bring mani arda suggest program gentleman would like inconsist say suffici arda project best knowledg feder level turn gentleman quarrel regard trust take provinc initi arda project eman mr chairman gentleman complain canadian farmer unabl obtain suffici credit establish fact canadian farmer suppli agricultur abl obtain credit obtain credit farm credit corpor today gentleman complain canadian farmer difficult time agre connect farm improv loan complain farm improv loan inadequ interest set per cent per annum state bank lend money per cent per annum therefor farmer get much money gentleman deem requir take remark advoc rais ceil interest farm improv loan gentleman shake head case understand complaint farmer cannot get money interest rate low want rais interest rate hope futur time tell would solv dilemma want way;John James Greene;1968
2535853;would pleas;Robert Lorne Stanfield;1968
2535854;mr chairman gentleman opposit complain possibl futur strike;John James Greene;1968
2535855;order must advis minist time allot expir;Herman Maxwell Batten;1968
2535856;carri;Robert Lorne Stanfield;1968
2535857;committe give unanim consent minist continu;Herman Maxwell Batten;1968
2535860;promis wheat march;Warner Herbert Jorgenson;1968
2535861;;John James Greene;1968
2535862;give peanut;Warner Herbert Jorgenson;1968
2535863;gentlemen opposit wheat price think good glad ask take except fact first time histori govern seen fit guarante price wheat western farmer;John James Greene;1968
2535864;wheat;An hon. Member:;1968
2535865;respect implement kennedi round agreement world wide wheat agreement fail understand leader opposit best knowledg public life known care statement believ known squar dealer say canadian way respons fact maximum minimum price agre kennedi round brought world wide wheat agreement canadian attend meet world wheat council think colleagu indic constant commun constant negoti other assur implement kennedi agreement world wheat agreement feel sure negoti success leader opposit alleg critic govern offici respons carri negoti bring agreement kennedi round world wheat agreement offici remiss duti could done someth order implement kennedi round agreement world wheat agreement fail understand think unfair untru critic respect mr chairman member know success conclus kennedi round negoti may last year world wheat price drop made difficult buyer nation implement kennedi round agreement world wheat agreement juli anticip would possibl made negoti difficult control world wheat price think canadian minist suppli agricultur canadian offici took proper step pursu end implement price rang kennedi round agreement world wheat agreement want talk world wheat price fact world wheat price price northern reach let recal price volum sale equal volum sold sinc offic price hear much wheat price estim price wheat member talk;John James Greene;1968
2535867;go talk wheat price let talk;John James Greene;1968
2535868;wait;An hon. Member:;1968
2535869;let put record let see sold wheat quantiti price stand record time take longer mr chairman sinc mani member opposit ask repli question pose would interven time remark leader opposit thought would proper make comment speak leader opposit feel straighten fact agricultur gentleman futur address hous fact abl make worthi contribut difficult subject agricultur;John James Greene;1968
2535870;mr chairman intend spend time dispos argu minist agricultur commend leader offici opposit grasp appear problem face agricultur present time;James Norris Ormiston;1968
2535872;sank minist agricultur protest methink minist protest much march suppli agricultur doubt sinc friday minist absorb mani suggest agricultur mani forthcom debat minist suggest member hous organ present brief refer canadian feder agricultur nation farmer union brief cover mani aspect agricultur need shall deal aspect minut dispos perus brief appreci contain respect vagari increas product cost diminish financi return present brief concern life cannot find anyth would indic present voluntari crop insur plan plu provis prairi farm assist act suffici protect western farmer effect natur hazard compens loss dot p talk price farmer crop sell crop failur done done present time help farmer seriou situat preval short crop year experi payment prairi farm assist act bring focu state agricultur legisl today employ provis act brought effect condit much differ exist today mani quarter section farm farmer use hors hors drawn machineri number farm larger differ type farm oper carri mani case provis act might effect today prairi farm assist act maximum number acr respect award may paid individu farmer maximum award last year averag payment amount seen figur event crop failur prairi farm assist act limit valu natur legisl grow number abus come known local inspector supervisori staff situat caus grave concern administ act eros take place use legisl impair sever year exact report produc judg harold pope consequ alleg irregular made sever recommend improv act regardless good intent commission none recommend put effect felt someth piecem improv need bring legisl date suppos idea mind crop insur act pass hope would provid suitabl assist prairi farmer supersed older legisl realiz provinc administ crop insur scheme help need feder govern plan equip give full comprehens coverag mani farmer low yield area feel present premium high adequ financi return ensur review act order effect year thought given applic premium set possibl assist margin area limit period ascertain whether scheme practic meantim sinc live p f improv might consid applic deterr fee municip appli inspect much money wast busi inspect approxim cost inspect accompani applic respons attitud would result point wish make close resum seat though like commend minist agricultur imparti way local p f inspector chosen ad strength administr act last year complaint direct dedic public servant best administ legisl;James Norris Ormiston;1968
2535873;farmer interest hear minist agricultur tell tonight thing good march cours tri tell minist last summer lawn would like give report good secur measur day theori go around mani farmer way cure problem agricultur starv farm theori cannot accept seen elimin qualiti subsidi hog lamb chees indic belief theori go around theori held peopl govern farmer talk offici work public servic come idea figur farmer drive cadillac except florida fli true wrong way consid problem agricultur fact matter farmer make go oblig work hard latest method fortun regard market condit enjoy lot luck think luck come anyth mayb import factor farm bowl cherri fruit farmer anyon govern think idea ought chang farmer came last summer see minist agricultur minist lawn prime minist afraid face;Robert Elgin McKinley;1968
2535874;;John James Greene;1968
2535875;got shut want come insid someth thought would see hous common guess farmer learn stand fellow across aisl get adjust dairi farm situat return milk improv certain extent cover extra cost product singl thing produc cost situat affect farmer grow wors think minist know live part countri cost risen anywher price receiv farmer fail keep pace suppli agricultur market organ might provinc tri organ littl run import provinc say heck might forget assist might provid nation market scheme govern interest anyth like cannot see minist know know stand place say effect farmer good true member cabinet good appli farmer countri dot p farmer caught tremend cost price squeez littl chang price wheat minist mention kept pace farmer cost matter farmer produc wheat cost increas price product remain stationari case gone everyth buy soar price hog price cattl farm price gener gone includ price egg poultri price prepar feed farm implement gasolin necess doubl within last year top retail price farm product consum gone someth consum price index increas per cent sinc farmer sell produc price rememb farmer consum farmer along miner fisherman lumberman labour basic produc countri food produc import econom unit nation situat aris posit show profit lean year happen implement manufactur rais price food retail rais price give farmer anyth produc charg consum feed manufactur rais price farmer get stay anybodi say farmer good seem everybodi countri goe march suppli agricultur goug man product basi econom prosper classic pattern govern pay attent happen farmer feel drop farm popul get without farmer vote mr chairman suggest govern go find wrong theori next elect farmer abl organ union automobil worker feel step get pull strike farmer organ extent recent year becom organ grow rich buy farmer product cheap sell other high price may find farmer decid necessari organ farmer may lot tougher mani labour union govern taken littl action help farmer lock came parliament hill farmer go put kind treatment bunch peopl elect peopl seem forget elect farmer go sit put import worth egg happen last year dozen egg import unit state america dozen australia govern treat canadian egg produc import worth dri egg worth egg product includ egg yolk countri import pound dri egg poland help canadian produc first ten month pound butter import east germani pound belgium pound new last year worth chees import canadian dairi farmer first ten month lot turkey import unit state rais turkey countri canadian eat come place right minist give rosi pictur canadian farm situat govern seem look problem light fact fewer imr mckinley farmer land vote feel good trend farm disappear ontario sinc seriou situat think make mind nation whether farm becom busi whether continu way life great mani canadian know way live want join unemploy big citi decid work farm polici decis govern refus face help success farmer stay success must produc time take step make possibl farm continu way life wish carri need continu suppli food produc nation articl decemb issu canadian geograph journal f symington deal rural problem describ kind govern polici aim region improv appli appli present time quot follow passag arda legisl encourag govern admit proclaim realiti seriou rural econom disloc sinc statist rural hardship quot base analys censu figur indic canadian total farm gross annual sale less astound peopl along famili compris formid corp scatter throughout ontario total farm sell less worth product per year articl continu hundr thousand farmer throughout forc busi price control effect effici agricultur product huge product capabl western result wartim mechan appli vast level fertil land applic larg scale capit invest chicken egg milk beef area product throughout result penalti could employ enough capit opinion could nation polici provinci polici must coher simpl work key least set viabl framework region develop provid full rein real potenti region march dot p involv flexibl tax arrang feder provinci govern involv decentr feder administr consider chang feder department framework involv introduct new technolog new approach research data collect involv educ manpow mobil industri develop program dynam coher present effect sum region develop demand sensit intellig consider natur resourc market potenti attitud skill potenti peopl recent unit state report establish rural failur becom factor respect citi unemploy figur advantag remov peopl farm bring citi unemploy welfar charg presidenti advisori commiss unit state urg full employ prosper rural peopl report new york time decemb govern provid job end panel call nation disgrac similar situat exist arda program idealist concept reduc ineffect administr bumbl reveal recent report presid nation advisori commiss rural hardship unit state call equal opportun rural area regard hous job educ welfar report commiss state need greater rural urban area urg need given prioriti legisl appropri situat critic regard soil water conserv program carri arda arda concept good encourag farmer stay land arrest drift citi becom flood recent report econom council reveal administr arda carri origin principl upon arda base say rural famili suffer hardship arda fund dissip unrealist project blueberri patch approach administr weak carri origin ideal effect report econom council emphas concentr human resourc physic resourc although latter outlaw supplementari aid report talk migrat rural urban commun regard partial suppli agricultur solut problem problem could solv way way solut difficult see solut put forward govern polici assist go continu go polici put requir point light inform numer studi enorm amount money spent decis govern nation polici nation face rural hardship must nation decid whether consid import retain rural popul land halt exodu put end econom social attrit stop hopeless drift farm villag peopl feel decis cannot econom cost sustain problem alter transfer countri citi environ social whether afford make effort view grow chao underprivileg metropolitan wast self perpetu multipli gener gener add problem urban decid social econom advantag deal rural peopl rural area home know success program design end produc decid benefit stabil social balanc dividend term health delinqu reduc welfar citi subject form econom attrit abl resist lure urban benefit higher incom drift rural area seek higher incom citi case found case improv temporari sinc found unabl adjust forc go welfar unemploy list cours solut add miseri congest overcrowd citi area maintain progress societi cannot within midst grow pocket hardship attempt year variou govern unit state illustr gener accept concept equal opportun within midst canadian underdevelop region need help much underdevelop nation march busi hous indic bad situat might mention brought attent liber place written editori subject bring bill seem someth awaken liber senat indic thing bad twelv pound milk product cow huron counti suppos anyon milk cow given understand situat area countri believ look taken polici may call ten clock mr chairman progress report;Robert Elgin McKinley;1968
2535877;mr speaker hous leader go announc busi tomorrow;Jay Waldo Monteith;1968
2535878;mr speaker propos continu tomorrow estim depart agricultur;Allan Joseph MacEachen;1968
2535879;order ten clock hous stand adjourn tomorrow afternoon p;Herman Maxwell Batten;1968
