basepk;speechtext;speakername;year
3311346;madam speaker view increas concern fear poland possibl soviet invas concern fear caus thousand polish peopl flee austria seek refug west given canadian quota refuge eastern european countri current year exhaust next week see greater number pole flee homeland move second st john east mr mcgrath govern announc rais quota refuge eastern european countri take consider worsen situat poland leav critic decis categori look possibl minist employ immigr indic hous last week;Chris Speyer;1981
3311347;unanim consent motion;Jeanne Sauvé;1981
3311348;agre;Some hon. Members:;1981
3311349;;Some hon. Members:;1981
3311351;madam speaker rise provis stand order matter urgent press necess wherea prime minist mr trudeau statement hous yesterday appear condon lawless irrespons cupw leadership parrot promis defianc back work direct hous wherea current disrupt postal servic add heavi econom burden govern heap canadian wherea time feder govern took firm stand milit union cupw move second brampton georgetown mr mcdermid hous direct presid treasuri board seek assist arm forc open run post offic move mail defi leadership cupw;Jack Wendele Shields;1981
3311356;madam speaker rise provis stand order wherea minist crown indic year necessari ration railway car western govern offer solut problem recogn fact handl minist transport mr pepin dubin inquiri air safeti grang inquiri transport danger good lost confid industri sinc report fli schedul airlin danger fli unit state move second athabasca mr shield hous call prime minist safeti welfar canadian public request resign minist transport appoint someon comprehend import transport economi;Vincent Martin Dantzer;1981
3311361;madam speaker rise provis stand order despit fact energi crisi appear year nation research council continu devot per cent budget energi research develop spite recent parti hous common report recommend increas r fund altern energi project earmark solar research immobil transfer space research therefor move second winnipeg bird hill mr blaiki minist respons nrc instruct manag return replac fund solar research;Mark Willson Rose;1981
3311366;madam speaker rise matter urgent press necess provis stand order view recommitt new democrat parti polici withdraw nato norad implement would leav suscept expansionist pressur unfriendli nation move second london middlesex mr bloomfield hous condemn new democrat parti continu accept polici could destroy nation integr weaken western allianc;William Kenneth Robinson;1981
3311368;agre;Some hon. Members:;1981
3311371;madam speaker rise provis stand order move second saskatoon west mr hnatyshyn hous condemn govern make posit move high interest rate bankrupt home owner farmer small businessmen seriou econom effect entir countri call govern take posit direct high interest rate hous recess summer;Leonard J. Gustafson;1981
3311376;madam speaker rise provis stand order matter urgent press necess wherea railway line interlac urban area throughout occupi extens land surfac area downtown core area citi wherea air right subsurfac right railway right way urban area becom valuabl use high rise structur underground subterranean structur wherea surfac land railway right way deed canadian pacif canadian nation railway feder govern action ambigu exist ancillari right deed move second nepean carleton mr baker govern move establish joint feder provinci municip task forc inquir matter air right subterranean right associ railway right way urban area make appropri recommend govern action;William J. Yurko;1981
3311380;madam speaker rise provis stand order ship owner anticip demand today invest construct ship great lake wherea great lake task forc call plan design begin major enlarg welland canal move second assiniboia mr gustafson hous instruct minist transport commenc action short term action long term action repugn govern elimin welland canal bottleneck cope present futur increas ship demand;Joseph Lloyd Reid;1981
3311382;juli;Some hon. Members:;1981
3311386;madam speaker rise matter urgent press necess provis stand order view fact cbc strike month peopl deni canadian content field broadcast move second beach mr young govern instruct cbc manag meet nabet worker settl disput without delay;Sidney James Parker;1981
3311391;madam speaker rise provis stand order yesterday urg introduc work legisl would end damag postal strike second week prime minist repli mr parrot head canadian union postal worker made clear legisl back work would disobey order therefor prime minist said loss know would advanc negoti settlement area view fact make incred statement prime minist much conced sens legal respons cupw fact sanction veto parliamentari author move second lisgar mr murta hous condemn prime minist abdic respons regard instruct govern introduc work legisl hous adjourn full postal servic restor countri;Otto John Jelinek;1981
3311394;oral question;Some hon. Members:;1981
3311396;madam speaker rise matter urgent press necess provis stand order wherea burn coal high sulphur content aggrav acid rain problem wherea alberta vast deposit coal low sulphur content move second medicin hat mr hargrav govern initi incent replac high sulphur content american coal use ontario low sulphur alberta coal prevent acid rain give work canadian;Gordon Edward Taylor;1981
3311401;madam speaker rise provis stand order matter urgent press necess given problem micmac indian quebec provinci polic incid citizen raid reserv quebec move second moos jaw mr neil minist indian affair northern develop minist fisheri ocean quebec minist charg nativ peopl nativ peopl region meet solv situat get hand;Stanley Kenneth Schellenberger;1981
3311407;madam speaker prime minist awar assum must awar direct indirect cost postal strike mail strike govern juli oral question eloqu cost reliabl estim date small busi go week job lost week direct mail busi peopl lose sever million dollar day strike goe mention depend mail chequ cost govern lost revenu prime minist confirm hous whether fact statement presid treasuri board yesterday effect govern prepar see strike go summer govern polici;John William Bosley;1981
3311408;madam speaker ignor strike bound hurt someon strike govern seriou strike basic recogn right strike public servic union recogn right strike whether privat public sector way strike oper effect damag parti third parti heard conserv parti come suggest abolish right strike consist posit take past day;Pierre Elliott Trudeau;1981
3311409;hear hear;Some hon. Members:;1981
3311411;madam speaker conserv parti heard govern indic care whether peopl go work govern posit take express prime minist govern would prefer settlement bargain tabl posit time govern indic refus way shape form modifi offer suggest interpret settlement accept govern govern offer prime minist face therefor indic hous canadian would expect get settlement without legisl;John William Bosley;1981
3311412;madam speaker wrong premis said would discuss would modifi said done bargain tabl done parti come bargain tabl begin bargain member hear hear;Pierre Elliott Trudeau;1981
3311414;madam speaker strike day hard bargain bargain tabl govern negoti given mandat move penni inch jot claus credibl way interpret prime minist answer hous assum prime minist govern fact plan initi announc therefor govern govern fact intend adjourn hous strike settl;John William Bosley;1981
3311415;madam speaker know strike settl know hous leader talk adjourn day opposit hous leader mention next friday believ hous leader discuss matter therefor event happen depend whether;Pierre Elliott Trudeau;1981
3311416;oh;Some hon. Members:;1981
3311417;might happen depend whether cupw union negoti want come sit tabl;Pierre Elliott Trudeau;1981
3311419;madam speaker would like address supplementari prime minist gobbledygook answer gave previou could give clarif ridicul proposit put yesterday term fact legisl contempl mr parrot would obey law brought parliament pass parliament bad prime minist said thought joke part liber headquart toronto give answer peopl phone govern take action answer given mr parrot obey law pass parliament want prime minist whether govern polici bring legisl mr parrot satisfi law pass parliament;Ramon John Hnatyshyn;1981
3311420;madam speaker refer answer yesterday see point believ unsustain posit union leader mr parrot hand want sit negoti colleagu argu lead want legisl hand mr parrot say would obey legisl understand report;Pierre Elliott Trudeau;1981
3311421;throw jail;An hon. Member:;1981
3311422;think indic union leadership inconsist logic wish would attack posit explain hous yesterday juli;Pierre Elliott Trudeau;1981
3311424;madam speaker posit prime minist irrelev whole issu whether parliament right legisl see fit appropri circumst prime minist done effect give mr parrot veto whether parliament go act take respons negoti cupw govern paralys prime minist seem paralys fear mr parrot want compass averag citizen countri bear brunt postal strike listen presid treasuri board bear brunt cours summer parliament reconven least next fall compass give undertak unless movement parliament adjourn take legisl action side prepar stand take respons stay matter resolv;Ramon John Hnatyshyn;1981
3311425;madam speaker wish opposit refer fear govern union leader recollect exact elect parti opposit form govern settl lcuc high rate afraid either union leader elector;Pierre Elliott Trudeau;1981
3311427;madam speaker direct secretari state extern affair concern el salvador continu damag peopl recent report globe mail indic peopl elit would think would support present junta say read small paragraph quot person interview follow regard elect constitu schedul next march gimmick cement christian democrat hold power nobodi go campaign say kill first day light situat wonder minist prepar reconsid posit regard condit el salvador;Robert Joseph Ogle;1981
3311428;madam speaker quot peopl press interview el salvador mani peopl interview press situat role pass judgment daili event countri respect profound faith presenc galleri democraci believ best way resolv problem countri free elect;Mark R. MacGuigan;1981
3311430;madam speaker second would along similar line believ solv democrat way possibl would seem take inform journalist go countri peasant likewis see possibl free elect would minist prepar look way problem face peac return land;Robert Joseph Ogle;1981
3311431;madam speaker interest peac polit settlement retain open mind best way futur proceed toward lost confid democrat process process free elect bring resolut problem el salvador;Mark R. MacGuigan;1981
3311433;madam speaker like minist would prepar go talk counterpart differ countri neighbour el salvador minist extern affair mexico venezuela cuba nicaragua role play good imag part world would minist readi make move see better way solv wait elect;Robert Joseph Ogle;1981
3311434;madam speaker best knowledg polici countri mention sinc meet foreign minist countri weekend undertak discuss issu;Mark R. MacGuigan;1981
3311436;like greet galleri chief eteng okoi obuli minist state commun nigeria;Jeanne Sauvé;1981
3311437;hear hear juli oral question;Some hon. Members:;1981
3311439;madam speaker prime minist clear lack agreement provinc alberta energi polici mani aspect liber energi program includ fina purchas increas import result larg outflow capit year period consequ increas interest rate least per cent per cent govern conduct studi cost per cent per cent increas interest rate canadian economi whether small businessmen home owner larg busi govern must pay high rate result liber energi program cost relat way possibl benefit might gain protract negoti;Michael Holcombe Wilson;1981
3311440;madam speaker seem rhetor real way challeng figur bring statist natur ask studi done send basi calcul could verifi issu concern know meet offici minist govern alberta govern side state want reach settlement satisfactori side;Pierre Elliott Trudeau;1981
3311442;madam speaker surpris govern conduct studi cost high interest rate canadian economi;Michael Holcombe Wilson;1981
3311443;say;Pierre Elliott Trudeau;1981
3311444;clear accord mani observ result nation energi program percentag point increas interest rate deadlock provinc alberta high import oil loss per cent drill rig result failur minist energi reach agreement provinc cost canadian form high interest rate increas tax taken place lost opportun immens prime minist accept respons replac minist energi negoti take part premier alberta tri reach resolut stalem month failur;Michael Holcombe Wilson;1981
3311445;madam speaker could talk month failur think add month govern fail reach agreement alberta;Pierre Elliott Trudeau;1981
3311446;got agreement;Ramon John Hnatyshyn;1981
3311447;view fact tori govern brought without reach agreement alberta seem tori other awar reach agreement need parti agre;Pierre Elliott Trudeau;1981
3311448;sixteen month;Michael Holcombe Wilson;1981
3311449;sixteen month time span ran govern alberta peopl madam speaker;Pierre Elliott Trudeau;1981
3311450;sixteen month;Michael Holcombe Wilson;1981
3311451;sixteen month ran parti repeat whether month month need peopl reach agreement;Pierre Elliott Trudeau;1981
3311452;replac;Michael Holcombe Wilson;1981
3311453;beyond hand complain inflat high cost live hand want govern sign agreement price govern alberta posit;Pierre Elliott Trudeau;1981
3311455;madam speaker supplementari secretari state extern affair recent week u administr offici number congressmen warn possibl u retali variou aspect countri nation energi program specif offici represent made canadian govern regard possibl retali canadian interest aris energi polici;Thomas Michael McMillan;1981
3311456;madam speaker unit state congress turbul place hous follow polici take comment made congress indic intent part u administr best knowledg represent kind u administr except made time ago respond concern nation energi program juli;Mark R. MacGuigan;1981
3311458;madam speaker final supplementari minist recogn way unit state skin canadian cat light appreci unit state repris energi could direct form tough action oil compani indirect lesser commit u administr address bilater concern countri exampl acid rain light said said specif represent public statement avenu u pressur form direct retali oil industri indirect retali like clear lack support bilater concern acid rain;Thomas Michael McMillan;1981
3311459;madam speaker indic retali kind part unit state govern speak u canadian govern follow polici link issu variou field word retali field happen field believ polici u govern govern indic kind indirect retali kind spoken translat;Mark R. MacGuigan;1981
3311461;madam speaker direct prime minist consid relat indian quebec govern taken turn worst salmon issu gone beyond salmon fish affect indian way life properti right habit custom would prime minist agre propos meet indian chief view take closer look whole nativ light amend made constitut propos;André Maltais;1981
3311462;madam speaker think right state problem goe beyond sole issu fish minist fisheri ocean said hous great concern cours matter minist indian affair northern develop welcom suggest minist might consult arrang meet indian chief feel might promot better understand indic indian oral question leader includ quebec would prepar will meet fall discuss whole nativ right opinion suggest worthi consider;Pierre Elliott Trudeau;1981
3311464;madam speaker minist nation defenc concern sink canadian vessel arctic explor tragic loss live command offic canadian arm forc rescu co ordin centr said late last year manpow equip fulfil mandat went recommend need fix wing support gander newfoundland request someon wait tragedi suggest minist respond public plea command offic rescu co ordin centr men equip deploy fix wing aircraft newfoundland;James Aloysius McGrath;1981
3311465;madam speaker read ask yesterday colleagu minist transport believ minist gave answer adequ circumst know sinc implement improv program area search rescu increas budget time develop satellit program moreov establish program improv facil materi avail search rescu oper like colleagu sorri loss life yesterday arctic explor sank accord preliminari report receiv seem neglig part offic search rescu team hand awar whole issu must look sinc life death shall request complet report incid order determin make system;J. Gilles Lamontagne;1981
3311467;madam speaker simpl command offic said centr type resourc respond mid ocean tragedi resourc respond tragedi northwest atlant mile newfoundland coast coast juli oral question labrador time requir get aircraft princ edward island nova scotia scene refuel gander take hour would help cut lead time reduc incid tragedi fix wing aircraft deploy newfoundland govern follow simpl import recommend command offic rescu co ordin centr translat;James Aloysius McGrath;1981
3311468;madam speaker find request command offic station normal would like facil equip requir respond possibl accid incid said imposs resourc equip requir guard possibl along mile coastlin atlant pacif coast tri much possibl central equip resourc locat incid happen everyon know tri station equip west coast spring fish north eastern time seal hunt would imposs believ realiz cover mile coastlin equip resourc requir abl respond within minut sort program regard mention particip sarsat program satellit program might allow respond resourc equip dispos make effort save live believ rescu oper satisfactori case prinsendam instanc recent instanc believ team show much leadership live save search rescu oper effect;J. Gilles Lamontagne;1981
3311470;madam speaker direct minist state scienc technolog minist know full littl r money nation research council budget goe energi research believ per cent manag nrc admit r fund divert solar research program past minist crown suggest altern energi prioriti among research develop project view fact divers taken place minist demand fund replac maintain lead solar research technolog;Mark Willson Rose;1981
3311471;madam speaker correct interest altern energi sourc conduct consider research area may note appoint task forc altern energi use report hope use suggest might remodel research effort area much done outsid nation research council refer look rais report;John (Moody) Roberts;1981
3311473;madam speaker sure minist would quick admit task forc report term recommend would difficult accomplish task miss r till minist awar tranfer solar space research went fusion energi bag long way consult emr accord report time think essenti develop technolog strength variou altern field ground rule broken term transfer energi fund fund relat energi without consult minist look develop ground rule kind transfer old shell game permit futur;Mark Willson Rose;1981
3311474;madam speaker incorrect assert somehow basic rule guidelin broken consider flexibl alloc nation research council resourc doubt would want supersed nation research council legitim function said examin rational transfer fund taken place recogn research effort major emphasi attach energi altern energi sourc project mean within nation research council go energi panel assess involv relev depart govern institut;John (Moody) Roberts;1981
3311476;madam speaker minist respons mortgag hous corpor minist financ announc yesterday vancouv minist depart would provid special alloc addit hous unit minist tell low cost hous unit built whether plan includ hous handicap;Marie Thérèse Rollande Killens;1981
3311477;madam speaker pleas respond concern handicap ye minist financ indic cmhc announc addit start year serv co op non profit organ special prefer attent peopl special need handicap might indic make announc minist indic modest respons bear mind inflat need govern restraint think alloc receiv municip repres indic tight market think particular increas unit design vancouv increas design calgari metropolitan toronto halifax;Paul James Cosgrove;1981
3311479;madam speaker direct minist justic attorney gener juli wrote minist request extra complement judg judici district peel time pass buck ontario attorney gener make request extra complement septemb might expect extra complement judici district peel;John Horton McDermid;1981
3311480;madam speaker;Joseph Jacques Jean Chrétien;1981
3311482;good news madam speaker heard year sinc senior judg gone strike court refus assign case judg appoint minist give specif date judg shapiro start assign case quit assign sheer frustrat oral question;John Horton McDermid;1981
3311483;madam speaker said make appoint;Joseph Jacques Jean Chrétien;1981
3311485;madam speaker minist commun behind curtain wonder whether could encourag return hous minist commun announc senior offici depart leav employ depart join limit sole license depart commun technolog telidon senior offici involv develop telidon minist satisfi job transfer doc privat sector meet term condit set prime minist conflict interest guidelin particular guidelin sent senior depart commun bernard ostri former deputi minist august;Henry Perrin Beatty;1981
3311486;madam speaker challeng face govern telidon project take technolog develop within govern within govern laboratori get hand industri promot way busi accomplish kind promot side effect cours whole new industri launch number peopl depart commun associ develop telidon ask join new ventur specif rais proviso guidelin wherebi applic made public servic commiss exempt guidelin process request exempt exempt made public interest serv peopl leav govern join privat sector;Francis Fox;1981
3311488;madam speaker offici employ depart commun decis expect psc;Henry Perrin Beatty;1981
3311489;would check madam speaker understand least individu involv depart commun oral question leav near futur decis request psc hope obtain possibl;Francis Fox;1981
3311491;madam speaker like direct postmast gener view fact mani rural area cupw worker member postmast union keep rural post offic open deliv mail post distribut individu mail box would minist posit vein time strike govern appear want allow strike continu time allow peopl rural area kept post offic open provid servic take mail given region post offic allow distribut least within given region continu mail servic rural area small busi without electron transfer money telex post offic essenti busi commun;Arthur Jacob (Jake) Epp;1981
3311492;madam speaker awar situat understand situat could creat pressur union negoti team go tabl settl negoti number individu belong union vote vote took place dedic postal servic much eager work perform hous common understand best place negoti tabl floor hous common everybodi take respons approach took taken colleagu would enhanc chanc negoti settlement;André Ouellet;1981
3311494;madam speaker would appreci postmast gener would answer whether author inter post offic exchang mail would help rural area agre mani union member least rural area want stay job fact said would postmast gener give assur member cupw man local rural post offic strike continu time issu unemploy slip lock fact happen previou strike natur;Arthur Jacob (Jake) Epp;1981
3311495;understand earli stage exact read situat think monitor situat look consult treasuri board post offic take appropri step strike evolv chanc bring parti negoti tabl foreseen would wait see thing evolv give specif assur way;André Ouellet;1981
3311497;madam speaker supplementari postmast gener given answer earli make decis respect matter rais provench unfortun govern legisl postal worker work decis minist made earli govern make decis respect rural mail carrier heard sever govern exercis prerog reduc compens inact result peopl anxiou work penal would postmast gener investig situat see whether order deliv courier spoke could rescind faith employe bear burden;Walter David Baker;1981
3311498;ye request investig represent indic difficulti pressur everybodi indic regrett decid legisl think wrong say point union leader realiz suffer pressur call strike could run cover think parliament act pass legisl think would bad process appreci import everybodi suffer pressur littl includ union leader call strike;André Ouellet;1981
3311499;public interest involv matter public servic strike right strike public interest;Walter David Baker;1981
3311501;supplementari minist nation revenu indic friday plan place deliv incom tax refund complaint system place could minist enlighten whether scheme arrang rearrang order canadian hardship case get money owe govern;Walter David Baker;1981
3311502;madam speaker make arrang transfer refund chequ offic colleagu minist suppli servic district offic across countri process take sever day sort made avail peopl district offic consult colleagu see go say chequ post offic imposs get chequ sort comput ad hoc basi regular basi like transfer payment go simpl effect distribut would say care way chequ come comput amount involv bear mind make money avail peopl make sure right money get right person put system place madam speaker hope effect;Bill Rompkey;1981
3311504;madam speaker minist nation health welfar canadian govern took commend stand confer support intern code market breast milk substitut report intern babi food action network dumex compani control cdc repeat violat code asia africa violat includ poster advertis dumex product distribut sampl milk nurs continu day view harm done inappropri use breast milk substitut govern recogn stand intern confer minist along govern appoint member cdc board approach chief execut offic cdc dumex make sure dumex conduct activ conform code conduct govern support;William Alexander (Bill) Blaikie;1981
3311505;madam speaker offici level level ministeri offic receiv complaint specif canadian compani topic request offici look matter dumex report possibl consid appropri action oral question;Monique Bégin;1981
3311507;madam speaker respons opportun follow support code conduct move elimin inappropri use breast milk substitut promot use formula compani increas use minist work provinc negoti joint plan action stop infant formula promot hospit would will enlist countri adopt code monitor request infact group interest promot breast feed;William Alexander (Bill) Blaikie;1981
3311508;madam speaker answer first part start work provinc happi say provinc quebec stop distribut free pack infant formula way promot hospit provinc addit feder hospit permit practic count provinc join group help obtain saskatchewan approv possibl manitoba provinc could use make sure pack distribut plan monitor complianc code plan present execut januari time studi see appli;Monique Bégin;1981
3311510;madam speaker minist employ immigr media report morn indic provinc manitoba feder govern work agreement permit disabl person enter might qualifi health requir fact take place commend minist take initi encourag provinc take similar action;Jack Sydney George (Bud) Cullen;1981
3311511;madam speaker respect propos accept disabl refuge last octob wrote minist manitoba draft understand agreement matter submit draft provinci govern hope follow lead manitoba join co oper ventur oral question post offic;Lloyd Axworthy;1981
3311513;madam speaker address prime minist know liber govern leadership legisl strike postal employe work day illeg walk view fact present strike second week time economi devast high interest rate inflat prime minist explain inconsist govern past action present stubborn posit refus legisl cupw work;Otto John Jelinek;1981
3311514;madam speaker explain call inconsist must know right strike exist determin parti must cave certain day;Pierre Elliott Trudeau;1981
3311515;madam speaker say prime minist answer;Otto John Jelinek;1981
3311517;madam speaker supplementari differ subject period prime minist said reason legisl posti work heard anyon suggest right strike essenti servic suspend make sens prime minist said questionnair indic per cent constitu want suspend right strike essenti servic sector economi indic major canadian prime minist govern refus act accord wish major canadian matter other past;Otto John Jelinek;1981
3311518;madam speaker misquot say one want take right strike said knowledg posit progress conserv parti;Pierre Elliott Trudeau;1981
3311519;;An hon. Member:;1981
3311520;would listen per cent constitu;Pierre Elliott Trudeau;1981
3311521;govern govern;Otto John Jelinek;1981
3311522;thank;Pierre Elliott Trudeau;1981
3311526;madam speaker provis stand order honour tabl offici languag report task forc labour market develop task forc unemploy insur copi relev public affair materi;Lloyd Axworthy;1981
3311528;madam speaker honour today present petit behalf number resid ride etobicok centr aris concern feel respect effect postal strike anticip durat strike result statement made prime minist mr trudeau other govern effect petit call upon govern seek resolut strike believ countri cannot surviv period postal disrupt;Michael Holcombe Wilson;1981
3311532;madam speaker follow question answer today no;David Michael Collenette;1981
3311533;fiscal year b c royal canadian mount polic act regul mani member rcmp requir part disciplinari action appear intern servic court without aid legal counsel year mani member forc convict offenc servic court use section act mani convict fell variou categori punish b trial offic act without benefit legal train mani year mani appeal forward commission board review establish section act mani appeal forward commission attent offic charg disciplin pursuant administr bulletin may entitl grievanc appeal successor juli refer regul respect organ disciplin administr royal canadian mount polic establish royal canadian mount polic act regul deni member forc legal counsel consider given revis;Mr. MacKay;1981
3311534;follow figur repres number member requir appear intern servic court fiscal year includ fiscal year regul forc polici prohibit represent profession counsel b c servic court conven minor servic offenc rcmp act sec convict regist follow member fine act b member reprimand act e member receiv fine reprimand act b fine recommend discharg act b member fine act b reprimand act e member fine act b member reprimand act e receiv fine reprimand act b e fine act b member reprimand act e remain servic court major servic offenc rcmp act sec convict regist follow punish impos fiscal year includ member fine act b reprimand act f fine demot act b demot act member fine recommend discharg act b member fine act b reprimand act f fine reprimand act l b f order paper question fine requir pay restitut act b act demot recommend discharg act demot requir pay restitut act act reprimand act f fine requir pay restitut act b act recommend discharg act requir pay restitut act fine act b reprimand act f b trial offic involv servic court conven act without benefit formal legal train fiscal year includ appeal forward commission board review establish section act follow figur repres number appeal caution warn forward headquart forc determin deputi commission administr commission pursuant administr bull tin figur avail caution warn warn warn rcmp regul forc polici prohibit represent profession counsel forthcom amend rcmp act provid right represent counsel;Robert Phillip Kaplan;1981
3311535;fiscal year mani loan made export develop corpor foreign countri period year countri receiv loan purpos b amount c rate interest;Mr. Greenaway;1981
3311536;export develop corpor concern export develop corpor make loan foreign countri lend borrow financ sale good servic sold canadian export juli order paper question year number loan alloc line credit provid financ sale follow year loan b year loan made purpos thereof amount pleas refer corpor annual report tabl hous common april march c rate interest charg loan view intens competit prevail among countri foreign trade public interest export develop corpor discuss particip export transact propos export transact inform would assist export competitor foreign domest sinc inform bid particip negoti given compani edc confid corpor respect confid refrain sale arrang final discuss deal indic approach transact edc make public particip direct lend transact financ agreement therefor sign request credit foreign invest insur case export investor consent public export investor given consent repli state edc make public particip direct lend transact intens competit mention publish rate interest charg reason mention;Edward C. Lumley;1981
3311537;date storag shed port facil gro cacouna complet oper mani ton cargo handl facil shed b adjac open area year sinc shed oper tonnag commod includ cargo mani cargo ship dock facil year oper dead weight tonnag larger ship dock govern receiv revenu assess cargo handl facil amount year cost construct storag shed b quay wall relat storag shed estim amount revenu must gener recov capit oper cost associ facil facil place cost recoveri basi capit oper cost recov amount spent access road connect facil main public highway cost road recov charg user facil;"Mr. Crosby;";1981
3311538;storag shed complet januari transport assum oper respons public work march tonn paper product sinc march b cu wood product sinc march vessel sinc march tonnag largest vessel charg assess accord regul govern harbour pier act ship act revenu sinc march total b full cost recoveri use life asset discount rate per cent would necessit annual revenu shed year life wharf year life project cost ascrib transport purpos recov access road built cost user charg contribut recoveri cost road;Robert Theodore Bockstael;1981
3311539;repres depart nation health welfar visit brockvil constitu leed grenvil week deal person old age pension problem name complet record career public servic b govern satisfi servic render public repres c govern consid repres demonstr suffici compass concern peopl problem repres receiv train public relat;Mr. Cossitt;1981
3311540;mr kenneth ziebel field offic kingston district offic incom secur program nation health welfar charg brockvil local offic locat church street room b offic open monday wednesday p mr ziebel field offic depart nation health welfar sinc septemb b mr ziebel perform continu satisfactori c mr ziebel demonstr concern compass deal incom secur program clientel gener public juli offic concern special train interview counsel extens experi public speak public privat sector;Royce Herbert Frith;1981
3311541;minist nation defenc author raid offic men canadian arm forc offic public servic allianc halifax may purpos raid author direct conduct;Mr. Crosby;1981
3311542;may militari polic author base command cfb halifax conduct search dnd file cabinet dnd premis drawer use file union nation defenc employe und materi search conduct follow alleg mr ryan presid local und use inform obtain cours duti clerk central registri militari polic seiz document origin manag investig result mr ryan accus acquir use total manag origin document classifi confidenti;Ursula Appolloni;1981
3311543;per cent increas privi council estim profession consult servic next year compar estim year explan increas;Mr. Lawrence;1981
3311544;follow explan appli current estim assum refer sinc estim next year tabl main estim tabl hous common provid total profession consult servic main estim provid amount expenditur object increas per cent half increas amount attribut price increas requir maintain level servic current year previou year remaind repres increas fund cover new requir intern audit manag consult servic new classif plan governor council appointe miscellan studi relat work privi council offic feder provinci relat offic order paper question;David Michael Collenette;1981
3311545;number name employe privi council offic function includ secur intellig matter;Mr. Lawrence;1981
3311546;employe privi council offic function includ least part secur intellig matter name offic mr p pitfield clerk privi council secretari cabinet mr g smith associ secretari cabinet mr finn assist secretari cabinet secur intellig mr g h craven mr g f frazer mr j gannon mr j r godfrey major w j hackett second dnd mr arthur second ea major p lemieux col j c upton second dnd mr peter c cameron mr alisdair maclaren mr john graham insp erni boyd second rcmp second charg pco budget person year alloc support louis lascel bigra lesley hilyer theres hobart muriel diana constanc merl mccann lillian mulligan roy linda farevaag michel leroux adult occup train act;David Michael Collenette;1981
3311547;depart employ immigr contract contemporari research centr ottawa name princip centr b servic provid;Mr. Stewart;1981
3311548;award contract contemporari research centr behalf depart employ immigr amount mr e laci presid mr mahta manag ottawa branch b servic provid post evalu advertis program conduct support program entitl non tradit job train women;Hon.   J.-J. Blais@Minister of Supply and Services;1981
3311549;depart energi mine resourc contract mcconnel advertis co ltd advertis servic servic perform;Mr. Stewart;1981
3311550;award contract behalf depart energi mine resourc mcconnel advertis co ltd amount contract provis creativ advertis servic support canadian home insul canadian oil substitut program;Hon.   J.-J. Blais@Minister of Supply and Services;1981
3311551;madam speaker remain question allow stand;David Michael Collenette;1981
3311552;question enumer parliamentari secretari answer shall remain question allow stand;Jeanne Sauvé;1981
3311557;madam speaker like reiter say last night hous adjourn think minist department offici compliment bring forward bill c said last night present legisl littl incent individu enter apprenticeship train program adult area thing stand peopl unemploy go unemploy insur remain incent go retrain train coupl suggest minist regard legisl abl incorpor legisl provid extra per week unemploy insur figur individu would draw goe adult occup train find provis good incent offer individu go train area amend bill feel good go extra benefit given peopl enter employ train certain skill area trade target tool die maker welder boilermak special area design governor council somehow mechan must put place variou region larg countri advisori committe appoint depart manpow immigr evalu local level kind occup train essenti area see legisl skill area requir hotel servic industri food servic industri industri certain local within great countri press find train employe employe work hotel food servic industri need intens train lengthi period intens train tool die maker legisl narrow zero area past shortag occur extent employ gone depart employ immigr request permiss seek worker countri bring land immigr pleas legisl lift year ceil govern assist traine know mani program go beyond year last year pleas legisl abolish requir traine must school least year current legisl discriminatori caus great deal hardship young peopl function school system want enter train program train program offer support manpow assist manpow arrang train place junior colleg technic school young peopl deni admitt school address legisl minist compliment cours offer student go outsid countri train juli ing govern offer support recogn need includ bill govern amend piec legisl depart manpow abl sign contract propos sign train contract aim union think cours union posit know manpow requir union train union special trade particular prone accept traine rank offer employ area think address employ nativ peopl goe certain band one familiar northeastern alberta find need requir band may someth nebul offici sit ottawa might consid train program need direct attent hous basic life skill train program mani enlighten band northeastern alberta attempt train men women basic life skill program cover myriad topic urban societi take grant expect everyon understand talk bank immun program public health program children take grant basic housekeep year live shack without run water admitt gain modern hous take skill go home run way take grant sinc rais kind home afraid minist miss someth put place legisl sign contract union train program contract variou band throughout countri basi suitabl train program develop skill necessari surviv canadian commun would like see minist add claus legisl would indic intent govern depart manpow address seriou problem aspect legisl thought good deal negoti fix rate train allow employ provis old legisl word negoti fix rate train allow employ although legisl overdu although good must point minist sens futil felt peopl depart manpow member side hous respect forecast facil pinpoint area need employ incent skill labour train would like expand point legisl brought deal retrain train peopl employ opportun develop countri minist introduc legisl exam adult occup train act pie nation energi program destroy industri point peopl hold skill job move countri talk drill industri take year train good driller good floor men good derrick men drill industri happen govern come sens enter energi agreement produc provinc skill labour left industri along rig rig employ peopl like small factori would like point mr speaker megaproject northeastern alberta refer alsand plant fort mcmurray cold lake plant caus secondari spin ontario economi affect train program gear ontario see inconsist mr speaker hand minist bring consid long overdu good legisl minist bring legisl counteract first plant northeastern alberta creat busi ontario iron steel industri happen iron steel industri slow today train employe lost plant start fill posit vacat order meet capac requir megaproject train target area cannot done vacuum done present legisl without coordin legisl bill c complement happen result nation energi program plant creat busi opportun ontario metal work industri matter fact doubl figur sinc plant investor wait spend money tune forecast plant like develop northeastern alberta plant creat ontario transport industri today transport industri sag lose train employe move part feel find job peopl take retrain imagin train men industri ontario quebec leav job take retrain market sag legisl brought forward would enabl men retrain job energi agreement reach produc provinc activ central increas must retrain peopl fill job vacat concept stagger imagin appar co ordin govern depart least co ordin legisl duplic wast resourc main manpow juli adult occup train act plant creat manufactur processor ontario secondari spin creat ontario financi enterpris ontario trade servic sector kind matter address bad co ordin mean extra ontario household incom turn gener said legisl good sorri go sorri govern seem co ordin tri bind legisl complet understand know minist cabinet meet talk legisl bring good legisl legisl overdu undermin legisl receiv minist energi mine resourc mr lalond would appear industri strategi must put place hear industri strategi long time depart manpow immigr oper isol industri strategi coal develop oil develop resourc develop manufactur develop develop take place present govern spite present govern happen must co ordin destroy effect bill c set manpow immigr reactionari depart word react alarm bell depart react like firemen sudden employ crisi lack skill area depart rush tri overcom pop rush tri assist area need common industri strategi focu way would like suggest minist way happen cannot get co oper legisl part hous set distinct region advisori group small one provinc come recommend minist least month sinc minist get co oper reason think go get legisl depart therefor must tri way tri get forecast individu live variou area know happen requir major concern suggest would like make lack co ordin legisl whole good piec legisl would like see pass would like see third read given minist depart get address need rememb suggest could amend area relat nativ commun address energi sector potenti real emerg situat come skill employe move south border rig last count rig move fall skill worker go mean go entic energi agreement reach come sign contract year year retrain energi sector western basin cover prairi provinc alberta retrain minist target real potenti job said discourag nation energi program nation energi polici chang confid remark hope abl contribut posit way debat know minist hous know minist assist read remark made hope assist take remark put front minist think posit suggest feel warren allmand notr dame lachin east mr speaker bill deal import question countri deal eighti ensur canadian popul canadian train mani complex job open eighti nineti result new technolog energi develop member know past year pleasur honour chair parliamentari task forc employ opportun heard hundr canadian subject heard peopl part countri victoria newfoundland windsor northwest territori must say gener recommend mani wit taken certain extent bill bill go direct canadian want go go cover wide enough area reform remark last night minist said goal bill simplifi administr occup train countri remov much paperwork red tape excel goal think would great support countri second goal make adult educ train program flexibl theme heard mani individu group appear task forc complain rigid inflex adult educ train program manpow retrain program critic came part countri unemploy highest atlant region gasp juli remot part quebec northern ontario northern part prairi provinc said mani program retrain upgrad base data came great popul area countri golden horsesho around toronto lower mainland british columbia greater montreal area think true great extent econom analyst sit ottawa carri research part carri call macroeconom analysi macroeconom analysi deal total popul figur nation trend end solut might deal nation trend help mani slow growth area countri slow growth area countri peopl flexibl retrain upgrad program govern suit need northeastern new brunswick cape breton west coast newfoundland northern manitoba bill achiev mr speaker step minist said main object bill deal effect industri disloc larg industri put busi forc reduc manpow need due world condit case present automobil industri southeastern ontario happen great need retrain worker laid new job open commun near part countri great develop take place applaud goal bill mr speaker respect specif provis minist said greatest need countri job train committe hear found less per cent canadian manufactur industri provid job train deplor figur compar franc west germani holland countri western europ per cent per cent manufactur compani provid job train industri employ look upon job train invest futur mani canadian compani look upon cost invest poor record reason poor record immigr avail canadian compani last half centuri train tool die maker welder machinist need easi take recruit team europ pick england holland germani belgium wherev spend money train nativ canadian way remain unemploy chanc train whether carrot measur call contain bill present govern program suffici get canadian compani provid train know need stick adult occup train act addit carrot task forc make recommend respect agre employ employe student educ best type train seen countri call co oper educ base univers sherbrook univers waterloo model student spend month educ institut month job altern forth throughout entir educ process obtain degre certif diploma log lot hour practic train go academ train employ will hire face common answer sorri would like hire experi need someon experi co oper educ model institut train combin job train deal problem certain measur bill laudabl member committe support although think minist could go cours necessari provid train program beyond week time wit told task forc imposs train peopl certain skill trade week ordinari apprenticeship program countri year think long europ year unreason expect train man becom skill week measur extend train beyond week overdu second present feder legisl young person wait year get high school could financ industri train program restrict harm mani young peopl mani got troubl went someth wait year return skill train amend allow go industri train though school year good amend amend provid train contract provinci govern employ good provinci govern educ system employ bodi good train program union good train program non profit voluntari group good train program privat school good train program found best secretari school countri privat school best school electron comput educ privat school amend allow minist conclud train contract union non profit voluntari group privat school associ group provid industri train want provid import amend provid increas payment compani provid train exist industri train allow low give encourag peopl come unemploy insur welfar seek train want skill labour forc juli adult occup train act must financ peopl train period think measur goe improv said bill laudabl deal massiv problem skill trade shortag countri mismatch canadian economi high level unemploy exist side side seriou shortag skill trade done minist appear committe ask whether bill last word said said felt get month summer recess order abl deal immedi problem intend bring much wider rang amend adult occup train act next fall winter receiv report task forc report dodg committe tabl hous today want mention thing dealt cope unemploy skill shortag countri need better defin industri strategi repres mani compani told would glad provid money job industri train knew govern approach industri go spokesmen shipbuild industri told knew govern rang plan industri would invest money train young peopl said peopl mine industri industri told know govern industri strategi would invest expens train program urg govern come comprehens industri strategi program get train need countri anyon go build new factori establish new industri cannot expect skill labour appear take year train skill workman skill profession take least year train engin qualifi welder tool die maker machinist take year want someth done canadian industri within year start provid train today industri strategi import thing import dealt bill high rate function illiteraci countri hear found per cent canadian illiter mean readi qualifi take train upgrad program provid govern would readi take program would train basic read write arithmet learn read plan commun comput would abl take program train man electrician basic literaci skill think shock countri like per cent popul illiter peopl illiter one unemploy statu follow gener gener deal point report lot money put train train facil expand compani will job train peopl take train support system peopl train need least live allow support famili home distanc train facil peopl need transport cost get facil parent children train need place leav children day thing cost money mani canadian govern offici look expenditur transfer payment kind transfer payment invest futur countri get unemploy illiter peopl train whole industri output affect heard mani compani unabl expand true west turn order skill labour forc avail area set want get peopl welfar unemploy roll will put money support system train necessari becom product canadian problem mobil program dealt bill must dealt whole problem flexibl work schedul part time work share work flexibl retir fill skill labour shortag make sure mani special group women group nativ group handicap chanc train kind job countri whether skill blue collar work profession work justic demand econom necess requir train women nativ handicap job train peopl countri demand close want mention thing could done need better forecast plan system need better feder provinci co oper think bad need great improv mention begin enter period technolog chang rapid technolog chang saw 1960 chang technolog age mean man woman train retrain retrain juli word need educ train system ongo peopl abl enter leav educ train system throughout lifetim style child stay home birth year age attend school age age work age age go home wait die life societi educ train system workplac leisur home take sabbat go meet industri commerci challeng keep major industri commerci nation need train retrain upgrad system bill goe right direct need;Jack Wendele Shields;1981
3311558;mr speaker pleas speak bill c bill amend adult occup train act pleas content bill subject main act someth affect part canda newfoundland central prairi vancouv island speak lack skill worker number year previou speaker point whole aspect societi chang technolog societi manufactur megaproject need skill train worker need increas enter present system train skill worker inadequ last year place much emphasi money feder provinci level municip level wrong kind educ wrong time opinion problem start second world war govern wisdom allow veteran attend univers higher learn institut way paid good thing time countri need peopl higher educ univers degre passport job kind univers degre one could get univers degre listen bird watch flower thing natur order get employ peopl look univers univers becam pre employ school sens lost lot research capac impart knowledg wisdom result continu reli particular aspect train program result past year mani univers train peopl find underemploy find sort thing drive taxi noth taxi driver honour profess understand member opposit went place use adult occup train act drive taxi taxi driver make lot money money member hous understand recess member opposit drive taxi supplement incom noth taxi driver lot train univers peopl underemploy use say cost public purs money tuition fee train person univers know much figur gone dare say doubl cost year year minist employ immigr mr axworthi predict unemploy univers graduat per cent surplu cannot afford kind misdirect public fund public put histori sourc skill worker previou speaker point reli foreign countri suppli skill worker good thing past histori capac knowledg train kind skill peopl countri need depress last war fortun peopl come land help develop frontier build citi bridg provid high standard live enjoy enjoy peopl foreign land ad diversif societi enrich pleas skill worker came countri exampl per cent regist nurs employ british columbia outsid recent survey winnipeg chamber commerc show per cent skill worker citi outsid report committe employ princip pacif vocat institut british columbia largest vocat institut provinc quot figur signific would like read hous talk percentag canadian work forc skill worker born train amount per cent born train outsid amount per cent quarter skill worker train outsid feder provinci govern sinc world war ii wish place signific figur record skill worker labour forc today year old account per cent work forc underlin need vast vital energet program obtain skill worker next figur frighten member percentag canadian work forc regist apprentic account per cent indic need drastic action know juli adult occup train act good eighti reli foreign countri suppli skill worker need say reason first foreign skill worker avail difficult compani countri obtain adequ suppli skill worker go outsid countri offer high wage economi europ japan boom need skill worker second accept govern estim need immigr skill worker eighti figur releas desk fill letter constitu mother father children complet grade cannot get trade school find employ peopl arm blame cannot train young peopl take job avail someth lack somebodi blame someon job wonder tremend need skill worker previou speaker underlin nation energi polici announc estim someth area would spent energi energi relat field eighti cannot imagin event huge amount spent oil ga coal hydro project potenti stagger athabasca mr shield gave figur regard spin effect field need qualifi skill peopl govern nation energi program call nep ned nation energi disast polici bad make wonder whether deliber attempt liber solv problem shortag skill worker better way solv embarrass problem skill worker shortag nep depress industri statist quot effect nep wish place record statist regard employ drill rig servic rig leav midsumm total reach remain idl accord calcul job lost way solv shortag skill worker accept canadian west without megaproject employ council british columbia calcul need provinc next year survey major firm calcul tradesmen requir apprentic train wish quot figur relev interest year diesel mechan requir british columbia train requir heavi duti mechan train fifti electron technician requir train figur indic short skill worker time unemploy rate per cent per cent per cent peopl unabl find job fail solv basic right societi fault union employ industri govern technic school produc wrong product exampl produc electrician electrician need word unabl keep requir industri true futur requir chang radic union fault demand full wage peopl train employ bear larg respons failur train provid train program industri involv govern fault provinci feder foul whole process bureaucrat red tape let give exampl constitu complaint unemploy insur commiss send peopl technic school take seat order continu get unemploy insur must order continu get benefit mani time peopl sent least interest train job take valuabl seat short suppli technic school prevent peopl interest get educ becom skill get work forc certain complex problem immens think would first admit quot studi contain interest figur show wrong govern past kind approach taken compani ask compani job train program per cent said compani ask compani posit suffici train skill worker per cent said true ask believ compani particular industri could benefit job train program figur signific confirm chairman committe spoke said per cent said job train best signific feel educ avail educ institut could train employe busi per cent answer felt exist educ technic institut capabl train kind peopl want say great deal lack direct inabl exist institut move time object bill c good bill think pass treat enthusiasm juli seatmat athabasca think band aid approach typic govern larg problem suppos leg cut hemorrhag band aid noth feel sorri chairman committe employ opportun spoke govern pay attent committe govern wait committe report govern make comprehens plan solv worst problem face futur think kind question answer govern good minist say fine deal problem committe report seem ignor committe downgrad go say process bring bill deal part problem obviou area look understand govern move area better report forecast suppli demand side feder govern posit multitud bureaucrat comput aid abl forecast suppli intend need variou part countri feed inform variou technic school gear abl train provid skill worker time skill worker requir target group mention women nativ peopl go get addit skill worker labour forc suppli govern abl move noth new hous short time talk sinc came take month govern lay simpl complex plan order involv peopl women nativ anxiou get work forc make posit contribut countri think govern interest suggest think govern rememb educ train provinci jurisdict govern would unwis proceed power legisl without full complet co oper provinci govern provinci govern met complain previou speaker said enough consult co oper variou author standard feder govern impos train program addit conflict place provinci govern previou speaker said agre compani employ involv said per cent skill peopl train industri adult occup train act oppos per cent europ someth toler countri industri solv problem solv govern help solv carrot stick thing sure industri fear involv program lack confidenti compani go tell competit expect term requir employe next year unless assur confidenti inform thing want speak refer bill say support express hope govern treat interim measur get problem find skill peopl fill mani opportun countri present 1980;Vincent Martin Dantzer;1981
3311559;mr speaker tomorrow mark seventh anniversari entri hous;Ursula Appolloni;1981
3311561;much time look speak hous subject deal today subject high prioriti highest prioriti ride adult occup train last night minist good refer speech said happi refer bill welcom bill think step right direct pleas note minist recogn step order get solut problem face today problem unskil worker road go mani step taken initi queri bill found titl definit bill defin adult person age least year greater regular school leav age provinc resid shall refer provinc familiar ontario school leav age accord amend bill young adult would wait take advantag occup train main concern legisl stop age mr speaker coupl month ago fortun tremend co oper depart employ immigr local board educ initi program call high school dropout program believ first kind like notr dame lachin mr allmand disturb seem increas number illit juli adult occup train act ate peopl beg job job job would pay keep famili mr speaker look could blame employ pay wage need merit noth offer employ tragedi look past histori realiz categori left high school start high school dropout program york south weston essenc simpl program beauti cost anyth involv though special counsel point stress debat heard thing train peopl think counsel perfect afford put squar peg round hole happen past counsellor help find traine real aptitud counsel must excel mani excel counsellor depart get recognit deserv second thing think care attitud traine sure hous heard complaint corpor constitu effect want hire peopl stay littl justif complaint find side coin mr speaker exampl youngster ride age think accept job train program depart employ immigr desir carpent aptitud test show would make ideal carpent tremend artist streak would made excel carpent govern help job train carpent happen first day job given finish tabl leg told screw top finish tabl job first day second day third day end week could stand quit abl help project ride call york home repair servic start unemploy skill worker teach skill unemploy unskil worker skill carpentri paint home decor minimum repair servic learn skill go commun senior citizen low incom worker repair home free charg home owner bear cost materi experi young peopl gain terrif youngster attach finish leg finish tabl make tabl chair make door put give youngster kind incent train qualiti train bill make refer claus say consult commiss employ person group associ decid kind cours given good idea mr speaker goe go follow afraid abus happen past employ accept incent govern train hire young peopl use cheap labour without thought consequ person involv gave exampl youngster tabl leg tabl kind thing happen past think care monitor program happen futur care ration train chines proverb say give man fish feed day teach fish feed lifetim make aw lot sens think care make sure enough water around fish pitfal believ east coast train hairdress barber mani look popul given town mean talk ration program much welcom extend period train program held heard debat particular facet extens program member spoken kind experi toronto ride bless constitu differ countri fluent english french suppos import languag would english mani peopl come tremend aptitud skill need employ counsellor verifi aptitud know enough english get social environ go supermarket convers neighbour lack mr speaker jargon trade happen countless occas peopl would made good electrician mechan stuck know particular word english machineri use peopl medic profess experi similar situat train countri come scientif knowledg perfect languag requir hold come definit occup train claus bill hope minist agre use broadest possibl definit peopl would will abl work trade would held lack knowledg jargon trade project start ride delight say spearhead york south weston project train women non tradit job may like spend littl time juli subject discuss hous countri larg speak women non tradit job pragmat point view govern spent consider amount money train women stick area one know better tradit job secretari one fine women train learn mani singl mother end cours go wage minimum wage mother afford keep child toronto minimum wage larg attrit rate particular field women train secretari skill type abandon skill end cours found could afford work go welfar problem must face speak singl mother solut view solut refer west coast vancouv type phase period welfar payment would cut moment woman graduat train cours would phase time earn keep child necess medicin know cover moment welfar idea brought attent minist nation health welfar miss begin sympathet promis discuss provinci colleagu believ case better solut train women non tradit job pragmat graduat train non tradit job earn minimum wage said let think happen said depart employ immigr agre start pilot project ride want help much possibl month ago spoke area manag told littl difficulti certain firm aerospac industri way ontario moment told difficulti attitud feel compani co oper sympathet idea hire women would train feder govern non tradit job plant struck shortsight part compani depend upon govern contract telephon manag compani ask heard true offici less co oper offici depart employ immigr bluster deni thing long time said cours must practis invers discrimin tackl point lamest excus new lame sinc incept adult occup train act firm industri discrimin practis men assembl aircraft second world war men went shoot other women assembl plane funni one complain time women make plane invers discrimin bother illog similar complain pendulum move right left therefor pendulum discrimin whichev way goe pendulum swing left order get centr call invers discrimin welcom necessari heard member impli need women enough men think women would pleas hear kind comment need women wealth abil capabl rich resourc tap countri want hear put women assembl line enough guy would justic women would justic calibr work want must first class along attitudin problem face women take tremend amount public educ order get problem come women non tradit job know colleagu side hous refer fact speak women famili respons woman met life take train proper job convinc child look daycar essenti hand essenti futur gener canadian look infant wish minist hous offici could repli write claus refer train allow read follow commiss may pay adult train occup train cours describ section train allow relat famili circumst would much hope famili circumst would includ seriou circumst children need look parent take train;Ursula Appolloni;1981
3311562;mr speaker happi rise speak bill c make remark would like relat hous number experi taken place ride last day area mr speaker would like start compliment previou speaker parliamentari secretari minist nation defenc mr appolloni desir congratul member case believ parliamentari secretari made point hous pay attent respect applaud made point adult occup train act daycar centr counsel would like come moment hope luck persuad govern wisdom daycar argument opposit member suspect would mind said mr speaker measur judg backbench liber parti effect encourag govern area daycar;John William Bosley;1981
3311563;provinc take initi;Monique Bégin;1981
3311564;minist crown leap defenc backbench pay compliment receiv hostil parliamentari secretari care name take remark firm refer rememb rais issu hous year behalf union petit govern regard de practic parliamentari secretari say de say laugh behind hand therefor take havilland firm urg rais issu minist solicitor gener mr kaplan direct involv employe compani took action time issu rais happen compani shame go compani appear direct deliber polici steer women secretari job job floor said outsid hous say insid hous regress unfortun polici rais issu hous year knowledg noth done govern compani fund govern think gover major respons demonstr within compani own fund believ good practic canadian compani employ follow set exampl difficulti critic other say agre parliamentari secretari issu need clear encourag continu press issu rais would like come valuabl point made parliamentari secretari regard special counsel depart manpow relat coupl stori took place ride sinc reflect difficulti underli act seem happen good counsel area distinct train know leav field good work place find substanti promot privat sector promot posit abl continu direct counsel peopl come depart help seem kind counsel depart critic counsel train assess import hole need fill make lot sens peopl want help unemploy peopl need help given proper tool train counsel aspect job point came home saturday morn constitu offic met constitu mine tri gain entranc govern train cours know problem sinc career background social work hold bachelor art degre problem tri obtain work child care area year work field find pass favour peopl master degre social work call trade therefor must pursu new career unfortun realiti approach depart see avail order obtain assist determin might suit background area counsel imagin shock found counsel offer inadequ relat length felt peopl depart motiv intent less honour believ train deal peopl circumst come second part dilemma decid would like pursu second career area secretari scienc call word process took manpow test cours complet would expect discov month depart cut program appli would appear accept cours would wait addit month receiv train govern said tri give frustrat stand mr speaker speak bill state intent improv train opportun know constitu troubl gain access exist train program govern say take cours action improv situat least ride metropolitan toronto unemploy substanti cut avail retrain program take seat approv commun colleg cours least case refer say chosen colleg wish take cours seat cut colleg may reappli reassign differ colleg seat avail indic colleg prefer therefor must wait receiv train bill say need flexibl practic creat inflex juli good word bill would appear met ground peopl tri best deliv program cannot strictur place upon department rule inflex would like make plea mr speaker represent taken consider committe time deal measur committe make commit rais issu see parliamentari secretari minist employ immigr mr dawson nod might interest area terrif indic face bill number matter excit use member know time problem retrain program effect payment retrain equival payment made unemploy insur bill propos increas allot retrain let assum seem happen govern happen case let hope next year govern introduc bill increas unemploy insur allot year increas train allot let hope spread train unemploy produc incent undergo train believ govern press releas continu believ import point good bill propos grant flexibl govern choos elig train benefit area industri reintroduc usual problem least area industri design governor council parliament parliamentari committe look area industri qualifi amaz resembl bear ride held certain liber cabinet minist seem parallel goe whenev govern bring kind program problem idea act help would hope help act avail across countri need base whether repres cabinet;John William Bosley;1981
3311566;bill propos end limit exist wherebi train program avail year involv know sometim necessari go longer year becom complex world train program take longer year welcom describ think good indic believ bill cosmet actual impact move right direct adult occup train act matter want put record worrisom sens bill get mention member know task forc meet call employ opportun member gather man woman oppos legisl time understand whole argument train relat abil govern forecast real reason critic govern forecast past face bill enter train area time task forc ought train report suspect see complet revamp govern abil target train purpos result report might better initi wait could take account thing sinc track record area take long time get govern move train area would seem govern like use initi excus say implement task forc recommend okay littl last year chang becom excus use reason justifi proceed good recommend come task forc feet say told time replac good train program hope recommend signific continu tell bill provis allow govern announc train initi program without automat necessari resort consult provinc possibl continu exist program announc implement provinc consult fact whether use shame indic govern attitud toward provinci consult evid area hous may hous shortli case shame cite exampl kind quandari get kind adequ consult go constitu attempt find someon help innov area spot weld provinci govern advis feder govern gather area area subject train fund case could put way particular constitu appli manpow someon fill job week right oblig go find someon done indic someon outsid countri could fill job work need done area tri find canadian depart said fact go let bring anyon fill job need may produc juli adult occup train act wealth area would prefer train someon man turn ask whether subsidi train answer feder govern say area need kind problem run deal govern forecast abil employ take govern specif area job need cannot find peopl seem reluct accept privat sector say job need oppos statist say job need might point exampl found toronto use exampl want offend peopl florist busi program regard depart demand subsidiz show form floral design say saw list remind went colleg last year countri govern told ought order get job take cours basket weav thing degre go get job govern year show disastr suspici see govern list occup demand call one tell demand one tell mani peopl need one abl tell list littl worrisom one ask support kind program therefor believ may perfect system reli provinci forecast least compon forecast system closer ground real need hope see relianc provinci forecast appar abil bill get around might put record problem exist area report would interest anyon concern subject econom council report call betcherman report deal figur list exist situat govern said know need spend money realiti member might interest number report would seem say past fund spent haphazard manner target specif skill need certain locat done instanc critic shortag product fabric repair machin scienc engin train target meet need exampl product fabric repair account per cent shortag per cent train program per cent program govern fund accord report accord report machin personnel account per cent govern assist today account per cent shortag per cent train program scienc engin worker third highest need group account per cent shortag per cent train program less per cent total govern aid word betcherman report point group shortag perceiv govern get proper respons fact real world matter bill address find train wrong skill train skill need wind lower employ standard worker forc put peopl posit wherebi compet job fill oppos fill job vacant industri need help whole seri problem aris let return view think mani member side hous present view hold believ support bill everyth see major initi area solv train problem adult unemploy goe littl way toward produc flexibl depart choos implement critic depart choos implement would give opportun incent unemploy choos take train work hope plea believ area time govern take state goal toward employ develop take recommend come employ opportun task forc said hope fear receiv claim side public term govern provid bill major suffici initi area adult train import small matter hope understood member minist vein rise support bill order remind expect govern continu press;John William Bosley;1981
3311567;mr speaker pleas opportun speak debat amend adult occup train act task forc employ opportun uniqu opportun travel across countri listen view concern mani canadian respect manpow train program employ program employ centr establish govern assist unskil unemploy individu find better job get better train result hear becom awar import amend train polici task forc near end mandat member arriv deep interest chang polici provid skill worker necessari continu econom advanc next decad task forc heard hundr concern group employ worker educ last year call chang way feder govern fund overse train program exist experi made awar press need fundament revis educ train program experi made member task forc awar present adult occup train act inadequ flexibl program allow employ employe benefit train program minimum red tape administr hassl bill hous repres good begin process reform determin co oper effort parti hous provinci counterpart abl provid canadian secur prosper futur know suppli skill worker fundament nation economi one argu point awar apprenticeship train program exist meet present demand let futur order economi expand stress import new technolog advanc requir skill worker see carri must skill worker order becom competit marketplac must manufactur better product abl suppli sell creat new market expand economi make job opportun abl provid manpow necessari adapt economi labour pool basic skill job skill level adapt new employ requir opportun cannot continu reli temporari solut catch measur employ polici cannot continu reli offshor worker therefor must comprehens skill train act elimin doubl edg problem high unemploy skill labour shortag strong nation manpow polici begin elimin region manpow imbal polici defin goal aim end shortag field surplus other need flexibl set solut feder govern lead way conced mr speaker mani problem arisen result poor plan part govern inflex past problem arisen approach provinci govern edu adult occup train act cation institut higher educ emphasi post secondari educ wherev fault lie indic feder govern must take lead bill consider today step direct believ step right direct basic aim bill provid feder govern flexibl necessari increas access avail train program new program account fact skill trade learn week bill c provid increas allow cours last year train program last long skill trade learn period allow old regul new extend length provis allow canadian worker train skill demand comprehens train program train time welcom provis includ bill c one certain condit fund made avail train program avail allow number canadian worker train outsid countri return home knowledg implement learn skill nation product train polici program abil reproduc newer technolog import field resourc develop new innov approach taken countri canadian industri forestri mine sector abl send better worker train new technolog process timber compani would train worker would rais product level chang allow employe go outsid countri upgrad higher skill capabl canadian school broaden capabl foot strong base meet need futur major critic train program heard travel across countri concern young peopl wait full year leav school qualifi train program bill c includ provis fund scheme becom respons need canadian industri provis employ commiss could waiv condit allow number young peopl enter train system without long wait result skill worker enter job market provid incent pre employ train school exampl bill flexibl fact allow employ commiss channel fund area demonstr skill shortag kind flexibl great number submiss task forc recommend new amend deal young peopl order elimin possibl older worker lose job plant shutdown redund bill c allow commiss fund train program updat skill elimin major problem economi face respect loss juli adult occup train act skill worker avail better train unabl train young peopl import aspect bill provis elimin red tape stop larg number firm begin train program recent survey show per cent firm train sort survey report per cent employe receiv train tragic situat elimin bill elimin extent red tape caus smaller firm creat administr job fill form requir receiv grant believ bill reduc bureaucrat red tape creat incent smaller compani appli grant act may provid train opportun worker suppli skill worker provid flat rate payment industri fix rate payment provinc guess work taken system small employ ensur program meet criteria set regul appli reimburs import smaller firm cannot afford administr cost requir old regul besid allow less administr work compani appli fund act allow commiss enter contract person employ creation train program travel across countri heard privat businessmen abl train individu local institut local major employ think new provis give skill peopl want go privat marketplac opportun sign contract employ centr train individu need necessari reli local employ enabl canadian worker train new job area demonstr shortag therefor amend provid feder govern flexibl meet chang employ market compani greater incent begin train program employe see benefit learn new skill young peopl begin clearer pictur futur canadian job market conclus believ amend good start open door seriou evalu total train program know member opposit concern bill delay employ task forc opportun present report recommend embodi amend bill c valley west mr bosley spoke present argument want see govern use bill c excus put end propos chang adult occup train act benefit valley west shall quot speech made minist employ immigr mr axworthi last night report page hansard read member ask assur passag legisl close door chang train legisl studi consid pleas offer assur concern mr speaker amend introduc debat second read prelud much wider rang chang must take place intend take minist word hope bill receiv third final read want remind mr speaker passag bill c consid end govern initi manpow train polici member task forc employ opportun continu push chang report releas time summer report includ wide rang recommend recommend simpl administr chang necessari implement depart chang drastic alarm natur think speak mani member task forc say intend see recommend listen carri govern therefor welcom amend wish remind hous amend consid preliminari step toward total examin evalu program complet redirect manpow program human resourc plan countri;Bruce Lonsdale;1981
3311570;duti pursuant stand order inform hous question rais tonight time adjourn follow vegrevil mr mazankowski aviat safeti curtail air traffic control servic calgari intern airport b shortag air traffic control saskatoon west mr hnatyshyn post offic time parliament take summer recess effect postal strike effect strike small busi b role postmast gener winnipeg bird hill mr blaiki health welfar statu robertshaw studi child fatal caus parent neglect b respons centr children;Denis Éthier;1981
3311574;mr speaker rise particip debat bill amend adult occup train act propos number amend act need long time come minist manpow immigr mr axworthi open remark bill yesterday said report page hansard bill studi today basic goal first simplifi administr adult occup train act elimin unnecessari paper work small businessmen particular must face develop industri train shop floor particular amend welcom sure advantag small businessmen administr act minist went say second want make act flexibl respond varieti need train area read word minist see usual full hope measur go long way solv skill problem unemploy crisi interest hear previou speaker say behalf govern program program end program term job creation begin long process month follow debat hous prior come seem govern make statement like anyth concret way job creation program least long term minist feet yesterday recogn chang societi brought technolog chang said servic work work area public administr cleric manag health servic educ other major stimulu growth last decad declin supplier job next paragraph minist said must promot integr women nativ peopl disadvantag worker larger field employ must train worker skill trade occup must help worker labour market learn new skill without undu difficulti amend act long time come welcom think minist dream believ amend solv unemploy problem lack skill train work forc adult occup train act per cent popul canadian unemploy young peopl age without work estim per cent less grade educ scheme thing said bill improv present inadequ legisl without addit polici continu govern cosmet approach deep root problem find interest minist wax virtu amend term someth concret seriou lack skill train know unemploy job avail marketplac would impress minist come forward told recogn real problem would present hous strategi solv minist done done improv inadequ piec legisl though welcom littl treat whole problem time come govern recogn cannot discuss present lack occup skill train without talk full employ strategi suggest member govern side suggest cannot time histori continu ignor need integr strategi treat seriou problem face countri nation view cannot talk seriou way job train without talk industri strategi cannot talk industri strategi without talk econom strategi social polici strategi say reason remark spoke gener unemploy problem hidden unemploy figur closer includ group canadian work element societi refer peopl consid disabl handicap societi includ unemploy figur adjust actual figur special committe disabl handicap tabl report hous report point someth like canadian consid disabl handicap per cent popul group disabl canadian consid employ particular segment popul unemploy rate estim run per cent per cent committe view recommend made report centr unemploy problem juli adult occup train act numer problem face disabl canadian abl bodi canadian face hous educ transport recreat commun unemploy none problem separ other synonym want provid peopl disabl institut adequ accommod transport access educ facil provid mean committe place emphasi employ opportun special employ program minist brought year direct toward disabl canadian recogn within disabl commun program littl anyth provid disabl job handicap minist talk amend act someth real way provid employ opportun skill train opportun disabl handicap canadian kid troop kid kid disabl handicap kid amend bill anyth disabl requir upgrad skill train minist make kind statement said kid troop;Neil Young;1981
3311575;good;David Orlikow;1981
3311576;friend winnipeg north mr orlikow say good good among women group area want talk minist seem recogn societi chang term skill appli tradit job area chang point area cleric work chang result electron applic exampl impact microchip industri work environ major repercuss structur work forc know justifi concern like bear brunt inevit chang work inform process occup servic industri west german studi predict per cent offic work could elimin within ten year french report forecast per cent bank employe could redund within period britain studi predict per cent unemploy chang impact sourc disagr expert agre certain job becom redund new inexpens machin comput function word processor work peopl hold job consensu whether job creat lost women face brunt women concentr cleric sale servic job involv straight handl inform job transform per cent canadian work women servic produc sector economi half women per cent work women employ cleric job feder govern secretari work percentag go high per cent therefor job held women expect suffer microelectron revolut problem predict much displac tendenc hire addit person attrit play part exampl introduct electron switchboard number oper toll board toronto drop octob septemb understand work forc reduc figur lay off turnov rate oper high chang certain creat skill exist job downgrad machin take comput sort function word processor introduc larg calgari firm secretari freed per cent usual workload time job creat new industri requir skill aptitud extens retrain may necessari women get fair share new employ without retrain women may end lower pay job exampl women tend fill minimum wage product line job high technolog firm ottawa area women underrepres comput progamm analyst account engin among occup comput expand employ opportun observ note women chip includ fact cleric occup level labour requir reduc follow way reduct cleric step involv handl process store distribut inform second eros labour compon cleric function third telescop supervisori low level administr requir specialist profession occup level labour requir intensifi follow way first autom cleric administr detail content job second escal job scope potenti comput aid comput model data process sever danger identifi women chip among follow women continu concentr cleric posit continu usurp autom present trend continu could contribut unemploy rate skill differ cleric technic profess al occup could widen point certain discontinu level present trend continu women abl bridg occup gap industri could face sever skill shortag specialist profession occup need immedi polici action number front train program educ leav opportun enabl women acquir necessari understand comput technolog skill make comput enhanc work employ opportun revers need occup bridg mobil program give legal clout affirm action agreement necessari ensur women gain access occup enhanc comput technolog need health safeti concern stress eye strain problem possibl radiat exposur feder govern slow respond come crisi women take manpow train cours continu slot secretari cleric class occup go hit hardest technolog chang entranc rate women non tradit cours slow spars part problem stereotyp bia manpow counsellor need counscious rais cours present train allow view joke august depend care allow per week per depend limit maximum per week view manpow train cours must expand shop list reflect predict job vacanc must offer incent women repres least enrol cours ancillari amen train allow must reflect real cost serv deterr women tri upgrad job skill feder public servic offer retrain employe free charg work hour women pay class daycar add third job hold paid labour forc household task unlik pursu respons affirm action must expand throughout feder public servic enforc contract complianc privat sector feder govern worth busi privat firm use clout ensur remov barrier career develop women ensur better access employ possibl number women outreach project increas sinc focu particular need women care plan impact microtechnolog women work forc cushion retrain occup bridg mitig come skill gap program start today feder govern must start concret action ensur wave adult occup train act new technolog break back women labour forc;Neil Young;1981
3311577;mr speaker rise make comment bill c listen interest speaker abl speak eloqu member task forc listen notr dame grace mr allmand timiskam mr lonsdal brampton georgetown mr mcdermid beach mr young committe made import comment regard legisl think import deal someth brief period govern want encourag use use past system encourag member part task forc member parliament could use talent studi import issu nation build upon studi recommend would present parliament minist use non use parliament member parliament would word wisdom studi done member parliament elect peopl nation assist govern see happen bill parliamentari task forc report parliament opinion make lot sens place valu report come type legisl wait advic task forc measur could alter area recommend made start procedur task forc set pass parliament given chairman member work number topic includ volunt disabl anticip someth nuclear polici task forc branch line abandon emerg grain movement legisl committe abl report report signific impact govern area gave member parliament encourag valu place particip stand committe find minist govern prepar accept amend member parliament parti parti decid bureaucrat advis minist minist put stamp approv bill know shall chang get frustrat particip stand committe wit inabl improv legisl move mani amend hous report stage feel given adequ hear committe adequ hear countri mean mani news media heard presid privi council pinard state period believ televis show sunday concern bill c came hous amend say adult occup train act concern concern result feel part opposit member particular given adequ hear committe govern inflex bring amend floor hous put chamber may get littl assist peopl nation whole system task forc import hous common read excel report disabl handicap north south relat propos trade corpor area understand task forc report time summer note adequ studi done import recommend made recommend govern encourag accept whole good part would serv countri rememb serv task forc emerg grain transport govern accept major recommend light seen western regard grain transport good number year would like encourag minist transport mr pepin begin deal see good crop produc prairi initi taken govern obtain hopper car rail facil move crop exampl exampl branch line abandon studi accept govern put place serv farmer western come task forc report summer bill deal subject committe studi without advic think advis fli face member parliament serv task forc previou speaker spoke need govern nation deal decad move era comput robot capac displac peopl work forc said number studi read mani peopl next decad chang occup mani ten time wage earner skill becom littl apprehens kind studi concern kind skill necessari job becom redund lost new technolog competit bill like import encourag peopl train retrain import provinci feder govern co oper provid kind educ prepar young peopl retrain accept new challeng beyond envis movi theatr excel job show specul think show comput space technolog provid tremend number innov industri world influenc work habit job avail citizen look provinc alberta announc train centr built centr calgari edmonton teach skill young old alik technic trade inadequ demand western skill labour commun colleg excel job announc excel initi time come stream inadequ meet demand kind project envis western past megaproject syncrud project propos labour import across countri meet need time approv addit project larger syncrud abl suppli skill labour necessari time suppli petrochem plant need rest nation speak need industri alberta familiar refer pipelin new type weld new type skill need deep drill much differ past attempt say provinc need provid kind assist provinc feder govern must co ordin assist area secondari educ job train member state nation europ experi area per cent job train done compani consid invest futur per cent skill trade peopl train suppos past depend good deal immigr state need could fill went tri attract peopl done dismay countri mani could afford lose skill peopl train peopl concern group overlook group nativ peopl women think women could affect new technolog whether like mani women nation employ secretari cleric job futur may disappear group benefit retrain must prepar look bill prepar speak encourag look constitu alberta look govern bring good legisl see govern bring forward legisl time drive skill peopl constitu provinc constitu happen produc good amount convent oil thing go coupl year mani canadian entrepreneur peopl learn skill trade larg oil compani seem dismal imag present time compani imperi oil shell gulf decid time grab hold industri went expand industri park built facil began challeng compani work farm type oper fact mani life blood farm larg oil compani land bought provinc could drill came nep govern destroy per cent budget compani kill mani struggl new entrepreneur ride attempt make way industri june lost rig unit state result unemploy rig work talk friend mine weekend involv truck industri said last month move anyth whole busi truck rig northern part provinc say mr speaker bill retrain individu send skill peopl unit state learn trade teach other sure unit state pleas realiz import energi self suffici whim foreign govern encourag send peopl bill say area industri design governor council increas assist per cent incom individu enter apprenticeship list automot assembl industri windsor primari metal sydney shipbuild industri may need provinc get govern retrain individu oil industri lose unit state like refer number peopl lost constitu studi compani undertaken conduct poll compani respond summari show total sale drop budget announc lost littl area forecast drop worth work loss compani ride project area compani involv busi studi indic loss job peopl move rig unit state loss job branch field oper project area provinc drayton valley brook red deer forth phenomen amount lost expertis skill labour capit need countri lost countri polici liber polici adult occup train act;Stanley Kenneth Schellenberger;1981
3311578;chang;René Cousineau;1981
3311579;import citizen nation know polici like speak moment specif group peopl minist employ immigr mr axworthi bring bill feel group left left bill c import group peopl group nation learn benefit job train secondari technic school suppos reason record get peopl educ facil poor bill benefit group peopl know mani time quot nativ unemploy statist hous wonder whether govern listen govern tabl report last year think import give statist member awar problem unemploy rate nativ summer high per cent rise much per cent winter great depend upon social assist like refer studi indian condit indic feder govern social assist nativ peopl amount fiscal year rose turn area child care problem broken famili famili unabl keep children unemploy event provinci foster care peopl come remov children larg extent place non nativ home believ minist indian affair northern develop mr munro address problem import children remov cultur background choic enclos reserv becom addit statist grow older cost child care doubl cost tri cure alcohol desper problem among nativ peopl rose today sum inadequ risen coupl last year expenditur social servic risen adult care welfar aid cost medic servic risen problem indian social assist medic assist direct toward prevent direct toward deal effect problem mani thing citizen nation take grant avail nativ peopl expenditur prevent measur sport recreat rose someth risen fact risen rate inflat juli adult occup train act report indic cost nativ peopl live feder govern social welfar increas today mean econom develop job train prevent servic program mani area failur work provid type assist govern provid deal problem statist must deal like turn number job need creat way success would train retrain nativ peopl abl acquir skill situat live govern creat job year statu indian need addit job come job market refer nativ lost job reason abl obtain month job lip leap consid man year ad type job must creat build econom develop type plant may cost fo creat job look mani million dollar would spent meet need young peopl come market challeng member parliament hous common return report indian condit estim net increas indian work popul next ten year indic peopl come job market great mani peopl look reserv ride see third peopl age show great babi boom take place area job creation program dealt problem social program could bill deal problem mention want meet technolog advanc job creation educ must basic educ deal kind job avail record regard nativ peopl achiev high school standard abysm consid retrain peopl find basic level literaci bill deal problem new type innov program must establish deal situat suspect job train could import tool sinc mani case literaci would factor learn trade carpentri construct work great mani nativ peopl would find attract problem bill lack provis would make relev indian live reserv tend forget statu indian live reserv popul centr job train program situat popul centr kind assist offer reimburs live expens adequ allow peopl move citi natur feel among nativ peopl wish move larg citi sinc comfort deal problem job program could mobil move area high unemploy kind mobil job train program could set compani build vicin reserv time set kind program would creat employ bill deal aspect deal problem import come address unemploy countri problem mention deal co oper provinc member spoken said consult provinc hope bill pass meet requir provinci govern provinc deal nativ unemploy problem histori becom feder problem deal must consult provinc see kind job creat fit provinc import crucial aspect bill dealt mention tremend growth indian popul difficult time come term problem face indian move reserv employ major obstacl live reserv want work skill must move citi tri find job cannot find job skill left posit abl deal essenti life hous food cloth mani social problem aris result situat look jail see per cent inhabit nativ canadian problem must address adult train program citi centr must address nativ canadian move area desper present time receiv assist hope problem dealt task forc report add point bill overcom difficulti want mention excel studi done albert cameron princip saskatchewan indian commun colleg princ albert made recommend hope dealt task forc hope would place bill recommend state follow train take account uniqu cultur learn style indian e g cours must flexibl accommod differ level educ indian student govern locat train facil close reserv allow adult particip elimin reloc attend problem possibl govern set mobil train program trade train complet facil circumv reloc problem juli think excel propos consid hope task forc look want conclud portion speech say govern deal problem assist nativ peopl nation assist canadian cannot continu shovel rug situat get wors statist enunci prove conclus want say difficulti constitu pipelin compani need train individu unabl find place peopl could train servic technician send houston texa train cours compani receiv assist effect meant train citizen work train facil compani send could receiv necessari instruct problem address bill mr speaker appreci much know assist compani mention sinc spent money assist futur must train new servic technician outsid countri better aspect bill want summar say import think use servic parliamentari task forc wait advic pay attent say;Stanley Kenneth Schellenberger;1981
3311580;nepean carleton rise point order;Denis Éthier;1981
3311581;rise speak moment respect bill may call clock mr speaker;Walter David Baker;1981
3311582;clock leav chair clock p clock hous took recess;Denis Éthier;1981
3311584;mr speaker great pleasur rise hous tonight assembl multitud speak moment distinguish group member;Walter David Baker;1981
3311586;matter import canadian minist mention chang occur respect work forc necess requir educ train real challeng young peopl countri year adult occup train act pleas follow debat wetaskiwin mr schellenberg made thought speech dwell matter affect women nativ peopl particular respons caucu carri mark sens concern feel rais someth cours speech think worthi comment indic task forc work compos member parti hous common respect employ opportun canadian eighti express concern bill might prematur task forc report within short period time govern anyon ought take step would way undercut diminish work import task forc initi begun govern right leader opposit mr clark prime minist engag attent member particular area think import happen debat wind anticip bill go committe hope go understand govern minist parliamentari secretari would nice respons night bill go committe proviso last word adult occup train report committe give later date hope futur hope consult idea could lead improv respect bill member indic intent support bill therefor hope bill prematur hope wetaskiwin proven correct govern attempt someth advanc respect matter ignor render necessari bring legisl area import task forc import whole adult retrain import think purpos bill clear current legisl stand must appar minist littl incent employ enter apprenticeship program provid train peopl want work trade purpos bill recogn chang employ characterist commun chang technolog world ensur way lead cut edg revolut train littl incent peopl enter apprenticeship program fact present pay rate benefit unemploy insur act therefor much incent purpos find incent bill extend definit occup train cours includ cours consist week full time instruct would approv juli adult occup train act commiss good provis would permit commiss certain circumst waiv requir adult must school least month enrol occup train cours think good thing young peopl becom discourag tradit school system though pursu cours studi may find unproduct encourag govern encourag program enter train program think provis good bill allow commiss negoti payment provinc connect occup train cours fix rate basi basi cost incur minist answer last night presum allow municip corpor becom beneficiari certain trade occup train could provid bill provid tremend amount flexibl payment suspect minist correct peopl train work manufactur industri resourc industri need skill grow area privileg repres parliament employ electron industri say cannot find enough train peopl great number peopl appli job employ cannot enough train result advertis unit kingdom wherev get train worker import incent provid govern believ role govern provid leadership happen believ role govern place govern take leadership effect magnifi hundredfold move new technolog age mani occup young peopl gone past becom obsolet instanc secretari becom obsolet redund term mani thing obsolet word process machin invad offic comput invad busi world peopl requir run thing mani past new opportun creat old opportun gone women look new occup signific chang wave upon wave women enter work forc year demand educ facil equip job consid avail past think import element co oper program flexibl thing distinguish countri like japan germani fact seem nation commit respect goal industri goal govern appear sens partnership level govern germani particular level govern sens partnership busi commun labour hand employe import third parti govern kind joint effort need hope program develop recogn import joint commit fact labour manag govern part thing canadian industri resourc econom complex indic import sens togeth co oper area happen repres real growth industri energi field high technolog field second one import area tell mr speaker trend govern spend restraint level decentr feder bureaucraci major concern citizen nation capit area chang think area think busi peopl think politician import chang think young peopl nation capit area govern stimul growth took grant year go futur major polit parti countri decid restraint may defin order day untramel growth famili young peopl look enter work forc find rank govern close man year use fill view import preserv posit serv public servant govern involv retrain program program chang govern initi chang public servant move area within public servic mean opportun peopl outsid public servic diminish trend untrammel growth untrammel opportun end without chang would taken place event forc work predetermin decentr decentr workplac refer advanc commun technolog trend toward offic autom advent electron mail distribut data process lead era distribut workplac direct impact local area dare say area member recent past altern sourc employ easi find lumber area manufactur area busi die mark strong forest product industri decreas past ten year reason industri develop high technolog industri develop part juli think foreshadow least potenti tremend growth began 1960 establish bell northern research limit western outskirt citi township nepean citi nepean outsid govern largest high technolog employ area local work forc peopl firm mitel corpor telephon equip digit equip ltd make mini comput gandalf data commun make digit telephon equip lumon laser busi leigh instrument avion comput devic co make electron system mani other servic sector comput busi softwar hous consult firm grown high technolog industri manag owner director employe organ tell cannot get enough train peopl think challeng may affect part industri way challeng busi govern provinci feder level come ottawa post secondari institut algonquin colleg meet need local industri human resourc cours studi curricula institut univers direct toward creat solut problem scenario found commun commun across take commit develop cours believ program administ help induc employ young peopl look new challeng young peopl school look challeng consid train program get peopl technolog trade import develop industri technolog industri import area import whole countri said outset growth industri proper amount strateg plan appropri step encourag right train program coupl decent incent area strong abl contribut growth nation good good young peopl futur technolog promis world today hamilton mountain mr dean chairman committe concern member matter scienc develop invit committe return recess visit industri enumer talk administr need train personnel need met excit innov compani feder adult occup train act govern technic support reason settl pleas govern provinc ontario way look area know member hous common sit side regard govern ontario benevol see govern part provinc area govern ontario would like see develop microelectron develop centr accord statement made word import develop build upon strength import rememb necess train personnel step ladder build strength necess train retrain adult fill posit good fortun good manag made avail throughout countri take time except say bill last word first word first word worthi support recognit govern chang requir nation hope piecem oper look occup train today without consid necess larg industri strategi minist industri trade commerc mr gray talk bring industri strategi retrain part strategi would like see industri strategi emphasi problem immens respons govern immens burden result involv gatt chang occur manufactur complex next year along necess meet chang make respons govern immens want anyon think last word small step import meet requir countri move latter part twentieth centuri begin twenti first centuri part proposit countri built strength weak respect thrust say sound begin want add govern ignor find parliamentari committe initi taken administr former govern translat action govern ask member parliament parti look employ opportun eighti bill part machineri hope noth mind minist govern indic way report parti committe ignor report unanim hope bill look point view report brought;Walter David Baker;1981
3311587;mr speaker water run debat doubt gain much attent across countri import debat parliament juli adult occup train act intent delay proceed tonight believ parliamentari secretari want speak encourag respond point made shall take moment outlin point concern bill believ nepean carleton mr baker preced said way look futur respect develop human resourc mani thing talk parliament import develop peopl abl respond technolog challeng face chang societi wetaskiwin mr schellenberg made point intervent today understand task forc employ opportun bring report would taken comprehens look employ situat problem respect adjust strategi necessari adjust train consequ find bill favour understand give speedi passag second read favour respond challeng technolog age enter parliamentari secretari tell clear languag govern felt proceed bill c task forc report present hous believ member parliament encourag felt encourag deal north south task forc report subject return moment encourag take good hard deep comprehens look problem mandat studi believ piecem legisl adequ respons second note ironi ask consid bill c measur help technolog train peopl new societi enter time aspect govern drive peopl train train mani corpor compani oil compani would remiss duti point call energi polici govern deleteri effect nation economi human capac provinc respond technolog aid drive peopl countri come along piecem legisl say let better job train contradict point see minist attent moment let remind made point use task forc conjoin first point say sincer effort help canadian respond develop human capac plug technolog societi govern speak voic concern would met parliamentari support go load minist tonight great big harangu energi polici heard plenti colleagu dare say heard colleagu privat convers believ proper point govern seriou train peopl help peopl respond need find place new technolog societi get come princip point glad minist attent assur belabour point want hear reason piecem legisl govern industri adjust polici take minist north south task forc report tabl hous decemb report recommend sure minist familiar report focu recommend trade section judgment singl import recommend trade section north south task forc report recommend read follow task forc recommend govern launch major public inquiri industri sector like long term competit disadvantag relat develop countri view adopt effect adjust measur lot heavi think task forc said necessari elimin obsolet industri capac countri way encourag firm invest new promis area discourag invest declin industri report goe read assist given individu firm aim improv effici intern competit emphas concern long object studi label mr dupra attest repres think side hous go seriou approach north south take area financ develop assist energi leav moment trade relationship figur way respond intern term call intern divis labour peopl world unemploy underemploy turn centuri peopl unemploy underemploy respons subject respond peopl countri industri need find new market go sort aid program relationship north south quid pro quo find way live planet way move textil industri juli hope minist interpret argument advers interest textil worker sane politician countri stand say fire textil worker north south task forc emphas interest take action would hurt textil worker caught situat beyond control beyond control govern phase situat industri adjust strategi respond need becom orient industri capac phase low level technolog mani countri world fill void balanc need attain minist anxiou see particip find way achiev balanc task forc report anyth revolutionari document say someth overnight state task forc recommend govern launch major public inquiri industri sector like long term competit disadvantag textil industri mind along other govern gave respons task forc report june foreign polici debat held day hous offici govern respons respond recommend govern said difficulti canadian industri sector affect competit develop countri known govern govern claim known measur help competit canadian industri present intern trade environ taken cours formul public inquiri concern industri conduct textil cloth board anti dump tribun govern take decis word govern reject recommend task forc major public inquiri would last time go real detail depth industri adjust claim necessari say answer govern answer would bring comprehens legisl listen minist speech last night receiv hous heard minist say futur plan come line someth get start bill go achiev easi passag disappoint behalf industri adjust countri govern reject princip recommend north south task forc report subsequ day govern gave offici respons minist industri trade commerc mr gray brought new textil polici proper continu present textil polici shore declin industri announc adult occup train act would alloc govern year minist employ immigr mr axworthi cours share decis sinc govern decis put year establish new employ commun affect industri adjust help displac worker take advantag new employ opportun assist modern viabl firm textil industri govern peopl follow govern textil polici respons need industri adjust strategi nepean carleton outlin moment ago peopl concern today govern continu drift way technolog futur minist tri summon bill c feel govern inadequ respons north south task forc report govern announc continu textil polici go read excerpt record tonight editori winnipeg free press think minist reject hand editori appear june head prop textil reason go read excerpt editori record believ minist offici may want take good hard look argument put would recommend argument think speaker partisan argument give let say give minist reflect think consid object view govern non polici industri adjust bill c open door let quot editori follow year feder govern impos strict costli quota foreign import cloth textil canadian assur last chanc canadian industri given year modern becom effici capabl cope foreign competit forc stand feet without govern help latest announc least abandon pretenc protect industri temporari govern continu quota year provid industri expand modern time suggest year road industri better place meet foreign competit today clear assumpt canadian textil industri remain protect subsid cost canadian consum peopl third world time come interject quotat winnipeg free press moment review minut minist report north south institut gave detail report show canadian consum pay year extra cloth protectionist polici govern continu resum quotat winnipeg free press juli adult occup train act textil polici cours conflict ballyhoo aspect present govern polici nation industri strategi support new world econom order industri strategi suppos encourag transfer manpow resourc industri futur textil polici cost quarter dollar taxpay year higher cost canadian famili encourag expans industri unabl compet world scene pay low wage;Douglas Roche;1981
3311588;order pleas due respect would call attent bill act amend adult occup train act appear stray subject matter bill;Cyril Lloyd Francis;1981
3311589;know sir quarrel argu judgment chair great respect tri advanc argument take moment bill c meet object seek achiev retrain industri adjust bear mr speaker would indulg think minist attent intend speak moment think put forth case need govern take industri adjust polici laid north south task forc report govern respons said go think argument present respect bill c continu short quotat read area canadian textil compet world term winnipeg firm industri surviv massiv protect continu protect indefinit futur add roadblock modern canadian economi sir modern canadian economi minist stood place last night said want said colleagu spoken bill said includ nepean carleton wetaskiwin go support bill c call attent govern inadequaci bill c attempt meet challeng open resum quotat winnipeg free press littl bit read iron new quota impos month prime minist trudeau play host leader world advanc nation ottawa summit mr trudeau plan lectur world leader duti rich nation help countri third world break cycl underdevelop poverti doubt point fairer term trade bit import aid achiev end point textil polici exact opposit preach said fairer term trade bit import aid articl continu messag may get week ottawa summit confer geneva begin renegoti intern multifibr agreement someth paid attent sir north south task forc report articl continu spokesmen textil export nation third world serv notic go meet seek better access market advanc nation come final paragraph winnipeg free press editori minist take note campaign restrict impos rich countri north america europ export expect come share critic may employ minist lloyd axworthi claim quota lenient industri nation hand nation leader proclaim dedic interest third world wors other hypocrit end quotat end argument wish present hous tonight sinc said wish unduli delay process bill consid mr speaker seriou count go modern canadian industri behalf canadian good speech made cours debat canadian come stream today go chang career time period lifetim speed technolog chang today seriou meet need canadian chang evolv high technolog societi friend wetaskiwin point open third facil alberta northern alberta southern alberta third give technolog train demand high technolog skill seriou respond need canadian must comprehens industri adjust strategi build continu train program first point leav minist second seriou respons north south dialogu seriou respond intern divis labour seriou play proper role intern develop world becom societi respond comprehens unifi polici intern develop hurt countri give aid refus buy product industri way protect low level technolog interest countri minist think capac lead govern hous polici aim job creation canadian peopl canadian want relat interest sane world order;Douglas Roche;1981
3311590;recogn minist move motion must inform hous speak close debat second read;Cyril Lloyd Francis;1981
3311591;agre;Some hon. Members:;1981
3311592;mr speaker take time hous believ abl express interest passag bill appreci comment good wish member opposit enabl bring speedi effect conclus second read would like say mani comment heard debat help use set propos solut idea improv perform train skill think indic someth import essenti underli agreement regardless parti region object must serv nation govern improv skill talent canadian meet demand labour market someth underli accept agreement member hous may differ detail particular may particular tangent want follow gratifi realiz move area least enjoy initi commit member pull whether call industri strategi labour market strategi common accept need chang reform institut train educ effort job employ adjust match skill aptitud canadian job futur mani speaker debat indic wish bill detail broader rang comprehens wish time readi good idea certain gestat period believ begin process hope member hous take time read report tabl afternoon depart produc believ put lot new inform concern chang take place labour market set idea hope stimul interest reaction chang polici unemploy insur job train job creation look member hous tabl report special parliamentari committe larg scale consult canadian public need chang provid import contribut understand import area hope mr speaker take place short period time want assur member mani rais report open debat commenc consult intend act critic area without degre accept accord part trade union busi organ member parliament provinci govern bill indic agreement provinci govern measur bill crimin code spend time talk provinci govern agre measur look give abil begin chang adult occup train program program cost feder govern year major invest make econom social develop provinc want extens time provid educ train want abil necessari sign agreement provinci institut employ group trade union nativ organ social agenc bill allow import innov bill first step toward kind chang member ask want assur begin old say journey mile begin singl step step take hous tonight hope step complet adjourn hous summer complet packag legisl lose time begin put place train initi requir countri goe debat mani major polici chang take place follow year start work practic expedi way make chang begin summer start train hundr thousand canadian fall new opportun chang industri econom landscap thank member debat hope continu support committe hear third read come packag believ canadian applaud parliament import first step area agre action requir;Lloyd Axworthy;1981
3311593;hous readi;Cyril Lloyd Francis;1981
3311594;;Some hon. Members:;1981
3311597;bill c act amend crimin code relat sexual offenc protect young person amend certain act relat thereto consequ thereof read second time refer stand committe justic legal affair crimin code;Yvon Pinard;1981
3311598;mr speaker rise point order minist justic mr chretien introduc amend call govern women way parliament treat minist justic;Walter David Baker;1981
3311599;order parliamentari secretari minist justic mr irwin floor;Cyril Lloyd Francis;1981
3311600;mr speaker minist justic mr chretien earlier particular bill prepar speak last week time use use opposit;Ron Irwin;1981
3311602;pleasur make remark respect bill c titl indic act amend crimin code relat sexual offenc protect young person royal commiss statu women law reform commiss women organ across countri level critic exist law mani critic justifi hope met bill enhanc protect children bill creat new offenc sexual exploit young peopl adult child pornographi addit chang assist prosecut child abus case case abduct young children custodi disput broad principl wish address bill among protect integr person import cannot overst purpos men women form govern enact law principl mean person societi entitl live free violenc much possibl free fear violenc impli one compel engag sexual activ without consent second principl protect children special group need obviou children requir protect physic emot consequ activ cannot deal third duti upon govern safeguard public decenc societi right expect law protect member individu safeguard public moral fourth broad principl great import subject increas attent today elimin sexual discrimin crimin law simpl equiti demand mani right charg enshrin constitut hand hand right accus must go protect victim bill strike balanc particular area area sexual offenc number chang necessari law must recogn element violenc present rape indec assault list crimin code part entitl sexual offenc public moral disorderli conduct bill c would place new crime replac rape indec assault part code deal offenc person reput chang would separ violent sexual attack concept sexual moral receiv mani submiss particular point bill would elimin stigma attach term indec assault rape would new offenc first would sexual assault second would aggrav sexual assault use weapon caus seriou bodili harm would becom aggrav sexual assault would necessari prove penetr requir section crimin code caus much anguish embarrass complain done littl anyth protect victim moreov complic prolong trial creat anomali law brutal injuri sexual attack involv penetr charg necess lesser offenc indec assault law reform commiss point report sexual offenc tabl parliament novemb retain penetr distinct element offenc would emphas sexual charact proscrib behaviour stress aspect violenc threaten violenc like add women organ recommend elimin outdat requir upon convict judg abl consid natur degre violenc sentenc accus next like deal consent cover bill consent essenti element offenc rape would remain central requir new law sexual assault bill specifi follow consent obtain complain submit resist reason applic forc b threat fear applic forc c fraud exercis author accus claim complain consent juri would told consid whether claim reason consist suprem court decis pappajohn case bill deal spousal immun affect definit consent concept spousal immun present immun prevent husband charg rape wife basi marriag entitl intercours without consent someth would thought would disappear year concern express difficulti prove lack consent sexual relat marri person claim remov immun would involv undu interfer privat live marri person prove lack consent remain key factor case parti prior sexual relationship marri strang day age person involv common law relationship common law wife right charg common law husband rape marri person separ await decre nisi divorc action right immun prosecut rape persist note present law forc intercours assault within marriag constitut ground divorc evid divorc act involv abus law process abolish spousal immun govern would elimin discrimin marri women equal protect law would grant person marri women would given greater protect person integr law provid matter consent complex law rape develop certain rule evid relat consent refer particular evid concern charact complain doctrin recent complaint burden member histori doctrin law like deal law today judgment suprem court forsyth case final rule procedur accus may cross examin complain previou sexual histori extent crossexamin may go member recal parliament enact section crimin code restrict type question complain court point time allevi trauma humili embarrass complain time court rule case accus entitl challeng charact complain refer previou sexual activ other trial question attempt blacken charact relev issu trial issu rape trial issu accus commit alleg offenc complain beyond reason doubt would add interest law reform object question complain charact propos amend would clarifi parliament intent put evid complain charact would admiss except case close hear judg would determin whether accus person knowledg complain previou sexual charact led believ consent strict high standard hope would invok doctrin recent complaint doctrin recent complaint would suggest old spousal immun goe day crimin code complain rais hue cri rape failur complain held mani reason woman assault would rais hue cri foremost reason would would want go trial would want peopl know look doctrin recent complaint evidenciari rule abolish bill c enact wish make point propos chang move import protect children sexual abus exploit problem corrobor present law requir complain testimoni talk young children must corrobor evid accus convict rule variou statutori chang confus propos mr speaker corrobor requir reason law remain confus respect sexual offenc treat offenc second problem trial public seriou problem sexual indec assault rape case present case rape indec assault prosecutor request judg order complain ident evid publish propos hous request made prosecut complain court must bar public inform could disclos ident complain discret judg ask ban public must compli evid identifi complain way could publish along provis discretionari role judg forbid evid publish extra safeguard exist would like deal propos relat protect children februari year minist justic announc minist nation health welfar miss begin appoint committe direct dr robin f badgley univers toronto undertak substanti studi area sexual abus exploit children might add point legisl may come hous committe report present law relat sexual offenc children deal situat young peopl expos character relev distinct sex instanc equal protect boy girl term like chast charact judg let alon lawyer complain prosecutor understand term blame difficult understand done blame test number beer boy give girl talli much marijuana smoke taken account much borrow went difficult test know crimin code legisl come grip think someth committe look realm definit committe level particular definit restructur look someth must done unnecessari list relev provis crimin code concern sexual offenc children outlin briefli chang propos new law would prohibit person engag sexual misconduct child sex age year whether consent word infant cannot give consent defenc accus state believ time child age year second anyon engag sexual misconduct person year age regardless sex complain guilti offenc accus could found guilti age less year older complain best exampl give consent involv concern girl year age boy year age girl could boy case consent offenc accus would convict honest belief complain year age accus respons complain parent guardian law care charg exercis author person year age engag sexual misconduct child would guilti offenc member stand committe justic legal affair hous recogn sexual exploit children purpos child pornographi seriou problem new offenc propos aim stop sexual exploit children age bill induc coerc agre use person sex age purpos produc visual represent explicit conduct dealt harshli would includ print reproduc publish distribut circul sell offer sell receiv sale advertis expos public view represent word anyon would profit filth dealt harshli anyon found guilti act possess materi purpos commit act would punish imprison year addit case present illeg materi would forfeit crown translat believ propos legisl regard sexual offenc would meet object indic protect person integr children public decenc elimin sexual discrimin would clarifi simplifi work polic forc court juri recommend hous pass bill c second read would like conclud urg member recogn import refer bill committe allow full discuss member represent interest group mani year lobbi present excel brief make amend appreci interest public take legisl propos hope view express seiz opportun make known committe;Ron Irwin;1981
3311603;minist;Walter David Baker;1981
3311604;mr speaker believ consult leader unanim consent hous return item tabl report stand special committe order tabl sixth seventh eighth report stand committe miscellan privat bill stand order;Jean-Robert Gauthier;1981
3311605;mr speaker consult understand natur gentleman wish chairman committe prepar consent;Walter David Baker;1981
3311606;;Stanley Howard Knowles;1981
3311607;agreement return tabl report stand special committe;Denis Éthier;1981
3311611;mr speaker honour tabl offici languag sixth seventh eighth report stand committe miscellan privat bill stand order editor note text report see today vote proceed;Jean-Robert Gauthier;1981
3311613;mr speaker consent hous move second portneuf mr dion report present concur;Jean-Robert Gauthier;1981
3311614;order pleas hous heard term motion agre order;Denis Éthier;1981
3311620;mr speaker rise speak particular import piec legisl want address remark hous say thing want parliamentari secretari take person offenc particip debat find pass strang import piec legisl brought hous receiv much attent signific group countri import term prioriti minist justic mr chretien respons area person attend hous order introduc legisl find unaccept minist reason regard fact govern charg respons timet hous introduc speak particip hous respect import legisl interest job submit resign prime minist mr trudeau;Ramon John Hnatyshyn;1981
3311622;particular legisl import think member hous understand intens feel say minist justic wherev may whatev think littl particular bill amend crimin crimin code code import cannot find time schedul come speak time brought initi occas though late night though follow number piec legisl brought govern wisdom judgment consid import bill bill deal diplomat immun bill respect measur gold countri attitud minist take think time decid whether interest job turn someon histori particular piec legisl prioriti govern afford legisl demonstr absenc minist particular debat circumst matter fact consider govern previou administr novel legisl endeavour part govern fact matter call govern bring legisl debat floor hous common hous leader rais matter cours hous leader discuss ask matter come matter respect govern busi seem appropri night die day session govern see fit bring particular bill want peopl know face particular legisl concern face prospect go kind limit debat floor hous common matter surfac session end honour know run sinc april session origin last elect custom tradit expect new speech throne new session parliament year lot specul press next fall summer recess govern consid prioriti prepar present hous return take place time thanksgiv accord govern hous leader new speech throne effect legisl order paper null void start scratch consequ delay part govern event get bill hous adjourn within matter day know prime minist indic friday chanc friday day next week;Ramon John Hnatyshyn;1981
3311623;hope right;An hon. Member:;1981
3311624;comment indic today think parliament responsibil juli crimin code iti act number import issu postal disput;Ramon John Hnatyshyn;1981
3311626;think recess hous peopl burden carri postal strike back think lot import matter consid bring hous govern consid bring new budget hous could go long time number thing think hous common could realiti recess upon govern hous leader indic put motion bill refer stand committe justic legal affair consid detail depth freedom inform legisl colleagu know import bill much good hard work done committe make best possibl legisl avail peopl take time member work tri get bill best possibl form know long take;Ramon John Hnatyshyn;1981
3311627;year;Céline Hervieux-Payette;1981
3311628;parliamentari secretari solicitor gener mr hervieux payett say may take time year say knowledg whether take say member parti seriou bill act respons manner tri get bill committe great number amend put govern opposit parti view improv bill requir care consider import social bill must given seriou consider initi parti govern young offend act want member govern understand put bill term prioriti committe bill deal diplomat immun item must dispos committe deal bill requir care consider introductori remark parliamentari secretari indic area apprehens said govern want examin minist justic mr speaker address legisl toronto lay charg uranium cartel prosecut must reason slough prospect hous today know;Ramon John Hnatyshyn;1981
3311629;spadina;An hon. Member:;1981
3311630;tokyo restaur vancouv want know minist justic concern minist lead debat import piec legisl tell peopl prioriti spokesman govern parliamentari secretari cannot speak behalf govern read note prepar department offici function govern repres minist crown;Ramon John Hnatyshyn;1981
3311631;appoint senat;An hon. Member:;1981
3311632;matter reason mr speaker disappoint minist saw fit absent import piec legisl introduc;Ramon John Hnatyshyn;1981
3311634;mr speaker know heckl harp govern bench indic acut embarrass minist neglect refus appear want deal provis bill number observ respect think appropri bill latest develop full decad extend discuss reform law relat sexual offenc ten year sinc royal commiss statu women suggest chang made law area year;Ramon John Hnatyshyn;1981
3311636;mr speaker willowdal mr peterson spoke seat pant might notic hous outsid hous know member refer nobodi yard parliament hill willowdal nobodi parliament hill year sinc ron basford minist justic introduc bill c propos substanti revis relev section legisl introduc third session thirtieth parliament reintroduc ensu session bill sexual attack classifi offenc indec assault punish maximum year imprison aggrav indec assault punish maximum life imprison novemb law reform commiss made contribut debat issu revis law relat sexual offenc pass would point strang situat govern introduct bill c may 1978 govern knew law reform commiss recommend forthcom knew cours function juli commiss provid advic question reform govern went introduc major revis sexual offenc provis code month commiss report ridicul turn event interest footnot debat commiss report recommend reform base fundament principl protect integr person protect children special group safeguard public decenc suggest sexual assault divid new categori sexual interfer sexual aggress latter offenc needless say seriou commiss dealt offenc relat sexual activ children person posit depend addit made recommend relat spousal immun rape solicit loiter wander public place govern next move subsequ allow bill c die order paper came speech throne april ancient document spoke outset remark speech indic seriou problem violenc women would address amend crimin code result promis minist justic introduc bill janauri year bill c without signific import piec legisl becom known sexual offenc bill must born mind outset bill relat sexual offenc per se cover wide rang issu concern issu relat substant definit sexual offenc code propos chang law evid deal exploit young person pornograph purpos redefin assault propos chang law affect kidnap deal briefli aspect prostitut bill appear kind sausag factori product govern got respect certain issu amend crimin code consid import issu face today respect sexual offenc area colleagu want address absenc definit provis code statement govern problem prostitut import problem mani area countri urban area avoid except brief refer must bear mind omnibu natur bill c provis deal sexual offenc bill c import legisl initi deal seriou crime societi issu rais relat intim sensit aspect human relationship must consid hous committe crimin code number comment make legisl like arrang sever differ group categori first area concern offenc relat sexual relat consent young peopl know stand crimin code defin sever offenc base non consensu sexual contact rape sexual assault cours exampl type offenc come mind number offenc deal sexual relat consensu natur offenc concern sexual activ involv young person bewild array offenc kind section code prohibit sexual intercours woman age section prohibit sexual intercours femal chast charact age section accus may found guilti young woman blame male sexual contact section code make offenc seduc woman chast charact age section state crimin offenc seduc woman year age promis marriag bill c promis wipe exist categori offenc replac simplifi regim permiss mr speaker shall read section bill c propos effect replac present code provis summar proper way analys provis without first look detail bill contain section deal sexual exploit young person page bill section subsect read engag procur sexual misconduct person spous b age fourteen year guilti indict offenc liabl imprison ten year shall found guilti offenc subsect establish time sexual misconduct took place fourteen year age b year older complain accus charg offenc subsect defenc charg complain consent sexual misconduct accus believ time sexual misconduct took place complain fourteen year age claus read follow engag procur sexual misconduct person spous b fourteen year age age sixteen year guilti indict offenc liabl imprison year shall found guilti offenc subsect establish time sexual misconduct took place sixteen year age juli crimin code b year older complain c believ time sexual misconduct took place complain sixteen year age respons complain sexual misconduct took place number aspect section seem meritori provid equal protect male femal code stand reflect nineteenth centuri attitud young women passiv must protect male young boy protect think welcom chang bring law twentieth centuri put person sex equal foot bill commend think undertak repeal anachron haunt law area think present section make offenc seduc woman promis marriag section prohibit illicit intercours captain vessel provis reflect societ valu held nineteenth centuri synch contemporari think modern law enforc rule law suffer allow sit book argu bill deserv commend simpl reason simplifi law earlier review present crimin code reveal confus complex seri offenc citizen must awar mani peopl argu simplic law virtu bill c abandon difficult concept chast charact benefit parliamentari secretari point chast spell c h e c h e troublesom phrase found section code addit section make attempt sensit might call normal sexual activ teenag provis found section propos bill bill take principl sound approach endeavour protect young person sexual intercours case present code protect form sexual interfer bill prohibit term sexual misconduct term shall say neg side ledger signific question problem must address concern new claus propos bill troublesom aspect section use term sexual misconduct refer sexual misconduct term imprecis carri connot sexual activ misconduct notion reinforc look would becom new section refer explicit conduct mean clear misconduct begin conduct end hold hand sexual misconduct kiss neck fondl breast crimin law suppos character precis clear mean unjust expos peopl crimin liabil natur liabil cannot determin advanc hous must look term sexual misconduct employ bill c must investig altern word law reform commiss exampl defin offenc report term touch sexual purpos mani possibl need consid know exampl reason propos minist term chang crimin code involv fact govern want get imprecis term definit decemb minist attempt first time tabl bill hous common prevent lack unanim consent go member may observ make respect reason want withhold consent page inform paper set minist critic imprecis definit exist code suggest clear definit would appropri concern word indec point paper indec involv judgment decent suggest parliamentari secretari member govern minist justic whoever wherev consid whether definit term sexual misconduct set forth crimin code aspect provis bill deal deserv care studi exampl certain age group particular person age would receiv special protect sexual exploit argu today societi necessari extend special provis beyond age proposit open challeng must look issu featur section need thought investig system exempt liabil base age accus age differ accus parti sexual activ term section exampl person age could initi sexual relat person much younger young child subject prosecut provis particular legisl understand purpos purport legisl provis must look committe go easi bill get number provis deal number aspect sexual offenc crimin offenc consider minist decid wisdom bring omnibu bill includ matter juli difficulti particular issu dealt may advis minist given consider legisl advanc divid bill separ section deal differ subject matter could dealt decis decid proceed basi omnibu bill know thing oper hous understand may someth interest get bill penalti provid bill look exampl sanction provid violat section year law reform commiss recommend year term equival offic code stand today penalti life imprison necessari look substanti diverg option consid appropri sentenc respect offenc aspect section consid worthi discuss concern fact offenc absolut prohibit person sexual relat person age matter belief young person term bill read young person could mislead parti first parti would answer charg section provis strict liabil sit basic tenet crimin law system peopl suppos punish seriou offenc intend commit wrong therefor would suggest look law reform commiss propos defenc reason dilig avail accus would found guilti use commiss word exercis reason dilig proof lie upon believ time offenc person older age specifi want refer section c provid defenc accus believ time sexual misconduct took place complain year age point word use subsect leav door open pappajohn controversi bill indic whether belief need honest whether must honest base let turn part bill c deal non consensu sexual relat sexual assault provis particular interest across countri aspect bill gener press coverag gener interest women group across countri good reason concern interest express interest group across countri rape sexual assault terribl crime widespread becom part way life women must time take precaut sexual assault must care home public must alert crimin code wari time male live mani case real blanket fear state affair overlook let quot fact sheet prepar canadian advisori council statu women fact sheet entitl rape sexual assault indic rape report polic studi way show rape report advisori council say woman rape minut woman assault minut great issu surround sexual assault cours treatment complain receiv hand polic court trial genuin ordeal complain hear rape trial describ proceed put complain trial bill propos major fundament reformul sexual offenc crimin code code present contain section section defin rape section indec assault femal section indec assault male section deal bestial buggeri bill c would replac section simplifi regim compos offenc sexual assault aggrav sexual assault accomplish bill would creat new section would read follow commit sexual assault guilti indict offenc liabl imprison ten year commit aggrav sexual assault use weapon time commit sexual assault b commit sexual assault caus bodili harm everyon commit aggrav sexual assault guilti indict offenc liabl imprison life minist justic state inform paper make chang law would focu violent natur sexual crime orient offenc would chang fact penetr element rape must would need proven establish offenc sexual assault aggrav sexual assault penetr requir element offenc must confid amend propos bill mean sexual element crime ignor complain explain specif incid penetr detail intim natur relev charg would expect evid would led propos contain bill say cautionari note person view wise advis law recogn sexual assault crime violenc sexual charact secondari featur aspect propos section need look first foremost notion sexual assault concept assault per se defin claus bill sexual assault defin;Ramon John Hnatyshyn;1981
3311637;order pleas busi hous busi hous;Denis Éthier;1981
3311638;mr speaker rise point order note call ten clock wonder might direct govern hous leader respect busi deal tomorrow wonder could specif respect bill intend call tomorrow;Walter David Baker;1981
3311639;mr speaker even spoke hous leader busi tomorrow indic deal bill c c time bill c meet talk bill begin week look abl get stage minimum speaker tomorrow beauti day hous busi precis order busi c c;Yvon Pinard;1981
3311640;mr speaker correct govern hous leader discuss busi tomorrow know regist strong protest good friend busi handl way result import bill c statement spokesman govern spokesman offici opposit spokesman frozen could bill call tomorrow call recess mean liber spoke juli tori spoke juli ndp speak octob element unfair think least continu second read bill c tomorrow burnabi spoken point could conclud debat send bill stand committe friend right agre debat could adjourn point think fair spokesman parti floor stage debat;Stanley Howard Knowles;1981
3311641;fair colleagu mr speaker spoke busi tomorrow debat bill start spoke order busi tomorrow hous leader tori parti hous leader ndp midst debat c clear indic would get second read bill c got second read clock tonight therefor stick order busi announc last week start debat c respect fair word gave hous leader reliev keep word agreement hous leader tori parti point might consid request agreement sure would want go word given;Yvon Pinard;1981
3311642;mr speaker think discuss import import respect plan winnipeg north centr indic opportun contribut critic look hear think order busi stand understand arrang feet consider amount discuss adjourn hous know govern hous leader intent regard plan individu busi constitu govern hous leader could give indic govern intent respect adjourn hous;Walter David Baker;1981
3311643;mr speaker think would use meet tomorrow discuss possibl adjourn might give notic motion tomorrow decid decid told colleagu meet could discuss possibl debat motion allow ndp speaker say say bill c know could discuss meet propos tomorrow afternoon;Yvon Pinard;1981
3311644;shall glad attend meet tomorrow discuss matter regret friend nepean carleton mr baker prepar agre least speaker leav debat matter sens open find opportun burnabi speak week option accept hous leader announc discuss meet tomorrow;Stanley Howard Knowles;1981
3311648;mr speaker wish rais tonight aris curtail air traffic control servic calgari intern airport effect juli hour midnight record page hansard juli curtail caus shortag qualifi air traffic control calgari turn part juli much larger problem seriou critic shortag air traffic control throughout deal calgari internationl situat doubt curtail servic caus inconveni disrupt traffic sure awar mr speaker notwithstand neg aspect nep calgari dynam activ citi lot air traffic disrupt import impair safeti import furthermor point air traffic control associ could rais seriou import legal implic respect peopl duti summar mr robertson presid canadian air traffic control associ said press relea e date indic flight advisori servic put place cannot provid posit separ aircraft aircraft vehicl surfac airport provid air traffic control despit fact advisori servic provid air traffic control supervisori personnel remain advisori servic mr robertson critic fact although personnel familiar calgari airport other addit none select given train advisori duti addit obviou safeti hazard propos oper note seriou question legal liabil individu supervisor involv depart transport event incid accid mr speaker time rais ask minist transport mr pepin kindli confer consult calgari transport author author progress respons dynam organ done lot develop aviat servic calgari hope parliamentari secretari give hous tonight indic consult discuss gone author order resolv problem minist undertak discuss would take place note shortag difficulti staf control tower suffici number qualifi personnel situat calgari uniqu given high pay scale difficulti respect acquisit adequ personnel uniqu situat look isol said chronic seriou shortag air traffic control throughout countri minist transport agre observ catca must say offici catca warn minist transport transport number occas answer direct minist juli indic adjourn debat problem magnitud friend say observ bought catca figur number air control need suggest need addit air traffic control may appear catca hous common stand committe transport mr robertson presid said seriou understaf problem calgari curtail servic would take place pass strang minist would reject testimoni fact dubin inquiri aviat safeti novemb depart transport report justic dubin drew attent seriou problem understaf air traffic control servic estim depart transport addit control would requir seriou problem design vancouv shortag control calgari edmonton toronto montreal gander point respons minist indic acceler process turn control would control process commenc septemb year improv per year turn suffici meet demand present time suffici meet requir minist must accept magnitud problem must prepar act govern respons provid financi human resourc protect preserv integr air traffic control system;Donald Frank Mazankowski;1981
3311649;mr speaker respect curtail airport control servic calgari airport midnight traffic movement curtail oper visual flight rule per cent per cent flight use calgari airport midnight instrument flight rule flight per hour ifr control servic avail advisori emerg servic calgari transport author express concern calgari airport could retain intern statu full air traffic control servic avail hour day true exampl windsor intern airport design regular use intern schedul air transport calgari case windsor tower close p respect broader nation shortag air traffic control number qualifi control coupl job traine accord number approv posit given site combin factor ill train failur rate avail overtim staf may lead period normal control servic may possibl juli adjourn debat longer term predict shortag qualifi air traffic control problem address prioriti basi realist estim situat control lost due attrit next year addit least new oper air traffic control posit creat result increas traffic open new traffic control tower across new air traffic control train system put place year expect produc qualifi control year restat situat comparison next year expect produc control meet estim requir posit figur intend plan purpos actual number control train adjust extent meet actual need post offic time parliamentari summer recess effect postal strike effect strike small busi b role postmast gener;Robert Theodore Bockstael;1981
3311650;mr speaker think finish speech start today view fact import issu rais continu time speak bill c wish talk tonight peculiar attitud describ peculiar taken prime minist mr trudeau respect postal strike think canadian legisl chamber must deep concern consequ effect postal strike averag citizen talk big busi medium size busi averag call defin littl guy live constitu talk pension person receiv govern chequ mani reli mail littl incom receiv trust compani small invest talk littl businessman area mine saskatoon larg citi surround district repres substanti inconveni caus peopl reli mail virtu postal strike rais matter cours period yesterday tri bring prime minist attent seriou consequ flow result strike call govern prime minist take action deal strike hous adjourn anticip come friday regular mail deliveri essenti servic million individu canadian remot area pension small businessmen refer pension live major urban centr face prospect long period without incom long difficult trek distant town suggest senior citizen forc pawn govern game chess post offic remot area lack access courier major urban centr reli mail commun rest point prime minist point number time estim small busi go week strike continu cost canadian economi job canadian direct mail associ estim member lose day strike continu matter cannot allow continu drift without govern action moment side talk suggest due failur treasuri board bargain good faith interest articl appear toronto star last weekend labour report john deverel suggest basi inform examin attitud feder govern respect postal strike kind scenario situat similar situat liken respect infam cabinet document dealt constitut strategi rememb case postal strike scenario set minist govern could perceiv tough hold line curtail inflat word kind govern cynic toward consequ postal strike canadian peopl effect turn second prong anti inflat program remind hous first prong high interest rate factor second prong sort facad put tough high profil union popular fact least popular union kind facad suggest govern put say hand go bargain take initi respect negoti sit let canadian suffer long strike hand say take legisl action go negoti suggest oblig govern legisl govern must return bargain tabl bargain good faith must take action legisl end strike would interest hear view govern seriou go hous adjourn without take step respect resolut matter cannot parliament adjourn instrument allow matter brought resolut middl octob propos time adjourn accord govern hous leader respons legisl interest hear whether respons govern seriou determin caus peopl suffer intend caus sit noth take action negoti legisl translat;Ramon John Hnatyshyn;1981
3311651;mr speaker allow make correct parliamentari secretari postmast gener mr ouellet presid treasuri board mr johnston listen comment colleagu saskatoon west heard remark winnipeg north centr mr knowl would listen think could agre point saskatoon west start point disastr effect strike public sector underprivileg fix incom receiv form pension proce incom save throughout life true strike public sector disastr effect disastr sector other let remind hous strike hospit sector name wors consequ strike postal servic strike educ system felt parent see children lose school day playground public place strike public sector taken legisl recogn right strike employe public sector hope union would use moreov union must continu serv public negoti public support tri negoti work condit hope extend sector public administr must public support unmotiv strike seem without merit motiv call first glanc challeng principl find public support see today hous opposit spokesmen oral period urg govern put end strike last week leader new democrat parti oshawa mr broad bent ask govern accept recommend concili report union postal worker turn report concili committe today union critic govern negoti accept conclus concili report must know concili procedur arbitr procedur concili report accept refus parti negoti ill alleg case happen refus report concili committe union call strike parlia adjourn debat ment legisl striker work introduc bill c therefor time order reach accept settlement disput preserv consid fundament principl right strike public sector exercis sens respons parti must come negoti govern negoti accept great number recommend contain report concili committe problem number annual holiday number week leav year continu servic increas shift week end premium shall abl repli burnabi want question oral period health welfar statu robertshaw studi child fatal caus parent neglect;Serge Joyal;1981
3311653;mr speaker speak tonight protest termin feder child abus studi initi studi conduct lawyer corinn robertshaw second depart nation health welfar purpos begin studi mr robertshaw involv lead human servic profession across work child abus neglect area discuss issu aris research conduct research mean intens studi legisl relev literatur travel major treatment centr observ interrog child abus team interview relat personnel profession privat public sector awar support mandat sinc incept welcom visit request consult first visibl feder interest malign nation grow child welfar problem follow interim discuss paper lead meet ottawa involv profession result transcript deliber minist nation health welfar miss begin spite overwhelm support express profession complet studi move termin child abus studi elimin crucial final stage mr robertshaw find input multi disciplinari group profess would synthes mr robertshaw come final report recommend outcom consult profession understand consider invest term time energi mention widespread appreci mr robertshaw research expertis studi methodolog concern taxpay money import hope mani potenti impact studi welfar children adjourn debat april oshawa mr broadbent question minist nation health welfar hous follow initi announc termin child abus studi minist insist studi fact complet misl hous paper produc minist statement interim paper mark discuss circul sensit natur materi tent aspect recommend mr robertshaw expect modifi follow group discuss may mr murphi assist deputi minist polici plan inform branch depart nation health welfar wrote profession mr robertshaw work request sign releas allow govern distribut interim paper transcript ottawa meet conven discuss obviou peopl contact move ploy get sanction govern public suddenli complet child abus studi obviou result mr robertshaw would allow write expect final paper repres synthesi result conceptu extens previou document sinc final paper repres pay combin effort mani associ project refus sign request releas protest urg mr robertshaw allow complet studi indic month time work ndp want see studi complet satisfi badgley report sexual offenc children cover aspect child abus satisfi half heart releas hand background paper minist propos must reviv govern support complet studi extens life child abus studi complet prevent demis extrem abus neglect import execut studi vital welfar children;William Alexander (Bill) Blaikie;1981
3311654;mr speaker absenc parliamentari secretari minist nation health welfar would like take opportun clear confus statu mr robertshaw studi point act deal child abus neglect next minut use clear matter said hous minist nation health welfar miss begin depart agre sponsor import studi first contract enter research mr robertshaw second depart nation health welfar undertak work studi extend month period may end initi period ten month extens grant research allow go work end period march extens grant first allow mr robertshaw prepar transcript second nation consult held march attract particip promin doctor lawyer sociologist profession involv problem child abus case first consult held second extens grant mr robertshaw allow pursu publish transcript proceed nation consult sinc depart nation health welfar intent publish discuss paper refer proceed nation consult happen number particip nation consult declin comment made public point confidenti natur meet minist nation health welfar went along decis request transcript proceed made public minist point hous given assur discuss paper made avail interest parti agre told depart document translat print possibl understand avail must say member shown interest document given copi readi minist nation health welfar told hous depart nation health welfar intend continu work public privat sector provinc find way control elimin seriou problem child abus minist intend urg provinci counterpart renew effort made within famili guilti offenc draw full benefit juli feder cost share program avail purpos;Dennis Dawson;1981
3311655;order pleas motion adjourn hous deem adjourn debat adopt hous stand adjourn tomorrow clock p hous adjourn without put pursuant stand order wednesday;Denis Éthier;1981
