basepk;speechtext;speakername;year
3831547;mr speaker pursuant stand order honour tabl offici languag govern respons sever petit editor note see today vote proceed;Albert Glen Cooper;1990
3831550;mr speaker feet pleas tabl offici languag number order council appoint made govern pursuant provis stand order deem refer appropri stand committe list attach;Albert Glen Cooper;1990
3831553;mr speaker honour tabl offici languag report parti deleg attend interparliamentari confer global environ held washington april may;Walter Leland Rutherford (Lee) Clark;1990
3831556;mr speaker honour present forti third report strike committe;Frederick James (Jim) Hawkes;1990
3831558;mr speaker honour present offici languag report legisl committe bill act respect canadian institut charter account amend;Gilbert Parent;1990
3831560;mr speaker honour present report legisl committe bill act amend railway act grain flour subsidi amend known east legisl would like thank member side serv committe interest co oper show mr sir paul clerk capabl staff editor note see today vote proceed;Geoff Wilson;1990
3831563;leav introduc bill c act provid dissolut transfer certain crown corpor amend certain act consequ thereof may routin proceed;Gerald Stairs Merrithew;1990
3831564;shall leav introduc bill;Steve Eugene Paproski;1990
3831565;agre;Some hon. members:;1990
3831568;mr speaker pleasur honour present petit pursuant stand order differ topic first topic deal good servic tax petition kamloop chase british columbia distress govern continu determin proceed per cent good servic tax call upon liber senat stop;Nelson Andrew Riis;1990
3831569;petit state;Peter Andrew Stewart Milliken;1990
3831570;petit say mr speaker think bold presum petition hope liber senat domin senat vote afternoon end threat;Nelson Andrew Riis;1990
3831571;mr speaker issu petition kamloop call upon govern invest passeng rail servic look around world see countri size first rate passeng rail servic ask canadian govern everybodi invest passeng rail servic oppos reduc commit invest passeng rail servic;Nelson Andrew Riis;1990
3831572;mr speaker petition kamloop british columbia point concern regard increas child poverti increas number children live poverti ask govern consid support comprehens bill right children way elimin poverti among young peopl countri;Nelson Andrew Riis;1990
3831573;mr speaker honour present hous petit present public meet shediac attend sever peopl fish industri came commun baie saint ann escuminac fish commun kent counti westmorland counti cape tormentin petition state present crisi fish industri requir help fishermen work peopl industri vital econom surviv reason mr petition govern present recoveri plan industri co oper concern;Fernand Robichaud;1990
3831574;mr speaker duti tabl petit follow exampl sever canadian protest conserv govern propos impos upon canadian tax good servic purchas start januari canadian hundr signatur petit would like state without doubt strong object imposit unpreced tax petition would like state opinion unjustifi grab pocket canadian hit higher tax load higher inflat higher interest rate higher unemploy undersign pray call upon parliament reject propos good servic tax;Jean-Robert Gauthier;1990
3831575;speaker like ottawa vanier pleas tabl petit sign mani mani canadian oppos govern may propos introduc good servic tax impos canadian petition indic concern tax hidden canadian appli everyth canadian purchas creat oner burden small busi across appal govern would consid tax duck issu last campaign refus disclos detail tax campaign launch call upon parliament reject unfair inequit tax;Peter Andrew Stewart Milliken;1990
3831576;mr speaker lest minist financ minist nation revenu believ slip acm attent concern citizen edmonton alberta would like present today petit sign peopl edmontonian note minist financ propos good servic tax unfair form taxat lack regard taxpay abil pay note govern address unfair taxat system place petition call interest point parliament reject propos good servic tax know parliament includ senat interpret mean petition wish liber major senat kill bill fact want liber put senat major mouth;Ross Harvey;1990
3831577;mr speaker honour pleasur rise accord stand order present petit signatur last month present signatur ride get run use deputi whip iron glengarri prescott russel petit contain signatur note canadian famili incom around spend per cent incom current consumpt routin proceed famili earn spend per cent consumpt anybodi concern extra per cent go pay bill goe final concern effect small busi kind incom rang humbl beg pray friend say parliament ceas desist pass bill;Fred J. Mifflin;1990
3831578;mr speaker pleas present petit today legionnair men women portland merrickvil lan down rockport elgin toledo athen jasper commun leed grenvil object cut govern propos veteran servic way housekeep cost vet addit charg long term care vet call upon govern revers budget cut would like govern rememb posit way neg twist way govern determin;Jim Jordan;1990
3831579;mr speaker petit forward resid constitu etobicok centr peopl sign petit undersign petition oppos close postal outlet locat grenview home hardwar bloor street west citi etobicok petition pray call upon parliament enact law open postal outlet vicin bloor street west east montgomeri road west princ edward drive;Neil Young;1990
3831580;mr speaker pleasur duti present petit stand order first petit call upon govern support aborigin peopl tradit use land call seek new initi peac common secur may routin proceed disarma nato norad particip deep strike attack capabl build call redirect nato norad fund toward enabl aborigin peopl regain control land livelihood petition call parliament oppos establish propos tactic fighter weapon train base goos bay sure happi base built nevertheless would like see end low level flight train;Raymond John Funk;1990
3831581;mr speaker petit sign resid la rong saskatchewan call parliament minist financ reject report task forc northern tax benefit elimin per cent commun enjoy benefit avail northern tax benefit recogn high cost live northern isol commun develop fair equit tax benefit program north enabl peopl enjoy adequ standard live develop commun;Raymond John Funk;1990
3831582;mr speaker third petit honour present sign peopl shellbrook leask surround commun appropri today report today say illiteraci remain seriou problem countri petition call govern parliament consid good servic tax tax book print word fact say uninhibit dissemin print word cornerston democraci cultur educ would affect gst therefor call liber senat reject gst reject tax read materi;Raymond John Funk;1990
3831583;mr speaker pursuant stand order today tabl petit chibougamau ride roberv recommend task forc tax benefit northern isol area signer petit reject conclus task forc tax benefit northern isol area chibougamau recogn isol area present tax benefit regim;Guy St-Julien;1990
3831586;mr speaker follow question answer today no;Albert Glen Cooper;1990
3831587;year program provid econom develop assist indian peopl amount money paid total ii saskatchewan b part total paid project origin oper reserv total ii saskatchewan part;Mr. Taylor;1990
3831588;inform follow atlant opportun agenc concern follow report show expenditur relat project identifi origin oper reserv base legal statu applic acoa record identifi aborigin statu applic individu project identifi indian band council may routin proceed;Albert Glen Cooper;1990
3831594;summer offici forestri state administr problem pay contractor tree plant step taken taken correct problem step;Mr. Gardiner;1990
3831595;summer british columbia employ standard branch princ georg offic receiv number complaint tree planter complaint reflect abnorm occurr due dissolut compani june forestri offici pacif yukon region investig issu regard tree plant administr british columbia forest resourc develop agreement frda would difficult relat complaint gener dissolut compani administr practic british columbia frda determin administr problem exist bc frda chang made administr process although implement cost share program frda adher employ standard within jurisdict provinci govern feder govern advoc work safeti condit silvicultur worker improv frda creat much employ silvicultur worker gener estim person day employ plant seedl hectar princ georg region except compani fail proport complaint employ standard branch appear unusu cf establish strengtii;Frank Oberle;1990
3831596;decemb rank privat gener includ naval equival establish b actual strength canadian arm forc;Mr. Manley;1990
3831597;see attach document;William Hunter (Bill) McKnight;1990
3831602;question enumer parliamentari secretari answer;Steve Eugene Paproski;1990
3831604;mr speaker would kind call star length respons would made order return return would tabl;Albert Glen Cooper;1990
3831605;pleasur hous star made order return;Steve Eugene Paproski;1990
3831608;sinc minist crown made speech promot meech lake accord case minist b date c audienc return tabl;Mr. Edmonston;1990
3831609;mr speaker remain question allow stand;Albert Glen Cooper;1990
3831610;shall remain question allow stand;Steve Eugene Paproski;1990
3831611;agre suppli;Some hon. members:;1990
3831614;chamber recogn histor event take place eastern europ soviet union regret lack clear polici govern defin new canadian role respons event note failur address seriou issu trade commerci relat arctic secur agricultur agreement confus minist nation defenc secretari state nato call upon govern open parliamentari consult develop independ effect polici initi foreign polici trade meet new condit said mr speaker today offici opposit take opportun present motion censur regret becom common practic develop foreign polici without public consult polici seem inclin take cue neighbour south reflect american interest repres canadian posit may remind member first meet quebec citi mr reagan mr mulroney prime minist launch initi negoti free trade agreement unit state without prior consult canadian public wors canadian kept dark develop cours negoti american could reveal strategi object econom partner american knew go qualm say tabl action plan u congress fact success sinc got abolish foreign invest review agenc sake pass legisl favour big drug compani obtain deregul transport industri realiz weight favour american trucker american railway compani obtain guarante u could count access natur resourc obtain gradual phase may suppli subsidi program canadian compani farmer want got cannot say pictur rosi side accord prime minist main goal guarante access u market achiev sinc subject retaliatori measur u congress talk unit state mexico free trade agreement seem negoti start american mexican govern want get involv prior consult parliamentari committe canadian public case south centr expand debat today mention neg aspect intern trade polici may recal mr speaker prime minist decid would becom organ american state follow first meet presid bush decis took everybodi surpris one expect offici depart extern affair see prioriti readi tackl new prioriti sinc lack budget staff deal new respons toss way prime minist en rout costa rica liber parti said time true today liber parti feel membership subject follow condit first membership substitut valid polici region mulroney govern make formal commit concret action enhanc presenc latin america caribbean form financi human resourc second govern start formul set prioriti principl guid activ canadian repres oa region exampl promot respect human right monitor situat might lead violat right provid effect aid take account respect human right environ increas effort solv debt crisi restor former level contribut inter american develop bank caribbean develop bank state point view settlement conflict region promot democrat institut govern must say govern done meet condit minist extern affair speech gave humber colleg toronto weekend set new polici europ mr speaker public consult stand committe extern affair intern trade consult insult sinc last septemb member committe deal new situat europ follow polit event soviet union eastern europ emerg singl market europ held hundr meet heard dozen wit repres opinion canadian foreign expert subject return trip observ studi soviet union east west germani prepar publish result work come day minist report stand committe extern affair intern trade made public tell new polici reject suggest may use understand want idea opinion opposit member remind dozen member parti work recommend treat cavalierli minist event mr speaker must say read minist speech find respect remind montreal mcgill univers februari announc intent examin european polici view defin interest part world implement strategi serv interest state sinc trade account per cent gnp unif western european market utmost import canadian employ prosper huge untap market eastern europ may prove veiy promis long term mr speaker wait month say besid would suggest conclus concern nato conserv may acknowledg natur nato play polit role would mirror europ new realiti declin militari mission nato must seek secur arm control much energi sought secur militari deploy minist conclud say strong militari mandat nato valid presenc canadian american troop europ remain essenti see mr speaker commit toward europ call militari presenc respect govern take enlighten approach speak must say minist propos confer secur co oper europ interest deserv promot minist made vagu refer csce assembl parliamentarian would prefer hear european council wish minist would announc appli membership european council work make european council parliamentari wing confer secur co oper minist said interest europ real contemporari imper well said may remind lack resourc depart ask scale minist financ put tremend pressur depart reduc spend think may bite chew minist expect diplomat human minist given major action plan ensur futur presenc europ afraid object met treat europ way treat fourteen bilater agreement sign mr mulroney moscow last novemb think clear oper hold deplor govern total lack initi failur follow issu liber parti issu press releas occas suppli presid gorbachev visit ottawa would like quot paragraph liber feel invalu assist support presid gorbachev effort reorgan soviet economi provid democrat polit system revit soviet societi diplomat presenc countri tangibl symbol commit respect presenc equal task sorri see govern open new consul kiev deplor fact consul leningrad want conserv govern provid signific increas number diplomat post moscow present staff fewer adequ consid demand aspect canadian soviet relat impress given canadian soviet relat prioriti conserv govement liber feel intoler situat correct possibl previou liber govern right pierr elliott trudeau sign unpreced agreement scientif co oper arctic soviet union liber happi see agreement co oper arctic sign prime minist visit moscow last novemb said disappoint implement agreement lag urg minist take step advanc dossier regret mulroney govern reluct engag seriou talk soviet union secur arctic arm limit sinc propos multilater arm limit system arctic liber mulroney govern respond soviet indic interest arm limit arctic liber parliamentarian visit ussr concern learn countri plan locat nuclear test field arctic urg presid gorbachev refut entertaim notion feel would jeopard arctic fragil environ consist statement made opportun demilitar arctic sign gener nuclear test ban treati suggest main item relat ussr minist make effort convinc soviet leader chang mind conclud mr speaker may say foreign polici usual fact polici react ini necess major polit chang foreign polici unimagin forefront intern polit may suppli scene influenc event react true foreign polici true area nation defenc intern develop need tell defenc polici white paper tabl minist defenc relev pile paper govern thrown wast basket done noth develop new defenc polici true white paper intern develop implement tori govern intern commit third world noth proud fall short proverbi generos canadian littl colleagu northumberland discuss greater detail govern sold variou group canadian oper develop countri face tori connect blatant violat human right sever govern recipi canadian foreign aid mr speaker un secur council use posit council extrem caution wonder govern realiz major role play respons present secur council origin independ liber initi govern move today motion blame govern;André Ouellet;1990
3831615;mr speaker pleas opportun discuss foreign polici hous although confess puzzlement time content motion refer good friend spokesman liber parti motion europ spent good part time talk unit state colleagu etobicok lakeshor suggest send map relat unit state import want make point good friend world larger unit state govern focus foreign polici recognit import relationship might neighbour larger world work motiv polici motion alleg lack effect polici initi foreign polici last day welcom secretari gener unit nation came express appreci contribut central world organ vice presid european commun part deliber process high level meet commun initi govern host first visit year leader soviet union world chang soviet union europ south africa central america cambodia mexico latin america larg pursu activ effect canadian foreign polici front welcom suggest parti initi consid background foreign polici proud defend world let deal briefli refer parliamentari consult think govern make littl use member parliament foreign polici tri chang practic consid seriou propos member might make role enlarg receiv invit stand committe go discuss result deliber look note mr speaker last week went committe ask announc polici today ask announc want indic area agreement tell diplomat depart overwork overwork hardi may peopl great imagin ingenu dedic countri believ period limit resourc capac effect wide varieti front suggest liber parti list issu back would prepar look list must say great deal sympathi spirit consult parliamentarian minist energi mine resourc met morn colleagu return visit aecl facil romania said accept meet member stand committe discuss recent trip soviet union report hous last week stand committe ask could increas contact canadian soviet parliamentarian discuss arctic matter made propos mr shevardnadz tuesday agre augment activ co oper place includ part result discuss stand committe discuss implic environment shift greater degre soviet nuclear test arctic region prepar act similar dispatch practic propos colleagu might make central issu discuss meet prime minist deputi prime minist presid gorbachev mr shevardnadz soviet deputi chairman council minist mr maslukov high prioriti countri assign enlarg co oper neighbour nation share widen rang common interest mutual prioriti demonstr fact last month prime minist mr gorbachev held set long person face face discuss shevardnadz visit consult period februari may accept invit return moscow fall maintain momentum second affirm strong support profound econom polit reform soviet union discuss practic way suppli help chang cocom rule help boost soviet integr world econom system joint ventur add sign canadian soviet attract arrang encourag immedi deliveri canadian agricultur product discuss new agreement regard fisheri tourism health educ exchang third made case contribut stabil throughout europ unit germani involv institut like nato european commun heard understand case soviet need see evid chang nato believ institut adapt new realiti europ prime minist said yesterday work ensur articl nato polit articl propos central nato fourth discuss detail measur soviet union agre strengthen process relev confer secur co oper nation outer end europ special interest common interest develop strong institut defin unit larg europ vladivostok vancouv island prime minist rais seriou situat baltic state repeat expect would crackdown issu sensit everyon acknowledg resolv negoti welcom mr shevardnadz assur soviet union intend seek polit solut disagr whether relat matter consid intern extern translat mr speaker year revolut europ mark begin reconstruct new societi new institut must built start revolut produc fundament repercuss european contin north america languag famili histor tie contin reflect europ may suppli across atlant govern undertaken review polici concern europ interest europ motiv histor reason nostalgia desir charit stake prosper europ way pursu interest must chang order reflect new secur environ emerg increas author uniti western europ uniqu asset link europ contribut north atlant allianc contribut involv station germani thousand canadian servicemen women risk live name freedom militari contribut bound decreas organ primari role protect potenti agress examin role agress becom like circumst natur nato take polit role reflect new realiti europ wane militari support chang serv canadian interest must review aspect nuclear convent strategi make littl sens retain short rang nuclear weapon base europ target new friend poland czechoslovakia east germani make littl sens maintain militari strategi base scenario surpris attack across front longer exist surpris possibl make littl sens continu retain europ largest peacetim deploy militari forc histori world deni continu requir prudenc militari stabil time histor chang possibl instabl soviet militari capac remain substanti therefor strong militari mandat nato continu valid north american commit europ repres presenc canadian american troop crucial strive strateg stabil lower level militari forc import nato becom engag dynam new secur dialogu field arm control disarma nato develop enhanc capac role confid build verif activ dedic multin forc ground might deploy purpos nato look establish verif centr co ordin activ addit nato move rigid forward defenc flexibl approach involv mobil unit includ forc multin natur nato endur valu limit function mandat membership institut role must enhanc transform central among confer secur co oper membership comprehens encompass nation europ north america soviet union mandat extend across board role csce must expand becom draw board new european architectur complement nato csce becom true instrument co oper secur would supplement deterr reassur csce lack institut framework requir effect ongo cooper confid build believ continu polit direct highest level requir propos csce meet level foreign minist year level head govern polit bodi could serv begin council european co oper futur perman forum dialogu pan european question csce develop forum reflect democrat charact membership therefor propos establish csce assembl parliamentari deleg may state would meet regular basi discuss issu common concern secur area csce role mandat round convent forc reduct talk talk conduct among member csce member nato warsaw treati organ csce increas role verif confid build crisi prevent conflict resolut could involv creation mechan facilit dialogu conduct fact find investig requir recommend strategi resolv crise whether mediat arbitr peacekeep crisi develop conflict csce initi mediat activ activ could support perman institut peac settlement disput could provid valuabl expertis beyond secur field csce build upon principl contain helsinki agreement essenti structur democraci becom common commit csce member includ right free elect rule law plural legitim throughout csce process right minor freedom religion prohibit hate propaganda econom dimens csce may valuabl role futur build tremend success recent bonn econom confer success way particip wide rang canadian includ privat sector made import contribut duplic exist effect econom institut room growth encourag co oper dialogu believ perman csce forum econom dialogu supplement emerg work oecd worth seriou consider nato csce complementari institut build new europ institut european commun central europ futur ident prosper suppli european commun welcom fundament pillar intern system unit europ engin prosper trigger enhanc trade increas co oper polit field secur field ensur european consensu co ordin way enhanc intern stabil mr speaker wall divid europ cannot supplant wall around imperm bloc cannot replac new bloc whether trade secur polit matter open dialogu co oper today new europ must open europ open west open east cours european commun trade nation profound interest question foreign polici subject european polit co oper reason propos new intens relationship european commun propos regular meet prime minist presid european council supplement regular depth discuss canadian foreign minist foreign minist incom presid regular meet expert issu common concern addit propos exchang prioriti begin presid would set agenda upcom period attract propos made west german minist han dietrich genscher eec north american declar would confirm share principl interest open enhanc co oper mr genscher made propos ottawa broad reaffirm tran atlant relationship would judgment use trade challeng acut govern announc europ strategi help canadian industri prepar opportun demand singl european may suppli market present trader believ may virtu conclus uruguay round trade negoti examin desir formal open trade agreement european commun includ unit state member oecd think would someth worth consid end uruguay round new direct expand role csce intensifi relationship european econom commun institut pillar new polici toward europ polici toward europ hing futur new europ continu success reform way soviet union eastern europ reform long way go promis becom realiti sir may say part reason import public reaction evid street capit citi mr gorbachev sent messag encourag support ordinari peopl man undertak extraordinari difficult reform think task construct democraci open market economi ground unpreced west abid interest see east succeed support soviet integr western econom system prime minist propos leader accept chairman summit meet debrief mr gorbachev help achiev statu gatt look way becom part intern econom system mr shevardnadz thank yesterday support soviet membership new european bank support observ statu gatt last year establish program assist poland hungari effort econom reform time intern effort focus first instanc poland hungari expand includ new democraci emerg european revolut week countri co ordin program hungari poland meet broaden effort includ countri support initi announc expand nation program short term particip european bank reconstruct develop establish task forc central eastern europ elabor detail expand assist program administ program co ordin privat public sector activ task forc begun intens seri consult canadian group individu encourag particip practic concret way ask advic initi might undertak assist eastern europ matter dump larg amount money hand new govern import effect provis expertis train manag train decis maker teach tool democraci encourag privat sector invest specif project enterpris task asset avail nation multicultur commun ten canadian soviet eastern european ancestri busi asset trade asset know custom know decis maker know system know languag want canadian exercis natur advantag tell help better pursu opportun lifetim polici outlin today address europ transit polici must evolv region address look opportun discuss member stand committe specif propos evolut occur europ static canadian polici static may engag new europ luxuri necess must sake secur prosper;Charles Joseph Clark;1990
3831616;mr speaker think minist realiz want give opportun make speech elous common made weekend humber colleg toronto pleas see took advantag today debat go main compon polici develop new situat europ believ essenti put document public forum across countri want thank minist agre continu dialogu member parliamentari committe discuss futur polici avi new europ would like short convers secretari state extern affair soviet counterpart mr shevardnadz minist rais issu current sever shortag medic suppli lithuania could minist tell whether soviet author prepar let ship drug hypoderm kind medic equip seem short suppli present time;André Ouellet;1990
3831617;mr speaker rais matter mr shevardnadz said report problem abl end medic suppli ake mr shevardnadz give indic whether canadian want send medic suppli hospit soviet union lithuania would free cours usual limit tariff thing like unusu obtacl mr shevardnadz ad might instanc canadian might wish send certain item help certain group soviet commun said problem hope could discuss gave suppli word would will deal problem think mr shevardnadz answer encourag believ indic determin open benefici relationhip soviet union;Charles Joseph Clark;1990
3831618;matter mr speaker minist repeat assert receiv mr shevardnadz number occas crackdown point would like minist respond point blockad becom form crackdown thing hit peopl head employ militari forc point cannot home refriger food diabet cannot get insulin peopl need oper cannot life save oper threat infect epidem proport must call crackdown differ sort would encourag govern forc possibl say countri accept view militari crackdown noth unaccept happen know govern protest blockad et cetera say becom bit strang accept assur crackdown time know go commun minist health lithuania lithuanian offici health depart week situat becom critic one die result shortag happen blockad lift lift soviet want impress upon lithuanian depend soviet oil thing creat situat diabet cannot get proper medic proper needl et cetera thing altogeth bring disreput soviet posit respect want anyth unaccept lithuania may suppli;William Alexander (Bill) Blaikie;1990
3831619;mr speaker appreci know phrase concern encourag satisfactori develop lithuania allow soviet union maintain process reform someth support would make comment agre seek undertak substanc semant cannot answer pose crackdown becom crackdown comment made spirit hous second regard signific rais mr shevardnadz concern express medic suppli said would problem canadian send hospit soviet union medic suppli need intend follow said colleagu papineau saint michel encourag fact went step said natur problem kind soviet union lithuania go concern aris countri like gave undertak would work matter drawn attent see could agre seriou second tri resolv kind obstacl third point would like make issu impress receiv impress think reflect public comment prime minist prunskien meet mr gorbachev think profound agreement leader lithuania soviet union import reform gorbachev regim undertaken mr prunskien among activ support recognit real dilemma impress give impress comment discuss prime minist mr gorbachev soviet look time resolv found interest yesterday airport mr gorbachev made refer situat caledonia fact situat evolv decad evolv minut day think import seek assur perspect approach evolut lithuania think hope sign other thought seen recent day hope maintain co oper issu;Charles Joseph Clark;1990
3831620;mr speaker want compliment secretari state extern affair state polici clear concis manner hous would like transpir discuss last day friend soviet union respect grain sale grain contract forthcom juli think year import area minist repres import st lawrenc seaway vital transport link countri import port thunder bay perenni winner contract friend soviet union;Joseph R. (Joe) Comuzzi;1990
3831621;mr speaker deputi prime minist number offici opportun yesterday hour hold extens discuss mr shevardnadz mr maslukov soviet deputi chairman council minist involv new econom program discuss tri achiev obstacl see might help would surpris deputi prime minist capac minist agricultur rais possibl look reason credit term could stretch time would allow immedi sale canadian wheat canadian flour canadian veget oil could deliv soviet union take account problem encount result immedi public reaction reform introduc may senior offici soviet depart agricultur sent moscow washington ottawa carri discuss direct canadian minist agricultur;Charles Joseph Clark;1990
3831622;mr speaker welcom opportun today speak particular motion give rare opportun talk length canadian foreign polici hous respect would like begin comment claim made consult member parliament lack thereof come make foreign polici feel minist intent realiz bring member parliament debat foreign polici take hous previou minist foreign polici known tend make statement hous way minist fact remain extern affair committe parliament gener aggriev way polici respect join oa arriv execut decis parliamentari consult think complaint parliamentarian extern affair committe come experi knowledg confront govern capac make major foreign polici decis like without come think remain outstand grievanc papineau saint michel spoke earlier comment free trade agreement thing relev motion cannot resist remind preliminari discuss free trade agreement american ambassador time took place auspic liber govern main consult process respect canadian economi head royal commiss appoint liber govern person head promin liber ignor advic liber parti came accept recommend free trade agreement unit state culpabl offici suppli opposit lament go unremark;William Alexander (Bill) Blaikie;1990
3831623;utter gibberish;Peter Andrew Stewart Milliken;1990
3831624;touch nerv mr speaker part motion would like address confus govern polici think part may respons term question ask hous confus secretari state extern affair appear say certain kind nuclear weapon europ minist nation defenc said hous matter go memori respect minist speech last saturday repeat today said make much sens short rang nuclear weapon aim peopl new democraci eastern europ claim share lot parliamentarian includ mani canadian seem kind rais hous would confid secretari state extern affair say reflect govern polici minist nation defenc pour cold water idea said someth like someth see logic consid give standard nato line mix weapon kept peac year cetera know line anyon tri establish whether someth govern consid seem govern could address concern minist rais today concern prime minist rais speech yesterday presenc mr gorbachev spoke soviet union secur concern natur futur nato way west case canadian leadership could demonstr soviet union nato way becom someth way case may would make decis case canadian may suppli decis part test particular kind weapon talk kind test gone cruis missil test advanc cruis test request may come futur nato chang natur refer tactic air surfac missil modern nuclear weapon may come forc replac ground base missil lanc successor cancel minist could remov thorn side respect public opinion someth lot peopl would prais ele could give appropri signal soviet union could deal canadian public opinion go sustain support nato import signal nato chang role send import signal soviet union say respect forward defenc minist mention forward defenc understand wrap whole low level flight train labrador point debat locat new nato train base goos bay fact remain kind low level flight continu exist contract variou nato countri low level flight train lot train goe forward defenc strategi nato strategi govern think ought phase abandon result need chang nato postur could seem show leadership wait nato say want anymor posit say someth want part made decis appropri signal need sent soviet union want low level flight train exist labrador innu territori stop mr speaker respect nato would like address germani nato listen minist say seem signal need sent respect nato nato extent continu exist exist transit concern minist said nato endur valu think institut endur valu except church noth endur valu side eschaton talk nato extent ought endur particular purpos time absorb new secur architectur europ minist spoke respect accept analysi csce nato complementari institut would prefer heard minist talk csce fora discov creat agre upon new architectur nato absorb disappear know mistak keep talk complementari endur institut without set context process see evolv someth evolv exist warsaw pact intent purpos would like refer germani speaker said hous think mistak discuss germani ask whether neutral whether part nato way speak germani assum divid europ captiv cold war languag cold war think sens neutral mean neutral opposit pole languag neutral assum think someth soviet think assum continu form polar europ long time come talk germani nato assum bipolar way speak captiv post war languag look post post war languag rais whole debat nato germani nato accept argument everyon interest germani sort freelanc europ need talk may institution new germani within wider european context think done within unless talk differ nato nato way becom someth differ nato way absorb common secur structur europ whether vaclav havel european peac order gorbachev common european home ural atlant minist said vancouv vladivostok think way need think futur secur arrang europ hope prime minist secretari state extern affair mind mind yesterday reput tri find way satisfi soviet union secur concern germani nato happen nato talk differ militari polit postur way postur could chang would accept recommend made respect short rang nuclear weapon respect forward defenc recommend sync minist appear think would hope point govern would abl make kind decis soviet union secur concern root psych soviet peopl thing think struck member extern affair committe heard prime minist refer yesterday speech way affect visit cemeteri leningrad peopl buri cemeteri fraction peopl kill sieg leningrad peopl buri mass grave grave first thing young coupl marri soviet union come monument place flower someth notic canadian coupl cenotaph across nation pick root whole soviet conscious realiti war fear war take say suppli want war think know lot someth appreci final comment whole nato issu look win win situat europ want situat expand nato keep aggress polit militari postur want eastern central europ polit secur vacuum speak incorpor way western commun isol soviet union feel lost buffer zone soviet union europ would result situat soviet lose war becom isol sens econom reform difficult continu difficult difficult west europ take wrong attitud toward soviet union say unit germani czechoslovakia hungari everybodi come fold hell soviet let stew juic attitud note peopl europ danger attitud say let countri ten thousand nuclear weapon stew juic want see countri kind militari hardwar chao whether chao provok econom advers ethnic rivalri whatev case may think would anyon interest hand think need see event soviet union posit way portray media instanc day bori yeltsin elect head russian feder news said mr gorbachev enemi elect mr gorbachev polit oppon go accept democract polit plural soviet union need begin speak polit event soviet union way compar way speak event dramat fact peopl soviet union agre case anybodi notic canadian great time agre suppli last littl need chang way perceiv event soviet union would like say word arctic concern hear nuclear test shift kazakhstan place call think severnaya zemlya arctic disturb learn look test gone someth like year atmospher test rais whole comprehens test ban need get board nation world tri get confer auspic partial test ban treati get comprehens test ban treati without peopl test north test south parti accumul radioact planet good reason concern would urg prime minist secretari state extern affair use new knowledg go arctic urg american soviet american respond soviet moratorium test place reconsid view respect test naval arm control element arm race neglect left speech neglect real polit intern effort concern met someon greenpeac yesterday know go becom focu peac movement think minist respond use opportun get get naval arm control arm control agenda succeed everyth ocean teem submarin hard verifi hard detect full multipl nuclear warhead increas safeti planet see make funni movement speaker;William Alexander (Bill) Blaikie;1990
3831625;funni movement time expir unanim consent allow extra time agre;Steve Eugene Paproski;1990
3831627;wrap thing know wrap thing right point peac dividend address mani peopl seiz opportun europ turn new era intern co oper common secur way divert massiv resourc consum decad build arm caus save environ caus bring third world debt ridden neg econom circumst find need liber resourc captiv arm race luxuri use word secretari state extern affair necess way human commun go climb hole dug last year arm race environment degrad global econom system continu disadvantag third world either climb hole becom grave govern secretari state extern affair tremend respons canadian secretari state extern affair respons reput world statur need peacekeep peacemak final analysi think new time find histori opportun break mould seiz element tradit worthi term extern affair get busi say thing need said way world chang help thing happen fullest extent possibl mean odd friend anyon world someth sake futur;William Alexander (Bill) Blaikie;1990
3831628;mr speaker make brief comment might comprehens test ban agre aspir disagr respect confer whether confer would product counterproduct despit reserv present confer repres ambassador may instruct everyth make construct second want assur hous govern consid evolut snf polici refer nato whole discuss recent meet kananaski discuss meet colleagu minist nation defenc attend brussel last week agenda turnberri scotland nato meet wednesday next week take part discuss remov allianc consensu tri shape affect allianc consensu repeat understand say soviet attitud said need proof chang talk nato happen fact think opportun occur summit nato leader schedul earli juli london prime minist govern look summit tri give evid kind chang futur nato believ talk institut complementari think nato necessari import see want get discuss theologian endur would interest look opportun carri discuss issu point would make institut forc shape event import institut get event lose effect action taken design construct opposit effect;Charles Joseph Clark;1990
3831629;mr speaker expand point tri make nato behaviour postur think minist remark reflect longest time wonder west whether suppli chang soviet union real think everyon come accept real think soviet union similar posit point believ chang attitud west toward real suggest minist way convinc minist use familiar argument want shape polici cetera act point would make return govern least go say think test deploy particular weapon would wrong canadian goal persuad nato partner nato countri done year taken posit may win argument made clear public posit public readi understand failur persuad other failur take posit say respect need continu canadian role europ accept minist analysi claim cannot afford relat europ concern result increas american relationship oa free trade agreement et cetera would like see maintain relationship europ order balanc foreign polici measur govern taken leav minut continu canadian public support canadian role new europ go exist extent canadian public feel involv europ differ goe beyond old involv sure took poll whether take canadian troop europ polici would get lot support minist look continu public support canadian role europ demonstr canadian public role differ point think done may;William Alexander (Bill) Blaikie;1990
3831630;mr speaker think colleagu friend new democrat parti rais import point concern futur role exist nato follow line reason use secretari state extern affair seem obviou nato exist militari rational face enemi use minist term pole czech hungarian east german friend longer threat fundament must whether continu pretend think russian enemi light conserv govern initi prime minist visit soviet union sign agreement presid gorbachev visit think consid soviet enemi basic issu nato present futur role know member nato insist allianc member act co ordin fashion minist repli comment new democrat colleagu canadian govern want isol nato partner think conserv posit govern courag stand break new ground make comment light mr gorbachev statement yesterday made stern warn unifi germani presid gorbachev warn western alli excess pressur bring reunifi germani nato could compromis new east west relationship nato major militari psycholog barrier new friendli relat east west would like say think canadian govern new attitud new develop eastern europ particular;André Ouellet;1990
3831631;mr speaker think mani respect answer throughout cours speech canadian posit seiz new opportun independ polici within limit govern see term polici accept view matter polici disagre take independ posit govern might take independ posit agre think polici independ posit take posit take concert other behind close door speak think minist move direct speech gave saturday hope sign thing come meantim problem minist nation defenc seem cotton way think would hope hear govern speak voic voic speak new direct new think secretari state extern affair standard old nato routin get minist defenc;William Alexander (Bill) Blaikie;1990
3831632;clock leav chair clock day p hous took recess;Steve Eugene Paproski;1990
3831635;mr speaker rise today pay tribut colleagu outremont present morn annual award profession corpor psychologist quebec outstand contribut develop psycholog mark outstand leadership outremont field industri organiz psycholog provinc quebec numer initi accomplish contribut emul colleagu vocat may dissemin ad prestig profess enhanc imag psychologist administr corpor profession psychologist quebec adopt award annual merit prize translat mr speaker hous proud colleagu congratul well deserv award credit profess parliamentarian;Marie Gibeau;1990
3831636;hear hear;Some hon. members:;1990
3831638;mr speaker today celebr world tobacco day tobacco lead caus prevent diseas world today world health organ estim present tobacco use trend continu children aliv today die tobacco induc diseas theme world tobacco day year grow without tobacco essenti children protect detriment effect tobacco health vast major smoker start smoke teen prevent young peopl start smoke day elimin tobacco societi tobacco industri attempt encourag smoke young peopl packag cigarett smaller cheaper kiddi pack develop new type cigarett feder tax loophol tax lower rate urg feder govern protect young peopl prohibit sale tobacco minor introduc measur control vend machin give children easi access deadli drug children health live import profit tobacco industri;Lynn Hunter;1990
3831640;mr speaker world health organ design may world wide day without tobacco year focus threat health children youth chosen grow without tobacco slogan day quot travel interior part north america appropri found without pipe mouth habit acquir infanc much surpris upon go hous larg famili boy find youngest father smoke nay year old pipe mouth come long way sinc term health care health promot battl health effect tobacco smoke accord u studi per cent high school senior smoke first cigarett grade per cent first cigarett grade per cent first cigarett grade canadian die diseas caus tobacco would hope tobacco day help rais conscious young peopl easier start smoke quit smoke;David Charles Dingwall;1990
3831642;mr speaker behalf peopl parrsboro cumberland counti want recogn effort minist cultur minist commun presid treasuri board minist public work arriv cost share formula provid feder portion fund fossil museum project parrsboro nova scotia conjunct acoa feder depart provid feder fund allow project proceed turn foundat tourist industri elimin need send uniqu fossil unit state research provid employ area limit opportun may view best invest feder govern made;William D. (Bill) Casey;1990
3831644;mr speaker concern canadian tourism industri effect govern polici pend good servic tax industri may consum corpor affair committe repres tourism industri said industri damag implement gst price hotel restaur entertain sport activ tour packag forc caus fewer intern travel choos destin push canadian want travel holiday lower price u tourism market said industri estim reduct tourism relat job gst mr speaker sinc tourism mean much futur canadian region economi like repres northwest saskatchewan call govern scrap gst provid leadership support request vital vibrant industri;Leonard William (Len) Taylor;1990
3831646;mr speaker draw line determin elig difficult case canadian firefight disqualif retir august receiv exemplari servic medal seem unfair creation medal appropri effort grandfath retir met posit respons govern hous result firefight refus wear medal other return reason tabl motion second progress conserv mp support mani seek opinion hous governor gener amend regul firefight exemplari servic retir may award decor;Patrick Boyer;1990
3831648;mr speaker congratul order bell northern research bnr complet optoelectron laboratori advanc world largest construct laboratori expans bell northern research world headquart nepean begin summer facil bring bnr staff creat critic mass research develop expertis unparallel corpor histori bnr world leader sever differ area includ design develop advanc telecommun system microelectron photon digit system softwar main product line parent compani northern telecom number world wide other rise proud say bnr locat nepean sure canadian proud bnr commit continu global product leadership cost effici market focus research develop;Beryl Gaffney;1990
3831650;mr speaker may prime minist sign behalf govern unit nation convent right child presenc un secretari gener convent adopt un gener assembl year prepar repres major progress protect children right sinc contain number gener essenti provis guarante basic need interest address may provid protect children difficult circumst sign convent particip develop confirm support global caus mr speaker want thank prime minist provinc territori support ratif convent;Guy St-Julien;1990
3831652;mr speaker resid smallest provinc would like add voic per cent canadian oppos govern high interest rate polici best time interest rate low princ island economi strong annual growth unsteadi take major employ like cfb summersid economi get hurt high interest rate situat could becom critic farmer fishermen small busi peopl island way affect hefti increas price money govern allow take place urg govern behalf island oppos high interest rate polici see financi human toll action take act countri nation interest;Catherine S. Callbeck;1990
3831654;mr speaker today world tobacco day day organ world health organ promot idea world free tobacco use activ institut implement nation strategi reduc tobacco use result program includ increas tax implement signific piec legisl tobacco product control act non smoker health act tobacco consumpt declin per cent per cent first third former minist nation health welfar jake epp award award excel except leadership creat tobacco free canadian council smoke health world tobacco day claim place world leader control tobacco use;Edna Anderson;1990
3831656;mr speaker disappoint portag interlak condemn core area initi program without know great deal stop studi would realiz program improv educ career aspect nativ multicultur multiraci group young children senior elementari student literaci problem program cut unless initi renew go cut intern year literaci find appal hypocrit cut program year attack weakest destitut canadian goe program instat;Ron J. Duhamel;1990
3831658;mr speaker corpor welfar bum week featur week time nomine alcan aluminum limit alcan paid feder tax profit receiv tax credit profit second nomine goodyear got tax credit third nomine challeng financ paid tax profit may oral question winner envelop pleas winner alcan aluminum alcan chief execut offic david culver led corpor sector fight free trade deal made alcan found plenti money get trade deal pay mr culver pay fair share feder tax make alcan corpor welfar bum week;John R. Rodriguez;1990
3831660;mr speaker accord latest gallup poll per cent canadian will pay incom tax surcharg help protect environ good news indic high level public concern bad news govern might tri exploit public concern levi unnecessari green tax govern consid environ tax reform process would need contempl environment surcharg regress gst progress tax system encourag green consumpt product cut pollut easi green govern tri minist financ see green light;Hon.   Chas. L. Caccia@Davenport;1990
3831662;mr speaker statement made saint mauric regard premier peopl newfoundland unfortun repeat word would serv use place kind languag great nation debat word spoken emot anger want say saint mauric demonstr today courag decenc requir apolog premier peopl newfoundland remark known colleagu transport committe year know remark made charact accept apolog nation debat ongo day understand sensit must demonstr emot anger hope quick apolog saint mauric accept apolog premier believ peopl newfoundland word exampl nation particular first minist begin import deliber weekend day;Brian Vincent Tobin;1990
3831665;mr speaker act prime minist today minist nation revenu unveil new propos collect gst certain small busi minist effect admit govern origin propos administr nightmar small busi fact unwork propos today chang plan govern want collect gst per cent groceri conveni store sale govern continu say tax food want collect groceri conveni store flat rate gst sale includ basic groceri;Herbert Eser (Herb) Gray;1990
3831666;mr speaker think leader opposit read document present morn minist nation revenu way food tax said fact matter store proport per cent per cent food work hard bring figur data make sure help small busi work better way gst think may good news small busi consult busi onsid;Pierre Blais;1990
3831667;mr speaker minist nation revenu said outsid hous minist said hous good news consum notic minist say food would tax noth propos today prevent retail cover mark inventori shelv amount equal gst collect mr speaker govern tell intend tax good sold certain groceri conveni store includ foodstuff ask minist whether prepar admit new project tantamount slap tax food;Herbert Eser (Herb) Gray;1990
3831668;mr speaker noth simplifi process known appli store sale exceed;Pierre Blais;1990
3831669;bunch bull believ say;Joseph Frank (Joe) Fontana;1990
3831670;wish colleagu would let conclud remark say abl;Pierre Blais;1990
3831671;stop throw bull might listen;Joseph Frank (Joe) Fontana;1990
3831672;govern listen small busi coast coast listen small busi tell simpler process calcul tax mr speaker simplifi process appli store given percentag good subject per cent tax light survey made figur know possibl make easier busi pay tax collect govern oral question might add colleagu minist nation revenu meet retail council toronto satisfi approv measur taken govern mr speaker;Pierre Blais;1990
3831673;mr speaker minist fail even mention canadian consum propos minist nation revenu today make gst easier canadian pay per cent everyth buy wors busi opt new scheme told minist nation revenu show gst sale receipt anywher happen govern commit visibl govern ceas tri tax visibl govern propos band aid solut unfair tax major surgeri cannot save govern scrap tax go draw board;Herbert Eser (Herb) Gray;1990
3831674;mr speaker visibl hypocrisi opposit parti refus admit per cent tax levi year invis canadian begin appreci govern measur ralli support retail council consum associ mr speaker consum see govern act interest canadian opposit parti behav like hypocrit;Pierre Blais;1990
3831675;mr speaker direct deputi prime minist minist nation revenu admit today gst administr nightmar govern unabl collect conveni store decid gst rate appli basic foodstuff whether per cent per cent may oral question govern continu make life difficult peopl creat job;Alfonso Gagliano;1990
3831676;mr speaker measur govern announc morn develop follow consult small busi across nightmar dream friend took time check document distribut member offic would realiz meant make comput lot simpler mr speaker understood sinc last august follow consult would take account represent made retail industri file simplifi form small busi find lot easier submit report month tax collect send money govern simpl process abl grasp;Pierre Blais;1990
3831677;mr speaker minist financ announc gst said import new tax simpl gst simpl tax minist nation revenu today announc flat tax rate method remit gst govern listen john bulloch presid canadian feder independ busi said scrap gst;Alfonso Gagliano;1990
3831678;mr speaker would like provid figur easi small busi sale less per cent sale;Pierre Blais;1990
3831679;calcul per cent;Alfonso Gagliano;1990
3831680;would allow answer;Pierre Blais;1990
3831681;oh;Some hon. members:;1990
3831682;question ask answer expect answer allow minist;John Allen Fraser;1990
3831683;mr speaker realiz govern knew administ public financ differ per cent per cent food sale may difficult understand peopl knew basic govern administr find difficult understand conclud may say small busi told want respond today retail council agre satisfi measur taken today;Pierre Blais;1990
3831684;mr speaker deputi prime minist march prime minist said speech commonwealth caribbean leader interest possibl establish textil outward process facil accord press report today prime minist continu take person interest give canadian job textil industri women job immigr women job countri deputi prime minist today reassur women job given sacrif altar prime minist trade agenda;Dawn Black;1990
3831685;mr speaker make commit might say recent report canadian intern trade tribun came tariff textil fact help garment industri help garment industri tariff brought lower level major consider taken report may answer ye assur garment industri remain viabl need job;John Horton McDermid;1990
3831686;mr speaker minist respons leav confus march prime minist made remark mani women proud job prime minist seem will give countri prime minist way altern lower pay job satisfi job job vulner women minist profess work best interest immigr women first one first line attack govern want give job canadian market foreign market;Dawn Black;1990
3831687;mr speaker base newspap articl read today name feder offici say report come comment someth like would foolish prime minist countri promis job job job new job creat countri period time per cent went women per cent full time perform;John Horton McDermid;1990
3831688;mr speaker minist deni feder govern prepar term refer formal studi system similar controversi u system ship part assembl plant maquiladora relat garment industri minist deni studi prepar govern;David Barrett;1990
3831689;mr speaker awar studi sort;John Horton McDermid;1990
3831690;mr speaker may true minist awar somebodi govern oral question give answer direct deputi prime minist confirm govern instruct prime minist prepar refer intern trade tribun would recommend form maquiladora system would effect shift job garment industri low wage job caribbean sew area keep cut job male industri get verif establish govern posit intend problem let get answer tabl;Lloyd Axworthy;1990
3831691;mr speaker paper prepar would refer canadian intern trade tribun would hold public hear give canadian input discuss go undertaken time canadian walk life includ garment industri would ampl opportun make represent like studi tariff schedul textil;John Horton McDermid;1990
3831692;mr speaker want say minist understand kind propos creat enorm uncertainti worker garment industri particular consid real gender split women immigr women work sew part busi work cut part busi want know end uncertainti govern propos kind deal set maquiladora system caribbean go consult union worker involv give assur job lost thrown scrap heap like govern thrown mani worker fta;Lloyd Axworthy;1990
3831693;mr speaker know fight fta lost battl fight may oral question let answer say peopl would given opportun comment make represent propos came would given opportun;John Horton McDermid;1990
3831695;mr speaker direct minist state extern affair yesterday presid gorbachev warn western alli excess pressur reunifi germani join nato could jeopard new east west relat suggest sensit soviet posit tri present new origin western counter propos minist awar messr genscher mitterand drawn differ scenario could minist tell hous think whether convinc need develop new compromis west propos sinc discuss start concern reunifi germani;André Ouellet;1990
3831696;mr speaker think evid concern part soviet union peopl govern soviet union regard extern implic unif germani prime minist said yesterday remark luncheon mr gorbachev import sensit understood respond consid view import step toward resolv would nato take action demonstr reform nato talk fact achiev path pursu pursu colleagu minist nation defenc colleagu recent meet kananaski brussel discuss yesterday mr gorbachev prime minist discuss today debat provok motion believ kind action reflect summit meet nato earli juli london make possibl concern soviet union understand met;Charles Joseph Clark;1990
3831697;mr speaker minist aspect discuss presid gorbachev prime minist concern lithuania yesterday presid gorbachev said ussr would solv lithuanian crisi way exclud strictest measur mean canadian govern ask soviet lift econom blockad know decre month might presid reject suggest;André Ouellet;1990
3831698;mr speaker comment make may help prime minist rais approach soviet union lithuania baltic state mr shevardnadz said report hous intent soviet union resolv disagr polit mean whether disagr concern matter regard intern extern comment made context discuss lithuania rais mr shevardnadz whether blockad medic suppli said thought blockad gave understand canadian want send medic suppli hospit soviet union includ lithuania would unusu obstacl put path went say appreci concern kind regard commod medic suppli aros thought quickest way deal would establish arrang would may bring concern attent would tri resolv;Charles Joseph Clark;1990
3831700;mr speaker direct deputi prime minist toronto better busi bureau support vancouv better busi bureau said govern use radio advertis hawk gst describ fals mislead kind would toler privat enterpris govern go stop behav like snake oil salesman withdraw ad honest canadian peopl;Howard Douglas McCurdy;1990
3831701;mr speaker read mr paul tuz letter accus great interest obviou read written understand manufactur sale tax countri today oper peopl servic industri pay tax pass consum manufactur sale tax servic industri say newspap advertis radio advertis mislead replac manufactur sale tax feder sale tax replac new tax;John Horton McDermid;1990
3831702;mr speaker minist like fool rest say new tax addit tax want know would buy use car govern say new tax new tax new revenu new revenu new taxabl new taxabl govern go come clean give true stori canadian peopl least tri fool oral question;Howard Douglas McCurdy;1990
3831703;mr speaker unlik new democrat parti conserv parti nation auto industri buy use car would ndp though sure;John Horton McDermid;1990
3831704;speaker week ago rose hous ask govern withdraw mislead radio advertis gst direct minist consum corpor affair today better busi bureau toronto vancouv ask govern withdraw ad call ad offens inaccur sent letter crtc ask take action mislead advertis remov canadian airwav minist take action withdraw offens inaccur ad;Diane Marleau;1990
3831705;liber scoop ndp answer withdraw ad accur stand behind prepar give accur inform canadian public;John Horton McDermid;1990
3831706;mr speaker know scoop stood week ask minist listen govern listen canadian canadian forc pay million million dollar mislead offens gst propaganda;Diane Marleau;1990
3831707;first mislead second canadian peopl indic loud clear want inform get call day line ask inform gst prepar give go withdraw ad matter fact go continu inform canadian public gst somebodi tell truth may oral question;John Horton McDermid;1990
3831709;mr speaker absenc minist employ immigr could put minist extern affair sinc personnel cypru increas first time christian moslem lebanes religi leader repres dozen denomin mr speaker join unpreced plead refuge minist whether would possibl reconsid establish special lebanes program interrupt increas staff immigr bureau cypru;Mark Joseph Assad;1990
3831710;mr speaker thank colleagu would answer though countri taken special measur help citizen bring rel lebanon countri sinc measur took effect lebanes arriv compar countri provid servic meet need lebanes arriv cypru march visa offic cypru issu immigr visa visitor visa ministeri permit think immigr done excel job circumst;Marcel Danis;1990
3831711;mr speaker rais matter someon job seriou problem peopl start protest rais issu religi leader ask govern stop deport lebanes nation unit state want minist whether could respond request religi leader meet minist employ immigr settl matter provid humanitarian solut marcel dani minist state youth minist state fit amateur sport deputi leader govern hous mr speaker inform absenc minist employ immigr take note transmit minist sure answer possibl;Mark Joseph Assad;1990
3831713;welcom opportun draw attent hous presenc galleri deni rocan speaker manitoba legisl assembl;John Allen Fraser;1990
3831716;mr speaker direct deputi prime minist deputi prime minist awar ontario minist cultur commun christin hart forc resign yesterday influenc involv cantel roger campaign nomin view fact compani target feder cabinet minist elect give last feder elect deputi prime minist answer whether govern inquiri pattern give compani;Rodney Edward Murphy;1990
3831717;oh;Some hon. members:;1990
3831718;mr speaker would like point preambl fact reflect situat report press peopl repres number compani activ commun industri second assur question industri first dealt crtc unitel request subject broad public debat countri assur govern may ment tend observ full integr public process initi parliament;Marcel Masse;1990
3831719;mr speaker govern overrul feder tribun past;Rodney Edward Murphy;1990
3831720;make charg;Harvie Andre;1990
3831721;deputi prime minist follow govern approv select pattern give money cabinet minist;Rodney Edward Murphy;1990
3831722;order;Some hon. members:;1990
3831723;sure second go lead would care stray difficult area use preambl place charg know know speak would care put;John Allen Fraser;1990
3831724;mr speaker tri care ask difficult unwarr heckl side govern;Rodney Edward Murphy;1990
3831725;heard lot heckl side place unwarr thought interrupt assist put;John Allen Fraser;1990
3831726;mr speaker guarante consid reaction respons part heckl direct deputi prime minist want point happen roger exampl give third total give conserv parti campaign cabinet minist select give govern investig pattern select give peopl strong influenc govern decis affect compani;Rodney Edward Murphy;1990
3831727;close allow minist respond oral question;John Allen Fraser;1990
3831728;mr speaker legisl pass parliament area elect act provis deal donat canadian contribut democrat process countri polit parti parliament pass legisl concern telecommun conduct public hear charg make respect specif appropri venu;Marcel Masse;1990
3831730;mr speaker direct deputi prime minist minist environ said would full environment review propos point aconi power station feder environment assess review offic said receiv go minist fisheri ocean depart state recommend way public review minist minist fisheri ocean could given approv recommend request cariy studi govern ask studi ye;Russell Gregoire MacLellan;1990
3831731;mr speaker monday act minist environ indic ear process would appli point know step process initi screen determin whether relev depart would initi assess second initi assess done recommend made minist environ stage think member hous know initi assess complet depart fisheri ocean process complet recommend way minist environ respect whether full may oral question independ panel struck public hear held monday minist environ made clear statement made refer need full independ panel public hear indic make clear although understood present ear process appli;Walter Leland Rutherford (Lee) Clark;1990
3831732;mr speaker govern cannot say whether made decis fisheri ocean know want technolog go recommend supplementari direct deputi prime minist agre cape breton project employ peopl safeguard job import agre time sensit site prepar start undertak environment concern call public review save time lose import project;Russell Gregoire MacLellan;1990
3831733;mr speaker find comment interest hous colleagu seem push process appli went done;Walter Leland Rutherford (Lee) Clark;1990
3831734;know done;Russell Gregoire MacLellan;1990
3831735;listen step process near end second step process whether third step appli depend upon recommend made minist environ recommend made initi assess complet;Walter Leland Rutherford (Lee) Clark;1990
3831736;mr speaker absenc minist intern trade direct deputi prime minist u beer compani launch trade action claim canadian provinci liquor law protectionist lost gatt disput matter oblig remov interprovinci barrier meet u trade repres carla hill minist intern trade said compani good case observ trade oblig minist convinc carla hill drop action provinc midst negoti agreement;Joseph Frank (Joe) Fontana;1990
3831737;mr speaker tri work industri consult provinc industri matter fact meet today offici provinci offici tri find way deal issu second task forc offici set plan address intern oblig third report outcom negoti expect end june year think friend understand govern want work provinc deal problem barrier industri provinc best give better chanc canadian compani;Benoît Bouchard;1990
3831738;mr speaker supplementari direct minist ministri offici met provinci repres yesterday fact tabl report liquor board provinci trade ministri look could minist tabl report today hous second agreement provinc crucial govern propos adjust assist packag cushion potenti loss thousand job would follow remov interprovinci barrier;Joseph Frank (Joe) Fontana;1990
3831739;mr speaker tabl report unawar second friend propos interven labour adjust program dynam approach provinc feder govern level deal provinc sector jurisdict way particular intern oblig gatt rule prov may inc make decis abolish problem control prefer approach sure friend understand best way respect jurisdict provinc;Benoît Bouchard;1990
3831741;mr speaker secretari state extern affair minist energi understand member cabinet may opportun speak member parliament went romania concern reactor site romania govern prepar announc initi inquiri entir histori aecl involv site amaz abil notic terribl thing go;William Alexander (Bill) Blaikie;1990
3831742;mr speaker colleagu secretari state extern affair opportun meet burnabi kingsway winnipeg north centr listen cover number issu public domain relat histori project safeti factor public surround possibl edc applic work condit plant gave number suggest secretari state extern affair took recommend examin decis made announc;Arthur Jacob (Jake) Epp;1990
3831743;mr speaker concern increas last hour result earthquak occur romania read winnipeg north centr assur aecl offici romania kind earthquak zone noth worri fact matter aecl blind stupid year serv need market nuclear reactor time inquiri particular crown corpor situat romania point busi hous blind stupid year want inquiri want;William Alexander (Bill) Blaikie;1990
3831744;speaker said secretari state extern affair met member;Arthur Jacob (Jake) Epp;1990
3831745;happen;William Alexander (Bill) Blaikie;1990
3831746;understand moder gave good point view respect hous keep make charg unfound latter part agreement sign govern day romanian question govern day put aecl concern seismic studi earthquak zone earthquak romania affect cemavoda point made aecl bias independ report fact independ report done time back work govern day;Arthur Jacob (Jake) Epp;1990
3831748;mr speaker mani brain heat would smart say;Arthur Jacob (Jake) Epp;1990
3831750;minist conclud remark;John Allen Fraser;1990
3831751;say independ pier review done respect seismolog respect earthquak situat go done latter make charg true;Arthur Jacob (Jake) Epp;1990
3831753;mr speaker customari thursday opposit govern tradit busi hous come week wonder leader govern could tell bill may routin proceed intend bring hous tomorrow next week;Jean-Robert Gauthier;1990
3831754;mr speaker tomorrow intent call bill c joinder count would like design monday june allot day tuesday hope call report stage bill c railway act amend point would intent design wednesday june allot day formal design follow thursday next week call second read bill c hibernia mr speaker feet may say discuss among parti think find agreement move statement minist usual understand time taken statement respons ad normal day allot day believ unanim consent;Harvie Andre;1990
3831755;unanim consent;John Allen Fraser;1990
3831759;mr speaker discuss senat murray premier past week made progress narrow issu divid meech lake accord contact premier demonstr cours crucial differ remain believ meet first minist necessari want underestim diverg remain issu seriou disput modest compar stake stake want underestim diverg remain issu disput modest compar stake stake failur would compromis capac live uniti diminish capac maintain kind prosper canadian enjoy mani decad would wast opportun close chapter constitut histori full partnership provinc confeder includ assent provinc partner confeder began would curtail opportun constitut chang import area senat reform aborigin right forese futur believ would send damag signal intern commun consequ nation well ratif accord hand would mean could turn page constitut reform get unfinish busi great import canadian would allow build solid foundat nation uniti would send signal stabil intern commun end constern mani part world go would end puzzlement anyon respect nation would fail appreci valu strength prosper world commun peopl across world troubl anyon would fail understand magnific great countri polit repress poverti famin natur disast arcan constitut debat stuff nation turmoil canadian look first minist leadership action may say polit repress poverti famin natur disast arcan constitut debat import stuff nation turmoil canadian look first minist leadership action canadian look fine word common sens respons canadian look constitut niceti common sens respons premier ghiz leader smallest provinc said canadian say save make work believ premier ghiz said save make work speak million canadian want make work polit break impass constitut way invit first minist work dinner sunday even find suffici polit truli exist discuss go continu first minist confer begin next morn dinner take place june year day believ along premier repres differ polit parti sign meech lake accord accord endors parti hous common differ occas give canadian commit know speak behalf member hous common make effort produc agreement agreement give commit canadian persever outstand constitut issu senat reform aborigin right import mani canadian across countri countri realiz unparallel promis canadian believ constitut affirm right reflect valu quebec voluntari endors exist constitut make vibrant document uniti hope futur routin proceed golden opportun sinc quebec affirm faith unit golden opportun find heart soul abil say quebec time build unifi countri;Martin Brian Mulroney;1990
3831761;mr speaker inherit great land built toler vision labour gener canadian mani member side hous common son daughter immigr leader opposit rose hous occas made move address person experi thought listen day month ago magnific splendid countri part countri part hous gener children immigr risen posit great author make clear world best sens word civil repres fundament genuin democraci;Martin Brian Mulroney;1990
3831763;inherit great land great land hous common member british columbia newfoundland labrador respons turn children grandchildren undamag undiminish bequeath nation stand unit histori human world privileg land bless hand god;Martin Brian Mulroney;1990
3831765;mr speaker offici opposit call first minist confer way break find solut constitut impass time belief call prime minist wait today call first minist confer may routin proceed know prime minist concern risk meet success mr speaker risk greater risk meet held provinci premier call meet day strongest argument prime minist wait today make announc prime minist today said invit first minist work dinner sunday even find suffici polit exist went say discuss go continu first minist confer begin next morn mr speaker step right direct step welcom sens step first time sinc premier mckenna propos companion resolut prime minist agre dialogu involv prime minist provinci premier around tabl kind dialogu involv first minist give equal opportun discuss matter matter crucial futur countri miss must say concern firm commit prime minist work dinner think canadian would got reassur announc would prefer firm commit first minist confer import question deal senat reform aborigin right right languag minor right multicultur group other mr speaker co oper govern member charest committe liber want resolv constitut deadlock earnest wish discuss premier success success benefit want see step result discuss announc today canadian want see step result discuss confirm futur countri mr speaker canadian recogn think success countri substanti compar countri world canadian want success continu increas mr speaker want success extend discuss futur countri canadian concern futur countri must work ensur continu strong prosper futur gener;Herbert Eser (Herb) Gray;1990
3831766;mr speaker welcom announc prime minist meet first minist think time set normal partisan concern wish first minist meet sunday;Lorne Edmund Nystrom;1990
3831767;hear hear;Some hon. members:;1990
3831768;hope accord die dinner tabl new deal prime minist inform involv canadian peopl much reason way possibl throughout process issu stake uniti countri winner end must could import meet first minist countri held year histori must set partisan concern make sure agreement suppos messag time mr speaker premier realiz premier premier provinc differ part countri premier must forget first foremost canadian interest must come may second say prime minist prime minist must prime minist must one lead speak prime minist must behalf rise occas find accommod mr speaker quebec import rest accent quebec part acknowledg quebec differ special place within countri distinct societi mr speaker time put interest countiy interest parti hous addit import propos quebec parti hous endors endors occas import prime minist said address concern tremend import concern aborigin right concern multiraci peopl multicultur background countri concern northern canadian make full partner within concern mani part countri real genuin reform place senat must address must address concern constitut chang evolv democrat open process mani peopl complain past mani concern address ongo concern minor group women countri along everybodi countri hope success weekend welcom fact first minist meet hope agreement come say come sure come agreement unit canadian bind make proud constitut countri wish feder provinci first minist good luck;Lorne Edmund Nystrom;1990
3831769;wish inform hous ministeri statement routin proceed govern order extend minut privat member hour begin p order day;Steve Eugene Paproski;1990
3831770;mr speaker believ hous leader point order want rais;Lloyd Axworthy;1990
3831771;hear point order moment;John Allen Fraser;1990
3831773;duti make follow statement colleagu hous common receiv messag saint mauric mr pronovost submit resign act speaker remark made afternoon newfoundland concern certain remark made saint mauric saint mauric said circumst felt import posit speakership despit apolog made remark upon earlier today submit resign know member know taken decis interest place countri may regret event think say admir decis situat consider stress noth add sure appropri time certain announc made find replac regret make statement like know member understand situat take decis made best spirit tradit may suppli keep great tradit hous common countri english;John Allen Fraser;1990
3831774;mr speaker hear deputi speaker say move order day wonder pass beyond routin proceed privat bill tabl;Benno Friesen;1990
3831775;would say think consent;John Allen Fraser;1990
3831779;mr speaker hous like focus great debat go insid boundari question unifi divid big world go volatil incred forc chang develop like member hous hope meet next sunday unifi countri consid interest region find way solv problem countri time mr speaker import opportun establish new intern role purpos import propos put colleagu papineau bring attent hous mani issu world imping upon greater degre histori real test respond answer direct take kind use work word vision role play chang world earthquak revolut take place singl day week would like stop moment share experi member committe travel eastern europ soviet union short week ago privileg berlin may day remark day wall come thousand peopl walk forth cours convers young woman translat talk incred chang gone month secret polic polic dog guard boundari sudden woodstock beer sausag rock band play street young woman particip activ crowd gather around church last novemb spark brought dictatorship east germani said someth import think forget talk would knew politician said pleas take church day usurp kind achiev chang want bring talk end militari allianc end confront end convent cold war think action domin world past year interest note heartfelt cri made young woman repeat next day appoint minist state foreign affair east german govern young man standard said time get rid old convent way think saw unif germani way break warsaw nato kind confront said must appli energi thought new bring new synthesi europ respond watch news last night think face peopl ottawa gather may around mr gorbachev walk street effect peopl citi behalf canadian say kind thing hope face attract mr gorbachev celebr think saw symbol real chang saw someon right countri initi incred revolut thought action reach hand man repres debat focu today concern ensur hope expect young woman east berlin peopl ottawa usurp taken respons politician diplomat offici bureaucrat peopl power author must understand kind undercurr strong willing hope expect run oftentim danger kidnap vest interest keep thing way contrast reach peopl street ottawa result saw discuss leader soviet cold war languag peopl say want nato mr gorbachev say cannot get nato sudden pull retreat impuls incred momentum start street eastern europ aid abet polici think progress made reduc arm look toward new accommod danger regress danger pull power author address remark member hous think share hope take place understand threat want address moment put colleagu motion incoher sens confus sometim exist govern blame govern caught unawar chang good graciou one pretend omnisci wisdom suppli go take place think say expect receiv hand minist nation defenc part nato meet alberta coupl week endors concept maintain nuclear weapon nato say way go hand last saturday night secretari state extern affair say believ minist speak govern hard determin question ask hous papineau saint michel hous leader other could get clear answer seem know speak countri uncommon critic situat play normal kind polit game member side hous would say member conserv caucu say good meet expect million peopl around countri want someth differ point speaker kind issu emerg look opportun countri start build bridg clear debat debat heard eastern europ soviet union cannot presum maintain way thing structur allianc say soviet union sorri lost game kind footbal match winner loser find way common interest suppos thing vivid memori trip soviet union deep tire feel impact second world war deep need secur part whole movement eastern europ past year defend reoccurr second world war moment put shoe soviet say gain secur see unifi germani join nato presenc nuclear weapon soil give sens happen know may irrat emot fact matter real good may suppli enough leader say sorri way go make plea papineau saint michel said morn look thing new light sens new understand go need new architectur polit structur around world eastern europ take face valu mr gorbachev propos want home stretch soviet union right america clear need structur make happen place accept credit propos put govern nato transit phase good let go step beyond say transit someth repres larger scale collect secur organ cover soviet union eastern western europ north share collect secur divid think statement soviet wait hear western leader must add voic council nato allianc oecd summit meet canadian particular opportun go major player start look put build block new structur way seen front critic area concern share soviet american mani european countri arctic presid gorbachev issu murmansk declar state kind treati arctic soviet union respons peopl say could member arctic institut leningrad said denuclear treati arctic common ground build upon mr gorbachev come gone ottawa mention propos signific step taken toward negoti discuss signific initi;Lloyd Axworthy;1990
3831780;discuss;Peter Andrew Stewart Milliken;1990
3831781;part problem know ottawa famou hospit rest calm tranquil atmospher wonder place get rid jet lag presid soviet union expect good night rest would say opportun demonstr interest willing build bridg put new build block would help secur issu would help talk altruist soviet good know secur interest arctic u russian submarin play tag time need kind arrang see today financi post view share allan fotheringham say great mind think alik;Lloyd Axworthy;1990
3831783;say tongu cheek mr speaker fact matter real interest develop build block area economi enorm opportun develop whole set relationship soviet union countri desper transfer technolog trade invest expect countri rais last prime ministeri visit sign number agreement year noth done live agreement problem soviet mani problem fact matter say without contradict abil meet demand emerg soviet build new set relationship met tell reason let take look simpl statist depart extern affair post western europ eastern europ includ soviet union expect begin manag whole new set relationship understaf resourc capac claim may made budget restraint reason argu budget reason maintain corpor guard fastest chang dynam area world everyday lose kind opportun may let give exampl sit kiwani club dinner week presid lumber firm manitoba talk tri negoti lumber agreement soviet would use barter system bring certain kind wood avail know western start purchas soviet order maintain balanc grain trade greatest surplu trade side said get somebodi help work red tape get front end logist place possibl given small exampl sure member hous repeat exampl hundredfold ride equip meet demand number capac need respond kind chang would like point area provid leadership build block heard hous today last coupl week grow problem deal nuclear energi countri soviet union eastern europ peac use nuclear energi import area common concern would happen propos common agenc would look standard invest safeti health problem soviet union part would help enorm clean problem chernobyl would deal problem candu romania could sudden sure find common ground could find area share common interest would kind agenc would give work relationship new area vital economi inter relationship could establish new kind foundat put block place would lead new structur architectur would bring east west north america think go univers read theori jean monet start european common market said start function agenc build function agenc kind polit agenc point european common market start way steel suppli author start work transport coal thesi way get know establish common line commun interest start build super structur similar condit today canadian posit take initi direct close common interest think papineau saint michel mean motion say need coher polici need direct need creativ think area particular need term domest opportun great asset canadian popul built upon mani canadian origin eastern europ soviet union think citi winnipeg ukrainian canadian commun great strength vital pole russian german rest understand cultur languag rel home land enorm sort criss cross connect peopl anxiou present moment go homeland go rel establish commerci busi relationship speak mani say know talk know go prime minist design cabinet say respons soviet union bring privat busi bring region bring cultur group let talk languag train let talk new transport link soviet union let talk get invest guarante whatev provid kind focal point group come incred resourc countri give enorm sort outreach soviet union eastern europ util mani mani frustrat arriv kiev sudden say talk clear examin cannot find answer soviet union lot complic mani smaller busi front end capac govern come may suppli spoke west german commerci side told soviet sit talk provid credit dollar big project west german say return want understand red tape get busi done way need somebodi got eye sparrow know go kind direct suggest motion tap well canadian interest resourc drawn upon member parliament term open consult papineau saint michel said morn certain insult hous secretari state extern affair start announc polici know full stand committe extern affair intern trade work close year courtesi wait coupl week see go say point member parliament spend year work rush finish line competit race secretari state win red ribbon want help fact matter creat enorm complic tri condemn govern tell get act togeth must understand import moment histori go find isol go find push europ go find without connect link soviet union kind influenc without proper action abl build upon asset includ good reput popul readi will attribut base upon cultur languag help focus problem polici direct mobil resourc hous peopl within tri bring common front issu divid parti interest recogn enorm challeng time opportun repres help govern respons provid abil help co oper target import part world;Lloyd Axworthy;1990
3831784;question comment cape breton highland canso would like south centr know appreci take time hous would like colleagu would like speak mr franci g leblanc cape breton highland canso mr speaker want echo sentiment fascin remark heard intern question canadian foreign polici question could allow extempor longer allot minut would like give opportun embellish remark light recent visit soviet union would like comment upon reaction soviet consid timid respons canadian govern event take place fact littl happen sinc prime minist visit soviet union last novemb appear least lack initi part canadian govern take advantag opportun co oper soviet eastern european countri further major reform embark upon would like colleagu could say littl bit reaction receiv soviet union concern role support;Steve Eugene Paproski;1990
3831785;mr speaker thank reaction case puzzlement enorm sens optim built around trip last year prime minist follow speaker hous think establish set relationship expect agreement sign say year wait deliveri feel disappoint mani kind develop taken place may say critic think problem side afraid caught kind diplomat minuet oftentim take place peopl arctic institut said arctic environment agreement sign scientist agreement seem somehow offici got way noth done crucial area discov prospect soviet union initi nuclear test arctic area major outcri commiss place appoint commission make work forum lost opportun creat essenti dialogu need would like comment may agricultur area ask visit prime minist propos put tabl help set seri model farm soviet union use canadian technolog fertil methodolog way demonstr new way product agricultur area land offer invit take dutch italian marketplac ask said resourc bring capac want express western canadian say resourc must think enorm resourc citi winnipeg brought kind thing fruition somehow fell hole materi kind disappoint think creat wonder whether seriou statement claim would speak person disappoint transpir last hour think occas mr gorbachev visit opportun pin thing clear brush get red tape pin point problem whether arctic treati nuclear test commerci agreement seem come much suppli seen anyth paper think got commit new agreement wheat kind bedrock relationship soviet union last year kind thing concern show lack energi lack focu lack direct;Lloyd Axworthy;1990
3831786;question comment termin debat;Steve Eugene Paproski;1990
3831787;mr speaker glad thorough air today canadian foreign polici central eastern europ motion brought predic alleg lack initi confus would like pick remark refut evid go get would like say debat follow heel visit soviet presid mikhail gorbachev foreign minist eduard shevardnadz last saturday etobicok lakeshor constitu repres day polici forum canadian polici central eastern europ opportun exchang view inform particip canadian mani soviet union poland hungari czechoslovakia engag educ trade cultur activ busi opportun secretari state extern affair made remark outlin import new direct canadian foreign polici area burden carri remark morn hous would like elabor point secretari state extern affair made gener framework give specif foreign polici exist gener principl broad term come earth specif applic would like talk would like indic move new unchart area foreign polici success may suppli think speech given winnipeg transcona inform inform took thought balanc approach know south centr said approach issu beyond parti line tri work think import spirit heard papineau saint michel talk morn lack initi sentenc mention prime minist sign major accord moscow last novemb winnipeg said year pass sinc sign fact year heard papineau saint michel talk lack initi lament consul leningrad sentenc talk open canadian consul kiev think;Patrick Boyer;1990
3831788;open;Lloyd Axworthy;1990
3831789;underway;Patrick Boyer;1990
3831790;told;Lloyd Axworthy;1990
3831791;fact initi take place support new activ work relationship reformist central eastern european countri assist along western countri process revit region hard task lot sort transit think anyon honest would critic canadian respons look contradict develop situat develop open frank non partisan area recogn world chang respond area econom summit pari last juli join nation g support reform poland hungari pledg support transform economi durabl manner econom assist mean someth follow posit way opposit ask initi canadian action creat assist packag poland hungari packag announc last novemb major element spent emerg food aid food purchas taken poland import sold equival polish zloti earn administ counterpart fund today fund develop rural part poland import second element revolv short term export credit insur establish poland lack initi third element clear initi put place year econom develop give exampl canadian foreign polici success show help econom develop hundr fifti dollar gone intern manag centr budapest creat fund support manag train fact dean school canadian beyond stage put money countri money short suppli moreov need need want seek assist thing manag train restructur govern veiy posit exampl initi area second contract canadian execut servic provid volunt profession hungari poland work industri busi consult posit initi along theme third canadian compani evalu studi possibl new upgrad edibl oil process plant poland fourth initi train program polish farmer livestock farm manag creativ initi summer polish farmer come intens cours train institut get practic experi canadian farm fifth exampl initi program support warsaw agricultur univers associ institut involv train research polish agricultur sixth exampl element assist establish english french languag train centr curriculum focus languag profici principl cours may repres govern democrat process local administr human right go mr speaker lot initi grant york univers school busi administr establish week cours middl manag summer includ attach canadian firm practic experi fund canadian expert serv advisor privat govern poland anyon say lack initi good exampl canadian foreign polici success kind thing countri sought appreci council nation go countri blueprint run go work co know need practic experi technic assist financi aid support support year sought urg work transform see countri go totalitarian regim democrat regim communist parti state pluralist multi parti state command economi market economi harsh militar cold war divis new era exchang dialogu common secur transit transit play import role partner assist central east european countri becom integr western market encourag canadian trade invest last saturday etobicok lakeshor confer eastern europ number exampl given canadian thing south centr lament difficulti deal bureaucraci real problem one underestim take lot time place phone call let get government decis thing tradit area trade promot continu pursu posit initi suppli secretari state extern affair host seri joint ventur invest seminar poland held montreal toronto calgari januari year follow arrang made novemb moscow prime minist lack action lack initi method consist effort move era transit depart get practic area produc use booklet know mani member critic govern lack initi read call guid busi opportun poland kind thing former minist hear secretari state extern affair spoke hear willing hear noth heard canadian pursu opportun eastern europ whether educ new econom activ busi opportun support democrat reform work within nato organ militari climat chang peopl know pass beyond rhetor bring new order sign sign doubl taxat foreign invest protect agreement countri eastern central europ order promot canadian invest negoti sign treati respons canadian initi let hear timid evalu canadian effort noth wrong perpetu canadian capac sell short see glass half empti half full extend gener preferenti tariff statu countri like poland hungari romania help get better access canadian market initi posit action govern face new realiti central eastern europ minist financ secretari state extern affair held meet canadian busi leader end april continu process implement carri order signal govern intent expand program area may routin proceed said way canadian effort co ordin heard format task forc central east europ sit extern affair lester b pearson build sussex drive right downtown ottawa depart involv activ canadian across countri foreign visitor deal great effort bring concert way initi take meet end april agre canadian govern concentr technic assist manag train thing mention agre take prudent approach time avoid commit larg sum money facilit program develop kind connect linkag canadian peopl countri govern govern individu individu organ organ work york univers professor michel chevali develop twin canadian commun colleg region eastern europ u r import technic train peopl fund democraci develop number peopl czechoslovak background canadian gather privat sector across countri fund suppli teacher czechoslovakia teach english languag last saturday confer etobicok lake shore organ fund democraci explain good servic made avail czechoslovakia govern mani organ develop entir network strength relat mani level sovereign countri network weav fundament good exampl mani initi govern take posit respons let canadian start celebr success foreign polici sure much time left mr speaker inform parliamentari secretari would like rais point order time yield floor;Patrick Boyer;1990
3831794;mr speaker listen comment sure hous would happi give bit time made interest remark apolog interrupt point order mr speaker believ find unanim consent follow motion discuss among parti move number allot day suppli period end june reduc move monday june design allot day wednesday june design last allot day current suppli period day provis stand order shall appli move effect thursday june subsequ sit day month june hous sit follow hour monday clock p clock p tuesday thursday clock clock p wednesday clock p clock p friday clock clock p provid tuesday thursday hous sit clock p clock p unless minist statement repli extend morn sit wednesday june clock p hous adjourn debat hous stand adjourn clock thursday june follow adopt order motion pursuant stand order receiv mr speaker agreement among parti quorum call dilatori motion p p day hous sit extend hour;Albert Glen Cooper;1990
3831795;kingston island;Steve Eugene Paproski;1990
3831796;mr speaker motion parliamentari secretari present hous agre parti may want say behalf offici opposit notwithstand excess use closur time alloc throughout parliament last sever week wit consider co oper part parti new democrat parti assist govern legisl program co oper shown throughout parliament spite co oper met closur time alloc time delight see govern chang way given abus rule propos seri propos hour sit wrap busi session anticip june want thank parliamentari secretari co oper negoti carri togeth say pleas abl achiev agreement motion know member delight result chang get busi wrap time way;Peter Andrew Stewart Milliken;1990
3831797;saanich gulf island point order;Steve Eugene Paproski;1990
3831798;mr speaker brief view audienc think previou speaker meant agre agre;Lynn Hunter;1990
3831799;think necess shot listen point order;Steve Eugene Paproski;1990
3831800;mr speaker would take shot want confirm agreement respect dilatori motion quorum call p day extend sit held fact permit disagre saanich gulf island said hope comment indic agreement thank parliamentari secretari effort regard;Peter Andrew Stewart Milliken;1990
3831801;hous heard term motion parliamentari secretari unanim agreement move motion;Steve Eugene Paproski;1990
3831803;pleasur hous adopt motion;Steve Eugene Paproski;1990
3831809;mr speaker would like previou speaker comment polit chang may taken place past year sever month lead;William C. Scott;1990
3831810;go question comment parliamentari secretari minut termin victoria haliburton ask;Steve Eugene Paproski;1990
3831811;mr speaker put clariti proceed junctur one could misguid answer victoria haliburton would like say import look polit chang econom chang fundament part canadian foreign polici see polit right econom chang link year china exampl decad econom chang failur polit chang individu right go along real problem reform progress cannot march leg must march polit chang econom chang particip central eastern europ develop polit co oper program ensur democrat gain sustain period turbul radic transform lot countri free elect centuri may suppli look judiciari law reform elect human right media area provid specif technic inform assist support area includ co oper financi plan health servic environment concern need telecommun area great canadian strength beyond lot specif detail initi taken see work count support countri need help respond request gone radio intern equip train radio network czechoslovakia hungari poland would exampl would dispos syring medic suppli meet immedi health requir romania provid worth elect provid financi assist czechoslovakia hold free elect victoria haliburton would appreci know done littl thing like provid comput bulgaria help run elect provid paper thing may seem trivial talk global chang fact canadian come specif time place need reason led put worth book main librari bucharest univers help replac lot collect destroy fire revolut decemb program train inform exchang parliamentari procedur someth interest member parliament speaker hous common intern countri come observ procedur method follow first program poland march year speaker arrang group czechoslovakia follow elect june exampl posit initi caus say pride ye respond way consist longstand foreign polici countri help countri help blueprint other run happi work provid real support go beyond new order;Patrick Boyer;1990
3831812;mr speaker parliamentari secretari given would say puf list thing govern address situat eastern european countri neglect litani might soviet union critic side hous talk glass half half full say take neg perspect thing return soviet union feel express half glass evapor wonder begin point govern consid diplomat presenc soviet union presenc soviet union help must presenc within countri exhibit way commit relationship soviet union unfortun presid soviet union presid gorbachev address hous wonder felt know address comment prime minist kept sens lack commun lack commit made overtur result noth know parliamentari secretari would respond;Christine Susan Stewart;1990
3831813;mr speaker talk lack commun follow day discuss prime minist secretari state extern affair presid gorbachev foreign secretari shevardnadz capit know want way commun would surpass highest level reflect throughout system aw lot discuss dialogu take place year ago contempl may busi council u r creat govern initi see canadian govern everyth put place framework canadian busi peopl entrepreneur could move situat found abysm failur soviet union eastern europ state direct economi recogn import market economi entrepreneur govern creat framework canadian list specif exampl abl give could gone speak time limit think puf account go listen great interest substanc speech hous hear moment lament someon would look specif exampl given canadian public servant canadian busi peopl educ travel soviet union place eastern central europ great deal lot spoke eloqu practic action thing answer final point intervent diplomat represent serv repres embassi moscow look expand full servic consul kiev progress open rapid would want redoubl effort mr speaker noth demonstr difficult move ground countri amount time taken open consul commit happen doubt open busi offic vancouv deal differ set arrang ground lot problem canadian would think would surpris real problem work overcom hope member canadian parliament would find heart encourag suppli support real progress recogn let idea next step take lament good step taken;Patrick Boyer;1990
3831814;eri short comment;Steve Eugene Paproski;1990
3831815;mr speaker want pose parliamentari secretari govern admonish liber south centr want deal agricultur initi south centr indic dutch countri model program go parliamentari secretari give hous bit detail mani farmer benefit initi govern take mani farmer benefit program mani canadian dollar spent kind agricultur initi;Claude Girvin (Girve) Fretz;1990
3831816;mr speaker sound specif answer afraid gener talk initi lot differ countri exampl number polish farmer come year train cost absorb govern econom benefit think secondari train experi farmer get look way send poland term food aid specif figur amount money spent thing pork canola seed oil wheat gone market minist state grain oilse lead deleg industri repres moscow geneva discuss issu look term grain sale agreement soviet union south centr dismiss govern action fact trade mission way deal secretari state report progress morn may suppli exist agreement call minimum purchas tonn canadian wheat feed grain year period seen signific continu activ minist state grain oilse minist agricultur week name like mazankowski think proud agricultur minist go poland announc would send food aid amount stabil program poland lot detail glad chanc provid stori good plea simpl success canadian foreign polici area high time recogn fact;Patrick Boyer;1990
3831817;mr speaker pleasur stand today speak motion parti hous want address event take place eastern europ soviet union regret lack clear polici govern defin new canadian role respons event want confin remark defin new canadian role respons event take place eastern europ soviet union begin comment afternoon state member extern affair committe studi relat east europ soviet union concern third world affair interest chang role world europ soviet union came meet recent trip soviet union germani sens world wonder although mani canadian awar world know go throughout question elect deputi soviet union east germani mani question uniti disun come fall instanc came haunt east european said countri suppos exemplar world bring mani cultur religion live know happen look exampl hope come day prove wrong besid wonder happen within countri sens wonder beyond sens lost prestig intern world becom margin spectat actor happen world stage creativ visionari respons chang circumst could fact listen watch believ bit truth import defin new role respons event occur around world east europ soviet union unif germani lag behind must show commit chang occur help ensur chang benefit peopl countri region world would like quot speech secretari state extern affair allud colleagu think bring canadian mani point agre seem lack coher govern polici address mani point rais speech toronto last saturday said nation possess web intens person connect eastern central europ give special interest special capac help societi becom prosper free visit soviet union realiz much share common soviet union multicultur multi ethnic countri mani divers religion lack freedom opportun express toler divers societi exampl largest ukrainian popul outsid soviet union week met armenian canadian canadian citizen understand cultur languag repres mani republ soviet union take advantag characterist promot relat mani divers way possibl someth cana may dian recogn take full advantag stake europ taken grant secretari state extern affair went say truth actual would suggest verac statement said feel soviet union germani sit wait see go happen take suffici action minist went say wish determin role power new econom polit forc work forc limit influenc potenti influenc situat east europ soviet union exhibit action characterist train capac mani area contribut come specif way soviet union germani ask becom involv way express way seem obviou could improv role go critic remark diplomat presenc soviet union rais yesterday hous stand order recogn embassi moscow gone difficult time recal staff peopl qualifi cost involv govern ought make commit put personnel embassi fluent soviet languag soviet languag soviet languag cannot commun peopl street becom isol embassi within diplomat commun go unabl influenc chang soviet union requir without languag without knowledg soviet cultur soviet way cannot succeed meet peopl soviet union spoke differ way felt could becom involv step plane soviet union first thing confront environ suppli interest first word heard presid gorbachev speak arriv clear air suggest prime minist ought tax happi hear prime minist intent found tell would presid gorbachev first perspect countri revers first impress arriv soviet union aw environment problem air breath pollut fact learn peopl embassi moscow adult year half develop allergi peopl allergi speak point view dread situat pollut exist countri pollut air water obviou impact environment degrad appreci studi averag person soviet union seem awar environment degrad main problem environ allud regular chernobyl disast massiv neg impact societi acknowledg environment disast frustrat behalf soviet peopl deal situat fact tendenc appear want ignor problem get issu seen signific impress lot could work soviet union tri help peopl overcom environment problem time would help mention previou speaker awar environment problem co oper could achiev better environ whole world know environ know border see happen know degrad affect qualiti life behov address situat ask assist agricultur thought agricultur system excel presid gorbachev visit capac minist agricultur impress felt may suppli area food distribut process would lot offer soviet union visit market kiev one begin see slight move free market economi term abl sell excess produc realiz difficulti food distribut seller market travel kilometr plane lemon orang south sell roubl abl bring fruit suitcas plane make profit seriou problem devast hear soviet union contempl nuclear test north request econom assist assist joint ventur parliamentari secretari talk support countri term joint ventur privat sector know mani industri busi privat sector tri negoti busi soviet union felt provid suffici seed money guarante make busi possibl wc way human resourc develop seen prioriti must manag matter busi includ agricultur thought manag develop link joint ventur manag train disciplin focu talk mani elect deputi spoke bewilder role within countri awar fact prime minist visit countri sign agreement seem gone limbo concern half glass water evapor ask happen definit lack commun govern govern soviet union lack commun lack consult hous felt lack commun consult term eastern europ soviet union hope studi last year impact polici soviet union eastern europ regular consult commun regular basi parliamentarian depart extern affair concern difficulti defin new role respons event within govern conflict view notic conflict regard nato minist nation defenc respond question period may follow mix deterr defens allianc nato maintain mix success keep peac europ year minist nation defenc secretari state extern affair say nato must review aspect nuclear convent strategi make littl sens retain nuclear weapon target new friend poland czechoslovakia east germani make littl sens retain militari strategi base scenario surpris attack across front longer exist surpris possibl make littl sens continu retain europ largest peacetim deploy militari forc histori world conflict among depart govern term defin canadian role respons chang event eastern europ soviet union cannot develop proper polici conflict govern resolv lack coher polici among depart studi area intern human right highlight issu would like address briefli leav subject secur relationship eastern europ soviet union realiz militari secur risk diminish new peac initi gla soviet union eastern europ hope diminish militari secur risk east west peac dividend deriv north south direct may secur issu north east west world must recogn much effort must put keep peac north south direct much arm poverti secur risk new greatest threat world environment degrad concern deriv poverti mani way defin role chang event eastern europ soviet union must lazi fat cat sit watch go believ mous roar ounc prevent worth pound cure must act help move toward peac secur chang soviet union eastern europ everyth hasten process mr franci g leblanc cape breton highland canso mr speaker would like compliment colleagu excel address cover mani aspect relationship soviet union eastern europ clear recent visit countri sourc enrich term understand problem confront contribut solut would like draw upon experi recent trip comment specif aspect light comment debat today canadian presenc soviet union keep new demand place upon base recent trip observ made moscow part soviet union new demand place diplomat foreign servic peopl soviet union urgent need beef presenc facilit transit take place countri;Christine Susan Stewart;1990
3831818;mr speaker thank colleagu environ first thing struck arriv soviet union second littl staff embassi grate graciou host group great effort make suppli comfort make meet visit profit believ happen felt work sever neglect circumst could correct difficult go situat exist soviet union integr make valuabl contact abl negoti peopl cannot speak languag understand cultur know diplomat furor month ago caus qualifi peopl embassi leav countri think depart extern affair look qualif staff go embassi consul consul open kiev delay sens talk peopl mission necessari aggress action taken part govern push open consul obviou need consul leningrad chief econom region soviet union heard colleagu gener lack consul embassi east europ soviet union sens west germani could lot east germani west germani embassi need lot canadian facilit speak german speak languag east european countri resourc countri multicultur natur mr speaker know resourc capit augment improv way relat carri busi part world;Christine Susan Stewart;1990
3831819;eri;Steve Eugene Paproski;1990
3831821;mr speaker appreci applaus encourag deliv speech today earth shatter peopl move goe grate opportun address hous today topic east europ polici defenc trade foreign affair think member hous anyth may suppli short captiv startl event swept soviet union eastern europ listen speech deliv northumberland south centr though want develop speech today around defenc issu want touch coupl econom issu brought news releas someth hous awar histori want bring initi govern taken switch minist sign protocol soviet union ottawa sept read press releas deputi prime minist minist agricultur mazankowski loday conclud negoti fourth u r mix agricultur commiss focu mac commerci anxiou transfer technolog expertis busi commun must take lead determin condit agreement read deputi prime minist lead busi deleg poland ottawa march deputi prime minist minist agricultur lead deleg senior canadian busi peopl trade invest mission poland primari goal mission develop econom trade co oper encourag broader rang contact april press releas read mayer discuss trade issu moscow geneva grain oilse minist mayer lead deleg industri repres moscow geneva discuss trade issu week mr mayer moscow conclus page read accompani mr mayer soviet union bill reid canadian bronz pat shimbashi diamond product paul klein winchest group indic econom initi govern see trade known warsaw pact countri initi taken result tremend opportun avail canadian think import put record today want read part opposit motion today say regret lack clear polici govern address seriou issu trade commerci relat agricultur agreement utter nonsens opposit make statement like proof posit right proof pud take initi right someon go done done big piec geographi look popul eastern europ would give tremend amount opportun sell product sell expertis know canadian go accept challeng northumberland charg respons fill need diplomat offici russia countri think true switch pleas honesti say bear mind offici leav russia go take time fill vacanc know go follow need put context dramat chang taken place eastern europ happen would differ opposit motion initi taken agricultur commerci initi claim govern clear set impact moment chang canadian polici would submit act concert nato alli consist construct adapt polici recent develop chang transform eastern europ soviet union past month may essenc process foreign domest polici reform countri redraw polit landscap europ known sinc half decad new govern poland east germani hungari czechoslovakia wit furi romanian revolut depos ceausescu regim prospect german reunif concret sign cold war fade annal histori unsettl develop allianc countri encourag spread democraci polit independ eastern european countri recent develop potenti bring fruition stand goal genuin last peac european contin nato countri essenti part stabl peac lie speedi conclus implement agreement convent forc europ negoti vienna call cfe agreement impact agreement accompani regim intrus verif european secur enorm implement prospect cfe agreement reduc possibl surpris attack larg scale offens action someth fundament nato arm control object begin although side made much progress toward agreement import issu remain settl nato countri call warsaw pact nation work allianc resolv remain issu believ confer secur co oper europ play larger role facilit stabl peac contin colleagu secretari state extern affair note speech univers toronto last weekend role csce must expand becom draw board new european architectur complement nato csce becom true instrument suppli co oper secur would supplement deterr reassur similar sentiment role csce express nato defenc minist final communiqu recent defenc plan committe meet brussel event last month fundament impact abl contempl happi prospect time must realist danger face remain aspect european secur environ call prudent deliber contempl might chang structur western secur structur serv past decad import rememb implement cfe agreement soviet union retain power convent nuclear forc europ need remind fact underlin need western countri continu type success collect defenc arrang nato embodi past year one lament pass cold war draw militari stand europ requir disciplin co ordin effort part nato countri stage process allianc retain militari forc adequ secur requir wake cfe agreement reduct defenc spend expect decid long stand goal allianc defenc budget grow annual rate per cent appropri although precis level vari nation circumst determin factor allianc countri continu abil field forc adequ nato mission deterr defenc rememb substanti cost attach verif implement cfe treati return speech secretari state extern affair may quot twelv month invalid lesson histori possibl instabl soviet militari capabl may suppli remain substanti therefor strong militari mandat nato continu valid north american commit europ repres presenc canadian american troop crucial strive strateg stabil lower level militari forc beyond need maintain stabl militari balanc europ import remain awar rapid fundament chang sort wit today europ unstabl process ensur chang natur european polit remain peac path nato remain cornerston european secur provid bodi difficult western secur issu arm control german unif dealt co ordin fashion summari allianc commit seiz current opportun longstand goal stabl peac europ militari forc requir prevent war ensur self defenc nato retain gener principl deterr defenc lowest possibl forc level strategi appropri new circumst repres allianc countri conven recent nuclear plan group meet kananaski alberta reaffirm nato need base secur appropri mix nuclear convent forc must emphas throughout troubl histori east west relat nuclear weapon provid power inhibit militari conflict view allianc correct retain nuclear weapon integr part deterr postur forese futur time allianc agre recent develop eastern europ coupl improv prospect convent arm control suggest diminish need nato field short rang nuclear forc conson percept allianc countri welcom bush administr decis termin modern nuclear artilleri shell deploy europ develop follow lanc missil nuclear plan group communiqu welcom acceler timet negoti reduc land base short rang nuclear missil system deploy europ commenc sign cfe agreement soviet union enjoy substanti superior system reiter call soviet union carri substanti reduct system recent defenc plan committe meet brussel nato defenc minist note radic chang eastern europ made essenti allianc review broader militari strategi review assess nato defenc postur term forc level oper doctrin final communiqu defenc minist went say follow allianc enter new decad face unpreced chang opportun midst chang need establish reliabl system collect secur remain undiminish shall hold basic principl war prevent deterr defenc adapt defenc effort meet need chang world shall ensur level structur oper concept arm forc continu evolv posit construct way allianc begun move direct year nato summit held earli juli consid nato role transform europ concret level allianc taken number step lower peacetim readi forc includ chang train program signific cut size number militari exercis confidencebuild effect measur reduc impact nato militari forc public benefit qualiti life protect environ think member agre import compon discuss peac dividend mind mr speaker demonstr allianc adapt prudenc vision sweep chang eastern europ uncertain futur european secur respond new develop nato seek jettison past sake public relat allianc seek adapt exist polici provid success manag western secur past year way may allow contribut forg stabl last peac proud say integr part process support recent nato initi conclus want emphas contrari erron suggest observ disagr minist nation defenc secretari state extern affair issu continu play activ role allianc adjust chang europ attempt made harmon contribut nato event europ defenc polici review way;Claude Girvin (Girve) Fretz;1990
3831822;mr speaker hard believ instanc trip soviet union unit germani way approach issu differ esteem colleagu refer role allianc chang heard newglasnost desir desir chang includ emphasi militari secur new allianc would like colleagu agre emphasi trade commerci relat arctic secur agricultur agreement mani issu talk talk need parliamentari exchang parliamentarian could learn particular new deputi soviet union make request seem secur world today deriv civil polit social econom right come end gun could esteem colleagu respond reflect;Christine Susan Stewart;1990
3831823;mr speaker appreci opportun respond northumberland differ pronounc agre much said need consid civil right need parliamentari exchang tremend way acquir suppli educ learn meet peopl need understand import glasnost occur abl see countri wee glimps door window open agre comment may disagr believ govern nato know u r world strongest militari nation mean dispos histori proven last half decad preserv peac europ nato strong want peac continu know amount militari forc start diminish number decreas welcom dissolv nato sure suggest would honour wise cours take;Claude Girvin (Girve) Fretz;1990
3831824;mr speaker short spoke spoke behalf govern went soviet union germani think saw limit resourc depart extern affair would like consid increas demand soviet union staff twenti strong increas talk reassign certain post western europ eastern europ think enough right way proceed need addit staff europ import conserv govern peopl left place transfer eastern europ involv peopl headquart extern affair ottawa respond new demand oblig went berlin know new dynam work germani requir particular attent number western countri increas diplomat commerci conting berlin may suppli done noth number canadian repres post berlin deal need sever month ago treat berlin militari mission fail understand govern failur respond new oblig new trade opportun eastern europ germani via berlin could give good news respect least make commit join urg minist increas diplomat staff eastern europ possibl;André Ouellet;1990
3831825;mr speaker pleas respond papineau saint michel rais import vital issu govern parliament need address regard limit staf right indic someon need put context look event unfold eastern europ past month go abl respond chang awar diplomat corp staff leav u r put record doubt import year possibl trade europ unlik anyth seen govern need everyth assist peopl involv busi peopl want travel need everyth see get share huge market mention germani go dynam market invest countri know east germani go flourish reunif take place juli regard fiscal agreement return much east germani need make canadian busi peopl awar tremend opportun fact german told come germani invest return fast rest eastern europ return slower year return invest accept challeng papineau saint michel make wish known respons minist peopl europ need regard agre;Claude Girvin (Girve) Fretz;1990
3831826;mr speaker go use opportun speak foreign polici infrequ opportun hous focu topic major concern countri world make plea coher foreign polici plea take activist internationalist role least last portion debat focus relat eastern europ soviet union cours action last year unbeliev develop area rememb want talk coher foreign polici gone way beyond abil compartment world event happen done soviet union eastern europ implic global pivot role affect event implic flow reput second none intern front disproportion influenc reput consid among think reput result histori result action least last decad someon activ intern develop interest intern affair long time feel good deal frustrat use influenc remind hous commonwealth francophoni g power countri world seat un secur tcouncil countri world kind link uniqu humbl countri spite think humbl use influenc littl effect may liber opposit day hope contribut debat urg activist coher develop foreign polici use role bridg develop world develop world someon opportun travel develop world develop world tell glow reput agre prime minist said today address elous crisi confront rest world look amaz cannot sort problem could step outsid look eye someon sudan brazil el salvador pride would feel achiev would motiv solv current impass digress use role bridg develop world develop world global villag talk secur environment issu togeth reput use seat commonwealth francophoni g greater effect minist financ sit major council intern monetari fund someon subcommitte intern debt know kind influenc intern monetari fund intern develop foreign polici foreign polici cannot distinguish econom polici trade polici plead coher need vision world achiev see lack lack vision direct foreign polici tragic loss opportun world use role becom peacekeep good reput role mani peopl constitu serv arm forc great distinct peacekeep role cypru exampl tri denigr role way suppli say extend beyond peacekeep peacemak influenc know peacemak talk peac dividend sort econom benefit flow decreas tension lower wall grow sens trust mr gorbachev left countri yesterday like love use greater sens trust achiev econom benefit peac dividend peac dividend develop environment polici cours look see shrink world dollar per year spent arm amount defi imagin know aw lot money stephen lewi distinguish former un ambassador point per cent would permit doubl health care expenditur peopl develop world could provid univers immun prevent diseas singl infant face earth talk environment degrad overpopul know caus peopl choic abil contribut expans choic peopl know popul growth reason behind first improv statu women women given choic size space children iron thing say consid hous week regard choic women environment degrad accru popul peopl planet project popul growth horrif think limitless place go understand environ stay sit environ committe assur environ stay go slipperi slope advent global warm crisi ocean rise mean may suppli go million environment refuge time burgeon popul growth want catastroph descript face real crisi reput commonwealth francophoni g take activist role financ minist intern monetari fund take activist role peopl develop world choic reason choic limit develop countri allow choic insist debt pay know friend galleri bank commun know know use work bank commun take make loan take make bad loan bad loan made debtor pay creditor take respons north respons south action intern debt crisi third world problem problem world problem suffer econom polici foreign polici trade polici financ polici interlink urg govern coher polici vision world place go kind peac dividend consid would help stop destruct arm expenditur year arm expenditur number dollar go financ war develop world human be popul kill warfar sinc die region conflict mani third world role stephen lewi former ambassador un travel across spoke import unit nation peacekeep peac gener role shore un intern reput could use great effect way seat secur council sought seat bargain seat un last fall mani repres develop countri spoke hope use seat voic concern secur council vote secur council sens hope know act bridg develop develop world oversea develop assist promis per cent gnp take activist role intern debt crisi use role greater effect environ strong intern fora repres attend listen respect bit player world stage major player use reput greater effect conclus thing increas oversea develop assist use reput solv intern debt crisi concern environment degrad world use reput technic abil end use peacemak peacekeep;Lynn Hunter;1990
3831827;mr speaker difficult get parliament blame anyon particular wide rang debat intern affair notic member seem reluct show concern intern problem import constitu want say young canadian listen today countri like feder parliament worth salt concern intern situat feder member esteem colleagu said activ intern role wish member parliament intern activist group peopl assur buy first membership card mr gorbachev came honour chair first meet foreign affair nation defenc mr gorbachev say thing today may sound unusu twist mani arm may friendli way cours make member attend meet turn success meet taken place view person mr gorbachev time mani peopl tri block meet mention parti particular individu close friendship soviet ambassador mr yakovlev ten year earli peopl afraid afraid secur servic afraid see peopl consid kosher say pleas friend minist state multicultur citizenship member time dare differ foreign affair rejoic today see take place east west rejoic see take place south africa though believ risk embarrass reach govern south africa encourag becom explos hate hate white hate black hate black white predict could happen time come parliamentarian dare reach though say may right time saturday speak lafontain park montreal number peopl french canadian quebec liber parti meet includ mr laros csn ms hard parti quebecoi paulin julien sever other go speech mine subject mention parliament see friend refer look eye tell concern past year last powder keg remain planet terribl situat middl east parliament admit concern kind know treat countri say regret believ state israel exist right secur think kind vision ndp mention must consid threat state secur threaten secur refus suppli seek solut incred problem palestinian commun go get controversi today palestinian live unit oh feel hate keep get wors hate isra mention hate black hate white south africa hate black white seen happen long time said mani time feel though one realiz long stand feel hatr caus whole tragedi lebanon knew lebanon paradis earth get want deal problem time today seem reluct resolv problem hostil state israel arab countri israel palestinian isra peopl live israel wonder canadian afraid react could go hour subject would like whether import concern;Marcel Prud'homme;1990
3831828;would hope would put one want allow supplementari;Steve Eugene Paproski;1990
3831829;preoccup express awar part world preoccup tell activ intern affair;Marcel Prud'homme;1990
3831830;mr speaker think event today demonstr say littl opportun speak foreign polici happen tri lump guilti anyon countri realiz live evolv world talk foreign polici talk word redefin secur mean secur mean mean armament palestin lebanon make secur mean armament south africa southern may suppli africa certain make feel secur want get cerebr talk way look world citizen manag charest report put partisan interest world scale abl put nation interest talk environ peac think capabl get hope optimist person respect event last year extend year show capabl use posit affect bring kind world vision fruition mir christin stewart northumberland mr speaker tri make short think colleagu agre want comment concern detent occur east west lessen militari threat transfer arm trade east west north south much arm trade north south wonder concern chang govern address suggest arm industri convert peac measur technolog environ second refer coher polici govern major concern get question specif situat prime minist go caribbean forgiv caribbean debt seem coher govern side done caus much neg opinion countri foreign aid wonder could comment;Lynn Hunter;1990
3831831;minut;Steve Eugene Paproski;1990
3831832;mr speaker complex minut best agre northumberland think reaction armx exhibit last year ottawa instruct govern canadian will toler will toler militar econom develop militari might armx absolut anachron will part littl game arm trader littl game larg game regard forgiv debt tri address bodi speech talk forgiv debt cannot give alm poor like point take make debt irrespons part irrespons part take give chariti kind assist give help peopl develop final moment would like make plea coher foreign polici evid hope;Lynn Hunter;1990
3831833;mr speaker begin would like know colleagu would like say word understand debat end;Mark Joseph Assad;1990
3831834;nobodi go question comment think could get speaker want split time minut govern translat;Steve Eugene Paproski;1990
3831835;mr speaker saw today hous would consid opposit motion papineau saint michel discuss world seriou problem read motion said first spot come mind middl east agre import event eastern europ unexpect chang revolution polit face europ way seen year saint deni point spot like volcano;Mark Joseph Assad;1990
3831836;powder keg;Marcel Prud'homme;1990
3831837;powder keg explod middl east anyon concern human right humanitarian consider look happen middl may east find difficult accept go give exampl speaker canadian listen said young canadian interest issu live shrink world member feder parliament duti look happen intern scene believ human right right freedom individu cannot fact must alert violat right give exampl must say particular situat difficult regrett mani peopl countri prefer ignor refus fact fact mr speaker look occupi gaza happen year lebanon torn syrian isra armi insid territori cannot seem get rid mani year occup victim palestinian everybodi express concern sympathi palestinian goe end violat seen sinc second world war exampl school closur occupi territori illeg geneva convent palestinian occupi territori school month worst violat demolit seal home curfew last week peopl confin hour day day week dr israel schack israel outstand scholar man surviv warsaw ghetto concentr camp last week man courag bring violat govern spoke uproot oliv citru tree palestinian need surviv sinc intifada start tree uproot isra forc unbeliev imagin rip root livelihood peopl anyth preciou middl east water day come water import oil cherish commod suppli middl east illeg use resourc occupi territori forbidden geneva convent use water palestinian frozen level water censu show palestinian occupi territori allow use per cent total annual amount underground water;Mark Joseph Assad;1990
3831838;eri point order;Steve Eugene Paproski;1990
3831839;mr speaker point order rest whether inform share may interest anyth motion hous today whether topic discuss anyth motion suggest brought order;Claude Girvin (Girve) Fretz;1990
3831840;understand matter foreign polici sure get closer motion carri speech;Steve Eugene Paproski;1990
3831841;mr speaker concern gener foreign polici knew fact go occupi countri decent human believ humanitarian right would protest violat human right;Mark Joseph Assad;1990
3831842;got foreign polici;Claude Girvin (Girve) Fretz;1990
3831843;narrow view thing world continu attitud see lead intern law geneva convent confisc land prevent occupi power per cent west bank confisc per cent gaza land confisc palestinian casualti children injuri member said role disproportion influenc world regardless popul influenc certain event appeal countri humanitarian ground protect peopl occupi territori suffer de may suppli prive livelihood strenuou condit hope week month come liber parti activ hous period concern intern affair situat awar eastern europ develop problem armi occup territori need canadian govern persist demand author israel awar violat human right awar palestinian suffer difficult time feel canadian govern interven sure canadian would like know fact go middl east volatil situat atroc continu situat permit expect expect palestinian go come thousand dead say fortun war go vengeanc want avoid want countri interven make sure come end make sure forc sit palestinian give right place middl east subject could go hour regrett rais subject import world peac nation occupi territori lebanon palestinian;Mark Joseph Assad;1990
3831844;interrupt;Marcel Prud'homme;1990
3831845;interrupt somebodi suppos know better nevertheless time come look fact realiti point world guilti parti;Mark Joseph Assad;1990
3831846;mr speaker pleas abl address hous although briefli import foreign polici concern countri eastern europ soviet union sinc keen interest subject sorri cannot go deserv sinc elect hous mr speaker tell world today relat countri import soviet union shown mr gorbachev visit among yesterday day interest among concern grate privileg abl talk briefli today least starter make brief gener remark impressionist factual content subject today first remark leadership would like contrast style leadership emerg event take place eastern europ soviet union style leadership manifest reaction event west believ tell canadian live western industri world kind way go react circumst event take place year said revolut take place soviet union revolut top doubt captur imagin world style leadership manifest mr gorbachev other emerg soviet union last sever month transform economi societi entir world event taken place character leadership seen mr gorbachev much contrast tradit diplomaci willing forgo establish pattern past take amaz polit risk move front prepar risk know transform societi take place seen mr gorbachev work captur imagin abil may someth one will carri event think characterist manifest natur situat take place soviet union forc person leadership other come throughout soviet union walk life propel event seen aspect leadership soviet union eastern europ come unpredict place know origin mani event trace earli poland person identifi event shipyard worker lech walesa came guid move event poland difficult decad emerg last year democrat reform taken place countri seen western press observ event countri particular person transform moment chang involv produc turn czechoslovakia see playwright presid countri someon exil prison mani year previou regim exampl could multipli shown fluid new style leadership kind event take place europ demonstr unfortun cautiou timid reaction west seriou want watch see drama eastern europ go play mark inabl comprehend complex event take place eastern europ typic reaction slow respond event taken place prime minist visit last novemb illustr fact took get fact remark upon mr gorbachev govern slow respond initi taken place result visit suppli see secretari state extern affair come grip chart canadian foreign polici react event move piecem step step fashion justic time live characterist western respons taken place event eastern europ know rapid integr world live rethink notion diplomaci react extern forc particip leadership basic messag want bring today realiz debat go beyond day liber opposit initi offer soviet union eastern europ time rapid chang mani interest common way pro activ aggress articul interest concern willing particip chang planet toward direct go way consist valu stood valu toler democraci freedom enterpris certain civil start manifest countri someth long overdu urg govern place will expand horizon think new way take lead event take place countri leadership express bold initi whether initi term collect secur arctic co oper new environment concern new environment imper realiz major issu confront planet futur must prepar rethink approach dramat way must prepar take lead take place eastern europ leadership come countri messag debat today would urg govern assert dare approach foreign polici polici review design may privat member busi;Francis G. LeBlanc;1990
3831847;p duti inform hous pursuant stand order proceed motion expir hous deal privat member busi list today order paper;Steve Eugene Paproski;1990
3831849;bill c act amend labour code scab essenti servic read second time refer legisl committe said mr speaker welcom opportun start debat second read bill act amend labour code scab essenti servic purpos bill prohibit crown corpor use servic person hire sole purpos perform duti employe strike lock bill tabl among win number parliamentari lotteri govern first term tabl bill april bill tabl intend way avoid recurr strike problemat pain govern strike letter carrier postal worker spring summer recal time post corpor resort hire scab across young unemploy canadian replac employe strike effect worsen disput led tragic scene violenc saw innoc youth endur insult sake work terribl condit higher salari regular employe edifi sight see lowest paid worker societi fight sake temporari job scene reminisc depress place although year sinc unhappi event took place think feder govern need instrument encourag negoti confront time canadian charter right freedom held high exampl duti govern put end situat affront human digniti human right endless disput regul transport compani subject quebec labour code quebec anti scab legisl provid reason acquir possibl flexibl effect instrument limit disput particular disput settl went year canadian antiscab legisl stem claus bill amend labour code introduc pierr marc johnson que bec minist labour juli may mr speaker like summar argument favour antiscab provis written year ago provis meant elimin major bone construct labour disput appar sourc frustrat violenc work stoppag histori canadian labour disput show systemat imbal parti result frustrat parti end verbal physic abus iolenc sinc labour code grant right strike normal expect right impli protect job associ cours small minor employ use scab toler backward behaviour minor would mean fact denial basic right strike data obtain centr de march du travail found report entitl le code du travail quebec organ publish march demon may strate implement quebec antiscab legisl deterr effect employ fewer per cent disput quebec seen hire scab bill caus proport fall less per cent data concern disput indic among remain per cent employ ignor legisl act bad faith among feder institut post use scab past ten year addit lower long period time level postal servic canadian peopl right expect strike major traumat experi canadian great mani senior citizen peopl live mail carrier provid simpl servic friend wit better worst time smile brighten daili routin sever felt scab deliv mail betray mail carrier wait chequ might adventur live upon reflect feel would advis extend applic futur feder antiscab legisl crown corpor incorpor busi might prevent deterior disput case involv voyageur transport compani montreal hudson bay year ago known quebec law limit number conflict involv strike breaker reduc averag length strike involv scab mention report point sinc bill took effect averag durat conflict fallen day decreas per cent consider law reduc number man day lost result work stoppag impact worker job shorter conflict like violent lead strain unsuit solv privat member busi conflict employe go work climat seren help oper resum mr speaker would like say bill c way meant prevent provis essenti servic prevent compani continu oper make essenti servic human bill prevent employ tri run busi manag personnel non strike employe call polic secur agenc protect properti facilit access manag employe premis employ violat feder antiscab law would liabl fine per day employ repres agre use strike breaker could fine might fear law compani would choic close accept union demand quebec experi show argument invalid sinc compani close follow legal strike call upon strike breaker mani reason think govern like quebec govern give labour relat feder institut new orient despit fear purpos favour parti elimin best mean dispos thing like caus conflict tension labour manag relat mr speaker provis meant protect street exercis right strike protect digniti worker main purpos tri put end sorri spectacl compani would hire worker replac exercis legal right restor certain balanc parti oblig pursu negoti calmer atmospher govern play lead role chang attitud may privat member busi mani employ neglig maintain balanc negoti attitud work advantag employ purpos collect bargain know advanc rule criteria compani oper next year collect agreement mean year employ assur abl oper without problem extran product process prevent compani function properli employ fail accept elementari rule game found sorrow product time increas refer new agreement manag employe co oper manag particip worker compani oper time emphasi need provid mechan perman negoti time tri get everyon involv employe citizen awar nation issu think urgent stop mediev outdat procedur resort use scab recent debat nation issu like free trade deficit new good servic tax govern tri involv citizen public consult process canadian particip econom renew attitud mind consid need feder anti scab legisl want canadian worker confid govern must abl preserv preciou attribut digniti right strike acquir year thank courag mani worker faith human digniti acquir bitter struggl great person cost fundament right challeng use scab allow happen govern undermin worker strike hire scab disput might jeopard right strike parti refus accept rule game tilt favour normal balanc power think govern wish rewrit histori contrari govern want move toward creativ technolog design modern manag method ruin good relat parti bill meant establish order strike new balanc parti respons balanc success failur bargain process hing way use say earlier strike lock out end servic agreement without employ use scab sens antiscab bill provoc coercit purpos bill prevent situat deterior strike worker break materi caus injuri frustrat said idea go war employ impos human reason condit disput creat tool make possibl strike worker calm negoti strike lock out without fear lose job scab import durat disput restrict unduli penal public worker corpor statist show disput scab use last long time long mr speaker hope hous interest bill member support second read mr c scott victoria haliburton mr speaker pleas speak today bill introduc consider hous richelieu bill detail account reflect concern deal import subject econom social ramif bill hous propos number chang labour code part industri relat object fold first seek prohibit hire person replac employe crown corpor strike lock second bill propos chang intend ensur essenti servic maintain may event strike lock crown corpor share sentiment mani member hous hold view good industri relat essenti element econom social fabric make meaning contribut econom perform preambl labour code part industri relat make refer signific good industri relat practic economi indic commit parliament support labour manag co oper effort develop good relat construct collect bargain practic deem develop good industri relat best interest ensur share fruit progress preambl code make clear econom signific industri relat larger impact extend common good canadian societi declar first paragraph preambl affirm long tradit labour legisl polici design promot common well encourag free collect bargain construct settlement disput import element bill fact propos make chang import industri relat practic sever industri labour code crown corpor must appreci spectrum industri jurisdict code broad scope cover wide rang econom industri activ rang industri cover code jurisdict encompass differ mode interprovinci intern transport includ railway airlin truck bu transport encompass telephon telegraph cabl system ship longshor broadcast bank pipelin ferri tunnel bridg primari fish crown corpor includ certain undertak declar parliament gener advantag includ grain elev uranium mine process flour feed mill privat member busi suggest want see measur appli feder jurisdict industri contrari measur propos bill present number practic difficulti requir scrutini member hous light wide rang industri code crown corpor singl special treatment feel certain signific inequ would aris applic labour relat law appli industri labour code bill adopt exampl labour relat canadian nation railway via rail fall jurisdict labour code would encompass bill c canadian pacif railway code crown corpor would cover bill consequ provis bill would accept view railway oper canadian nation essenti canadian pacif essenti canadian broadcast corpor exampl crown corpor know labour relat jurisdict labour code collect bargain cbc would affect propos includ bill limit would place collect bargain cbc would felt negoti ctv network global televis network telemetropol inc radio televis broadcast compani jurisdict code crown corpor miner work cape breton develop corpor labour code would affect bill worker similar job mine industri work denison mine rio algom mine would bargain differ collect bargain law bill adopt worker compani would treat worker similar work compani industri would submit consider member bill contain element arbitrari coverag would creat inequ applic law govern collect bargain may privat member busi among worker employe feder jurisdict labour code factor believ consid regard fact collect bargain take place industri wide basi involv union repres employe work compani import exampl come mind would canadian nation railway canadian pacif railway compani bargain joint basi past negoti union repres associ railway union although approach bargain railway industri vari round bargain next decis cn cp union bargain case likelihood taken parti interest reach collect agreement expediti manner possibl provis bill would chang framework within collect agreement negoti take place could affect condit determin expediti approach collect agreement negoti suggest want interfer option flexibl collect bargain process avail parti provis labour code would like conclud remark say appreci effort taken prepar introduc bill acknowledg seriou attent given matter remain practic difficulti requir care consider;Louis Plamondon;1990
3831850;mr speaker ask short colleagu side hous respond bill c tell mover drafter bill thought respect implement let say go labour code legisl surround right labour employ countri feder scale find great deal legisl place wonder legisl consid today duplic act exampl labour code section public servic legisl act respect honour right labour corpor call conflict seem exist employ employe workforc want compliment foresight bring hous state commenc movement bill mani reason get hous april year lotteri opportun speak oper section come moment oper section support section section claus page bill oper section section end propos chang suggest labour code remedi penalti section bill come section moment purpos legisl bill state prohibit hire employe strike replac employe strike second ensur essenti servic countri maintain cours labour disput purpos legisl refer moment talk defin essenti servic tri mischief tri correct introduct section labour code attempt make easier within labour movement within structur labour manag agreement countri put piec legisl side hous disagre refer problem caus incid last year year half post offic strike year ago post offic mail carrier decid go strike post offic start consid hire outsid peopl order fill job letter carrier strike piec mischief think bill tri correct dealt hous may decemb year coast guard went strike prohibit shipment grain caus closur st lawrenc seaway day end ship season prevent grain port thunder bay move seaway termin downriv port result ship winter rail expens st lawrenc seaway author incid mischief think prompt legisl legisl design correct respect coast guard strike bill c pass short correct situat recal work legisl put hous day coast guard gone strike return work labour law countri deal applic certif certif process design make bargain unit right collect agreement process design embodi disput resolut mechan design protect right employ employe basi right held employ grant act negoti process employe bargain unit employe contractu process embodi collect agreement collect agreement place know legisl right first contract place whole disput resolut mechan grievanc procedur arbitr final award legisl problem languag act precis get arbitr process whole cours arbitr turn word interpret section act legisl hous today imprecis word bill c would like refer imprecis oppos concept philosophi colleagu tri pursu oppos word bill suggest go legisl committe depth studi research privat member busi let draw attent item miss labour code embodi public servic staff relat act term design employe talk design employe mean employe respons provid essenti servic within labour code section code say pursuant section employe class employe bargain unit act refer design employe duti consist whole part duti perform particular time specifi period time necessari interest safeti secur public opinion someth embodi legisl know talk propos chang essenti servic section first part propos legisl tri determin essenti servic fall littl short suggest act go legisl committe studi problem interpret act refer crown corpor state occupi chair mr speaker said remark suspect pass legisl embodi chang labour code mani corpor put disadvantag know time run short let make point agenc would put disadvantag would depart govern crown corpor agenc work within govern crown corpor corpor affect labour code includ ctv cpr rail agenc would put definit disadvantag act pass therefor go legisl committe studi;Joseph R. (Joe) Comuzzi;1990
3831851;mr speaker wish offer observ bill involv mainten essenti servic prohibit hire replac worker crown corpor employe strike lock may privat member busi present bill provid governor council opinion strike crown corpor might endang public health public safeti governor council may order recommend minist requir mainten essenti servic case strike concept danger public health public safeti seen appli activ health fire polic servic crown corpor cover labour code part commerci enterpris contrast situat feder sector disput includ involv crown corpor public consider econom natur impact work stoppag feder crown corpor atom energi canadian nation railway via rail cape breton develop corpor st lawrenc seaway author would cours evid term countri region short long term econom interest labour code set framework provid mechan minim work disrupt industri nation import privat public feder undertak code includ interprovinci intern rail road pipelin transport ship longshor air transport telephon telegraph cabl servic bank broadcast feder crown corpor certain industri declar gener advantag member hous know time necessari introduc special work legisl end disput key area econom interest action taken last resort becam clear legisl effort necessari provid continu servic essenti economi return issu essenti moment would like explor implic bill propos amend labour code would ban hire replac worker strike lockout labour code prohibit use replac worker event work stoppag code provid certain protect measur employe affect labour disput worker engag legal strike action cannot replac right return employ strike prefer anyon hire replac code prohibit employ disciplin employe refus perform task engag legal work stoppag provis labour code parti provid concili mediat assist requir appropri interest disput resolut encourag bargain good faith assess bargain prioriti light rel econom strength interest featur collect bargain code privat employ crown corpor knowledg employe union negoti event strike employ may continu oper knowledg restrain effect use strike weapon fashion employ seek avoid deal disrupt effect strike fundament collect bargain parti encourag negoti compromis fact warrant fashion test econom strength use last resort union awar employ go abl maintain oper strike element compromis weaken hand employ insur minimum workforc need compromis make concess reduc effect rel power equat distort balanc approach establish code undermin final analysi root bill fact essenti servic context bill parliament face import disrupt area jurisdict parliament adopt labour code provid free collect bargain feder jurisdict industri legisl come right engag legal work stoppag strike lockout activ note provis labour code regul labour manag may ment relat feder sector place great emphasi negoti resolut labour disput right strike lockout acquir meet disput resolut requir code occas disput major econom import cannot resolv normal disput resolut procedur govern assess fact circumst decid appropri cours action process analysi compet interest parti public weigh light interest approach believ appropri scope enterpris cover labour code;Edna Anderson;1990
3831852;mr speaker appreci opportun speak bill want congratul richelieu precis bill deal number issu effect labour code concern need action long period time cannot agre previou speaker labour code establish balanc accept employ employe circumst built structur allow public corpor take advantag definit essenti servic deal bill second read give approv principl must congratul put finger item bill need review concern negoti manag labour mani circumst precis word indic basic knowledg understand effect labour code posit neg congratul richelieu bring forward main thrust bill anti labour opportun hire scab labour word allow bring strikebreak implic previou speaker place place employ want use manag keep oper go within structur present code code allow bring strikebreak certain circumst bill would privat member busi limit basic direct bill cannot argu think necessari chang labour code support peopl hous concern qualiti labour manag relat bill would balanc power group second section bill concern second section use languag give cabinet governor council work near besid case labour union recogn give power past would get bill consequ would accept might without chang word refer section section deal establish essenti servic objection establish negoti process union employ give power cabinet governor council take action section fractur structur known accept basic structur negoti process give cabinet power disallow strike point certifi union accept structur oper right strike oper union negoti process minist may say particular circumst particular union abl strike hous brought occas work passag bill put peopl work pass long bill c process work past reason back work brought discuss adequ process section give power governor council certain circumst degrad process negoti union employ concern appreci fact bring kind anti scab anti strikebreak legisl deal establish essenti servic concern dealt legisl committe allow cabinet power elimin possibl strike certain circumst may privat member busi power cabinet therefor say unaccept approach concern breadth fact limit certain circumst kind anti strikebreak legisl think across board code avail protect employe kind industri hope bill pass second read goe legisl committe look word concern power cabinet word give union employ corpor abil come committe say agre disagre certain part bring better legisl might otherwis;Stanley J. Hovdebo;1990
3831853;mr speaker rise join debat propos legisl bill c act amend labour code discuss bill target feder crown corpor fall within jurisdict code provid prohibit hire replac worker work stoppag essenti servic would maintain event work stoppag crown corpor bill contain interest propos rais question aris propos legisl seek chang current industri relat system exist part code time current procedur appear function hope member interpret introduct bill c mean present framework collect bargain part work fact figur feder jurisdict indic settlement rate case handl final stage without resort work stoppag action remain per cent addit relianc formal third parti intervent labour disput concili commiss level decreas recent year case accord assist fiscal year figur quot reflect philosophi continu commit toward promot respons respons bargain framework polici design encourag parti intim knowledg issu disput resolv differ conclud satisfactori collect agreement member appreci agreement conclud parti prefer forc upon arbitr statutori mean may moment would like briefli review provis found within part labour code part code establish framework industri relat regul conduct collect bargain feder privat sector jurisdict cover oper enterpris fall within definit feder work undertak busi includ interprovinci intern rail road pipelin transport air transport ship longshor grain handl bank broadcast certain crown corpor labour code requir concili process exhaust legal right strike lockout exercis process involv appoint concili offic may involv addit effort concili commission concili board follow termin concili acquisit right strike lockout minist may appoint mediat assist parti negoti indic remark use formal concili commission option decreas past year increas onu place parti deal issu look shift respons settlement outsid third parti understand case disput settl concili offic stage repercuss work stoppag would seriou econom consequ situat weigh decis appoint addit assist taken interest note use commission option decreas settlement rate without work stoppag feder jurisdict may remain per cent rang incid work stoppag remain stabl excel exampl renew relianc minist labour place parti deal issu disput arriv accept compromis recent contract settlement involv grain handler port thunder bay negoti transport commun intern union lodg lakehead termin elev renew collect agreement expir januari receiv assist concili offic labour month period talk broke care assess variou factor involv negoti econom impact work stoppag point time decis appoint concili commission taken parti notifi decis week resum direct negoti prove success tent settlement reach ratifi union membership situat onu direct parti deal matter disput aros negoti council marin carrier canadian merchant servic guild repres tow boat employe west coast parti assist discuss concili offic month period bargain broke minist labour face decis whether assist form concili commission provid follow thorough assess situat decid concili commission would appoint disput assist mediat labour vers issu disput provid parti tent settlement arriv mediat proceed privat member busi concern propos bill relat might term piecem approach deal legisl amend import code part labour code proven year fair equit statut deal industri relat feder jurisdict like feder legisl undergon extens review evalu propos bill c deal specif segment feder jurisdict univers crown corpor issu complex natur essenti servic would suggest chang propos bill consid part total review part labour code isol provis legisl propos amend comprehens labour relat legisl order deal certain concern specif particular segment total feder jurisdict univers deal topic replac worker point studi particular legisl extent vote;Kenneth Albert James;1990
3831854;wish inform time expir time provid consider privat member busi expir pursuant stand order order drop bottom list order preced order paper p hous stand adjourn tomorrow morn ten clock pursuant stand order;Geoffrey Douglas Scott;1990
